contrast_id,condition,pair_id,source_idx,target_idx,patch_layer,base_prediction,patched_prediction,delta_wsr_predicted,delta_activation_norm,base_source,elapsed_seconds
final_decision_continuous__minus__evaluation_continuous,main,1,368,13,19,0.3222584150282147,0.157955071400761,-0.1643033436274536,100.27535664750594,live_unpatched_same_model,1.2677731000003405
final_decision_continuous__minus__evaluation_continuous,main,2,340,186,19,0.5517011289529234,0.2374252610158044,-0.314275867937119,124.14250147738308,live_unpatched_same_model,1.2409872999996878
final_decision_continuous__minus__evaluation_continuous,main,3,135,70,19,-0.0451771379115059,0.0478996397864889,0.0930767776979949,133.86533456399275,live_unpatched_same_model,1.232450500014238
final_decision_continuous__minus__evaluation_continuous,main,4,441,256,19,-0.0309425523201656,-0.1044745012897774,-0.0735319489696118,103.68385624866028,live_unpatched_same_model,1.256947499990929
final_decision_continuous__minus__evaluation_continuous,main,5,84,407,19,0.0701096946469617,-0.0108062582975462,-0.0809159529445079,103.17152579354456,live_unpatched_same_model,1.2788579000043685
final_decision_continuous__minus__evaluation_continuous,main,6,180,181,19,-0.0706881178551478,-0.2524711658068225,-0.1817830479516746,110.38806055107938,live_unpatched_same_model,1.255910399951972
final_decision_continuous__minus__evaluation_continuous,main,7,442,166,19,-0.0374219266130395,-0.0044480042493009,0.0329739223637386,108.47418947067077,live_unpatched_same_model,1.244620200013742
final_decision_continuous__minus__evaluation_continuous,main,8,353,336,19,0.2334113362848168,0.071252259395811,-0.1621590768890057,109.08276948497311,live_unpatched_same_model,1.2510856000008062
final_decision_continuous__minus__evaluation_continuous,main,9,121,471,19,0.1553593319424777,0.000663004617526,-0.1546963273249517,136.23808812678564,live_unpatched_same_model,1.242091000021901
final_decision_continuous__minus__evaluation_continuous,main,10,145,125,19,-0.0414361952716543,-0.1348559819225864,-0.093419786650932,85.2051251574838,live_unpatched_same_model,1.255274199997075
final_decision_continuous__minus__evaluation_continuous,main,11,222,268,19,-0.0744144220976672,-0.2187608946464968,-0.1443464725488296,112.733241341623,live_unpatched_same_model,1.2409318999852983
final_decision_continuous__minus__evaluation_continuous,main,12,217,403,19,0.356841227425656,-0.1463491037469385,-0.5031903311725946,117.51799281220072,live_unpatched_same_model,1.2380022999714129
final_decision_continuous__minus__evaluation_continuous,main,13,209,443,19,-0.0405956674567725,-0.1430852841324053,-0.1024896166756328,119.69797830784464,live_unpatched_same_model,1.2375839999876916
final_decision_continuous__minus__evaluation_continuous,main,14,322,267,19,0.20774430399201,0.1581277948013197,-0.0496165091906903,140.07018286936724,live_unpatched_same_model,1.2303794999606907
final_decision_continuous__minus__evaluation_continuous,main,15,65,148,19,0.0040545803889276,0.1507398717640481,0.1466852913751205,124.16221683795428,live_unpatched_same_model,1.244350900000427
final_decision_continuous__minus__evaluation_continuous,main,1,368,13,0,0.3222584150282147,0.29285313742053465,-0.029405277607680025,16.177146981378005,live_unpatched_same_model,1.5493457000120543
final_decision_continuous__minus__evaluation_continuous,main,1,368,13,1,0.3222584150282147,0.3145800446982604,-0.007678370329954276,17.2901443390952,live_unpatched_same_model,1.244947700004559
final_decision_continuous__minus__evaluation_continuous,main,1,368,13,2,0.3222584150282147,0.35805341675831837,0.03579500173010369,17.98665209474817,live_unpatched_same_model,1.2510514999739826
final_decision_continuous__minus__evaluation_continuous,main,1,368,13,3,0.3222584150282147,0.32918959921607804,0.006931184187863371,19.786378326257886,live_unpatched_same_model,1.2490313000162132
final_decision_continuous__minus__evaluation_continuous,main,1,368,13,4,0.3222584150282147,0.3443119903913143,0.022053575363099653,24.28355021157073,live_unpatched_same_model,1.2488087000092492
final_decision_continuous__minus__evaluation_continuous,main,1,368,13,5,0.3222584150282147,0.3579807770727292,0.03572236204451451,28.755019446105123,live_unpatched_same_model,1.2827105000033043
final_decision_continuous__minus__evaluation_continuous,main,1,368,13,6,0.3222584150282147,0.3482455716046705,0.02598715657645584,29.444420825072573,live_unpatched_same_model,1.2745583999785595
final_decision_continuous__minus__evaluation_continuous,main,1,368,13,7,0.3222584150282147,0.3531882852506927,0.030929870222478006,36.93344631187382,live_unpatched_same_model,1.2487244000076316
final_decision_continuous__minus__evaluation_continuous,main,1,368,13,8,0.3222584150282147,0.3534102916232693,0.03115187659505464,36.9873892821006,live_unpatched_same_model,1.2484622999909334
final_decision_continuous__minus__evaluation_continuous,main,1,368,13,9,0.3222584150282147,0.34361748645769263,0.02135907142947796,40.77321515504011,live_unpatched_same_model,1.2485948000103235
final_decision_continuous__minus__evaluation_continuous,main,1,368,13,10,0.3222584150282147,0.3233259179055976,0.001067502877382942,42.40675073389475,live_unpatched_same_model,1.249744799977634
final_decision_continuous__minus__evaluation_continuous,main,1,368,13,11,0.3222584150282147,0.32444070563073385,0.002182290602519177,46.942039736855605,live_unpatched_same_model,1.247685200010892
final_decision_continuous__minus__evaluation_continuous,main,1,368,13,12,0.3222584150282147,0.33326494203372603,0.011006527005511357,47.12865810819138,live_unpatched_same_model,1.2461281000287272
final_decision_continuous__minus__evaluation_continuous,main,1,368,13,13,0.3222584150282147,0.30457407983109674,-0.01768433519711793,53.74504220834869,live_unpatched_same_model,1.2443009999697097
final_decision_continuous__minus__evaluation_continuous,main,1,368,13,14,0.3222584150282147,0.2919837473895668,-0.03027466763864789,56.02107370886231,live_unpatched_same_model,1.2437302999896929
final_decision_continuous__minus__evaluation_continuous,main,1,368,13,15,0.3222584150282147,0.2661477719163031,-0.05611064311191155,64.65515965346877,live_unpatched_same_model,1.2439683999982662
final_decision_continuous__minus__evaluation_continuous,main,1,368,13,16,0.3222584150282147,0.24393957305042044,-0.07831884197779423,77.43258745800871,live_unpatched_same_model,1.2431682999595068
final_decision_continuous__minus__evaluation_continuous,main,1,368,13,17,0.3222584150282147,0.23935511750754482,-0.08290329752066986,79.49029199094869,live_unpatched_same_model,1.2436050999676809
final_decision_continuous__minus__evaluation_continuous,main,1,368,13,18,0.3222584150282147,0.17463041243840327,-0.1476280025898114,94.38839123847477,live_unpatched_same_model,1.243012999999337
final_decision_continuous__minus__evaluation_continuous,main,1,368,13,20,0.3222584150282147,0.11543206760079541,-0.20682634742741926,108.37117348695014,live_unpatched_same_model,1.2454338000388816
final_decision_continuous__minus__evaluation_continuous,main,1,368,13,21,0.3222584150282147,0.09387289598986397,-0.2283855190383507,128.36267115684822,live_unpatched_same_model,1.2447968000196852
final_decision_continuous__minus__evaluation_continuous,main,1,368,13,22,0.3222584150282147,0.09059473883124808,-0.2316636761969666,143.57509924634877,live_unpatched_same_model,1.2458997999783605
final_decision_continuous__minus__evaluation_continuous,main,1,368,13,23,0.3222584150282147,0.04429367914339434,-0.27796473588482035,155.07077975860742,live_unpatched_same_model,1.2499757999903522
final_decision_continuous__minus__evaluation_continuous,main,1,368,13,24,0.3222584150282147,0.04056782179528489,-0.2816905932329298,170.8005227965671,live_unpatched_same_model,1.253042500000447
final_decision_continuous__minus__evaluation_continuous,main,1,368,13,25,0.3222584150282147,0.22855871097789535,-0.09369970405031933,63.242750883634535,live_unpatched_same_model,1.246564400033094
final_decision_continuous__minus__evaluation_continuous,main,2,340,186,0,0.5517011289529234,0.48190833198594973,-0.06979279696697371,30.520381107446507,live_unpatched_same_model,1.2513123999815434
final_decision_continuous__minus__evaluation_continuous,main,2,340,186,1,0.5517011289529234,0.44312441758718424,-0.10857671136573921,32.02612122357113,live_unpatched_same_model,1.2336297999718226
final_decision_continuous__minus__evaluation_continuous,main,2,340,186,2,0.5517011289529234,0.4138729232456885,-0.13782820570723497,33.45201173129964,live_unpatched_same_model,1.2302654999657534
final_decision_continuous__minus__evaluation_continuous,main,2,340,186,3,0.5517011289529234,0.3715073190274778,-0.18019380992544565,37.03177451761567,live_unpatched_same_model,1.2297982999589294
final_decision_continuous__minus__evaluation_continuous,main,2,340,186,4,0.5517011289529234,0.3291707618544838,-0.22253036709843965,43.82739231994048,live_unpatched_same_model,1.2317150000017136
final_decision_continuous__minus__evaluation_continuous,main,2,340,186,5,0.5517011289529234,0.389111334883811,-0.16258979406911245,47.769827488369145,live_unpatched_same_model,1.2306243000202812
final_decision_continuous__minus__evaluation_continuous,main,2,340,186,6,0.5517011289529234,0.4301453563707565,-0.12155577258216693,48.33368264214177,live_unpatched_same_model,1.2298808000050485
final_decision_continuous__minus__evaluation_continuous,main,2,340,186,7,0.5517011289529234,0.42938681293139624,-0.1223143160215272,51.480704057296286,live_unpatched_same_model,1.2328478999552317
final_decision_continuous__minus__evaluation_continuous,main,2,340,186,8,0.5517011289529234,0.4009471414026503,-0.15075398755027314,52.37124009891735,live_unpatched_same_model,1.2309283000067808
final_decision_continuous__minus__evaluation_continuous,main,2,340,186,9,0.5517011289529234,0.389630121166211,-0.16207100778671246,55.920150480745704,live_unpatched_same_model,1.2307398000266403
final_decision_continuous__minus__evaluation_continuous,main,2,340,186,10,0.5517011289529234,0.42793324485666195,-0.1237678840962615,57.66865367180684,live_unpatched_same_model,1.2315424000262283
final_decision_continuous__minus__evaluation_continuous,main,2,340,186,11,0.5517011289529234,0.3898287416140498,-0.16187238733887366,61.314244267757736,live_unpatched_same_model,1.231232899997849
final_decision_continuous__minus__evaluation_continuous,main,2,340,186,12,0.5517011289529234,0.37057735583494167,-0.18112377311798178,60.74111716076689,live_unpatched_same_model,1.23014089994831
final_decision_continuous__minus__evaluation_continuous,main,2,340,186,13,0.5517011289529234,0.38149873231575615,-0.1702023966371673,67.64541535014905,live_unpatched_same_model,1.231789099983871
final_decision_continuous__minus__evaluation_continuous,main,2,340,186,14,0.5517011289529234,0.347232283876171,-0.20446884507675245,72.1465807856808,live_unpatched_same_model,1.2330733999842778
final_decision_continuous__minus__evaluation_continuous,main,2,340,186,15,0.5517011289529234,0.3423324098148826,-0.20936871913804084,82.5130156210191,live_unpatched_same_model,1.2302475999458693
final_decision_continuous__minus__evaluation_continuous,main,2,340,186,16,0.5517011289529234,0.3094276312699845,-0.24227349768293893,91.22155420908437,live_unpatched_same_model,1.2304537000018172
final_decision_continuous__minus__evaluation_continuous,main,2,340,186,17,0.5517011289529234,0.299527606402758,-0.25217352255016545,100.86013301994177,live_unpatched_same_model,1.2318583999876864
final_decision_continuous__minus__evaluation_continuous,main,2,340,186,18,0.5517011289529234,0.24026329028381518,-0.31143783866910824,110.47015154008825,live_unpatched_same_model,1.23530539998319
final_decision_continuous__minus__evaluation_continuous,main,2,340,186,20,0.5517011289529234,0.1245396665286771,-0.42716146242424635,135.84329272285967,live_unpatched_same_model,1.23343769996427
final_decision_continuous__minus__evaluation_continuous,main,2,340,186,21,0.5517011289529234,0.07514109442532967,-0.47656003452759377,156.7172635677118,live_unpatched_same_model,1.237633700016886
final_decision_continuous__minus__evaluation_continuous,main,2,340,186,22,0.5517011289529234,0.032514145696750284,-0.5191869832561732,169.1301236945215,live_unpatched_same_model,1.2365248000132851
final_decision_continuous__minus__evaluation_continuous,main,2,340,186,23,0.5517011289529234,0.056732197843904195,-0.49496893110901924,182.02404432558106,live_unpatched_same_model,1.2497992999851704
final_decision_continuous__minus__evaluation_continuous,main,2,340,186,24,0.5517011289529234,-0.06465652857109745,-0.6163576575240209,208.3962438867428,live_unpatched_same_model,1.2486311999964528
final_decision_continuous__minus__evaluation_continuous,main,2,340,186,25,0.5517011289529234,0.3871124120343823,-0.16458871691854116,102.24941825663315,live_unpatched_same_model,1.2388378999894485
final_decision_continuous__minus__evaluation_continuous,main,3,135,70,0,-0.0451771379115059,0.00047669025005546325,0.04565382816156136,25.137764462337277,live_unpatched_same_model,1.271879000007175
final_decision_continuous__minus__evaluation_continuous,main,3,135,70,1,-0.0451771379115059,0.013964551896896464,0.05914168980840236,26.79693194201675,live_unpatched_same_model,1.2368982999469154
final_decision_continuous__minus__evaluation_continuous,main,3,135,70,2,-0.0451771379115059,0.008818267921935059,0.05399540583344096,27.385249045379165,live_unpatched_same_model,1.2547870999551378
final_decision_continuous__minus__evaluation_continuous,main,3,135,70,3,-0.0451771379115059,0.0010212415766200067,0.046198379488125906,29.25199638492225,live_unpatched_same_model,1.2619367000297643
final_decision_continuous__minus__evaluation_continuous,main,3,135,70,4,-0.0451771379115059,-0.039409480401658675,0.005767657509847222,34.29570462343907,live_unpatched_same_model,1.237485799996648
final_decision_continuous__minus__evaluation_continuous,main,3,135,70,5,-0.0451771379115059,-0.04980538604439341,-0.004628248132887515,38.785120453504774,live_unpatched_same_model,1.2312430000165477
final_decision_continuous__minus__evaluation_continuous,main,3,135,70,6,-0.0451771379115059,-0.007992762983166571,0.03718437492833933,40.19602842455678,live_unpatched_same_model,1.2314379999879748
final_decision_continuous__minus__evaluation_continuous,main,3,135,70,7,-0.0451771379115059,0.007096264206308578,0.05227340211781448,45.129288091953285,live_unpatched_same_model,1.2318492999766022
final_decision_continuous__minus__evaluation_continuous,main,3,135,70,8,-0.0451771379115059,0.054189333131131626,0.09936647104263752,46.808932850897804,live_unpatched_same_model,1.2307183999801055
final_decision_continuous__minus__evaluation_continuous,main,3,135,70,9,-0.0451771379115059,0.05372155224439415,0.09889869015590005,53.20243553167166,live_unpatched_same_model,1.231710500025656
final_decision_continuous__minus__evaluation_continuous,main,3,135,70,10,-0.0451771379115059,0.05332285833208968,0.09849999624359558,55.58411258470834,live_unpatched_same_model,1.2310902000172064
final_decision_continuous__minus__evaluation_continuous,main,3,135,70,11,-0.0451771379115059,0.06753443573487639,0.11271157364638229,61.358254870164714,live_unpatched_same_model,1.2309629999799654
final_decision_continuous__minus__evaluation_continuous,main,3,135,70,12,-0.0451771379115059,0.04069811839370733,0.08587525630521323,61.14127235710111,live_unpatched_same_model,1.2342333000269718
final_decision_continuous__minus__evaluation_continuous,main,3,135,70,13,-0.0451771379115059,0.02989697221904431,0.07507411013055021,72.74873458980753,live_unpatched_same_model,1.2318750999984331
final_decision_continuous__minus__evaluation_continuous,main,3,135,70,14,-0.0451771379115059,0.07544075211018923,0.12061789002169512,74.81014126228564,live_unpatched_same_model,1.2305227000033483
final_decision_continuous__minus__evaluation_continuous,main,3,135,70,15,-0.0451771379115059,0.03901408031518955,0.08419121822669545,86.31837241619829,live_unpatched_same_model,1.2322398999822326
final_decision_continuous__minus__evaluation_continuous,main,3,135,70,16,-0.0451771379115059,-0.01807526312299319,0.027101874788512708,98.86628640118074,live_unpatched_same_model,1.2323119000066072
final_decision_continuous__minus__evaluation_continuous,main,3,135,70,17,-0.0451771379115059,-0.05287487353345232,-0.007697735621946422,106.04457144100333,live_unpatched_same_model,1.2315138000412844
final_decision_continuous__minus__evaluation_continuous,main,3,135,70,18,-0.0451771379115059,0.003634339206815233,0.04881147711832113,122.81877739166838,live_unpatched_same_model,1.232332799991127
final_decision_continuous__minus__evaluation_continuous,main,3,135,70,20,-0.0451771379115059,0.10610981505035572,0.15128695296186162,144.54469502676466,live_unpatched_same_model,1.2309257999877445
final_decision_continuous__minus__evaluation_continuous,main,3,135,70,21,-0.0451771379115059,0.2258083466462932,0.2709854845577991,170.34806198996858,live_unpatched_same_model,1.2331449000048451
final_decision_continuous__minus__evaluation_continuous,main,3,135,70,22,-0.0451771379115059,0.28486347156864844,0.33004060948015435,186.0813155007088,live_unpatched_same_model,1.2305927000124939
final_decision_continuous__minus__evaluation_continuous,main,3,135,70,23,-0.0451771379115059,0.3312956338360113,0.3764727717475172,200.07427647427872,live_unpatched_same_model,1.2311603999696672
final_decision_continuous__minus__evaluation_continuous,main,3,135,70,24,-0.0451771379115059,0.34895682190504773,0.39413395981655364,219.76059441970227,live_unpatched_same_model,1.2316684999968857
final_decision_continuous__minus__evaluation_continuous,main,3,135,70,25,-0.0451771379115059,0.05730814636463344,0.10248528427613934,77.94994795866997,live_unpatched_same_model,1.2328279999783263
final_decision_continuous__minus__evaluation_continuous,main,4,441,256,0,-0.0309425523201656,-0.03571866276653017,-0.00477611044636457,15.757078729433122,live_unpatched_same_model,1.2448020000010729
final_decision_continuous__minus__evaluation_continuous,main,4,441,256,1,-0.0309425523201656,-0.04301002939891199,-0.012067477078746391,19.75021223931646,live_unpatched_same_model,1.2455614000209607
final_decision_continuous__minus__evaluation_continuous,main,4,441,256,2,-0.0309425523201656,-0.050140000200093196,-0.019197447879927595,19.5658650746595,live_unpatched_same_model,1.2461906000389718
final_decision_continuous__minus__evaluation_continuous,main,4,441,256,3,-0.0309425523201656,-0.04309983956580479,-0.012157287245639192,20.870420596750904,live_unpatched_same_model,1.2465372000006028
final_decision_continuous__minus__evaluation_continuous,main,4,441,256,4,-0.0309425523201656,-0.0544616333169019,-0.023519080996736302,22.740211161583485,live_unpatched_same_model,1.2442537999595515
final_decision_continuous__minus__evaluation_continuous,main,4,441,256,5,-0.0309425523201656,-0.04705426365042176,-0.016111711330256157,26.45948643735369,live_unpatched_same_model,1.2454399999696761
final_decision_continuous__minus__evaluation_continuous,main,4,441,256,6,-0.0309425523201656,-0.040040687014226216,-0.009098134694060615,27.066600043554594,live_unpatched_same_model,1.2469996999716386
final_decision_continuous__minus__evaluation_continuous,main,4,441,256,7,-0.0309425523201656,-0.043048088250057015,-0.012105535929891414,35.060207755572684,live_unpatched_same_model,1.2462181999580935
final_decision_continuous__minus__evaluation_continuous,main,4,441,256,8,-0.0309425523201656,-0.048927297284017165,-0.017984744963851565,37.04731048012483,live_unpatched_same_model,1.2434359000180848
final_decision_continuous__minus__evaluation_continuous,main,4,441,256,9,-0.0309425523201656,-0.07059073491192294,-0.03964818259175734,39.61033558936058,live_unpatched_same_model,1.2449502000235952
final_decision_continuous__minus__evaluation_continuous,main,4,441,256,10,-0.0309425523201656,-0.07895979740585983,-0.04801724508569423,41.288093826042655,live_unpatched_same_model,1.2439534000004642
final_decision_continuous__minus__evaluation_continuous,main,4,441,256,11,-0.0309425523201656,-0.10537927699406063,-0.07443672467389503,45.54605576016033,live_unpatched_same_model,1.2439161999500357
final_decision_continuous__minus__evaluation_continuous,main,4,441,256,12,-0.0309425523201656,-0.10077150566271216,-0.06982895334254656,46.169550403254014,live_unpatched_same_model,1.2448969999677502
final_decision_continuous__minus__evaluation_continuous,main,4,441,256,13,-0.0309425523201656,-0.11278315751940055,-0.08184060519923494,53.77974444292399,live_unpatched_same_model,1.2447432999615557
final_decision_continuous__minus__evaluation_continuous,main,4,441,256,14,-0.0309425523201656,-0.10494069000414216,-0.07399813768397656,54.5494851766899,live_unpatched_same_model,1.2440110000316054
final_decision_continuous__minus__evaluation_continuous,main,4,441,256,15,-0.0309425523201656,-0.09595784631871138,-0.06501529399854578,65.80558557686746,live_unpatched_same_model,1.2460304999840446
final_decision_continuous__minus__evaluation_continuous,main,4,441,256,16,-0.0309425523201656,-0.09352032844207858,-0.06257777612191298,77.88929482123989,live_unpatched_same_model,1.2444221999612637
final_decision_continuous__minus__evaluation_continuous,main,4,441,256,17,-0.0309425523201656,-0.08897219898202527,-0.05802964666185967,80.20474551030364,live_unpatched_same_model,1.2444969000061974
final_decision_continuous__minus__evaluation_continuous,main,4,441,256,18,-0.0309425523201656,-0.10596061616147646,-0.07501806384131086,94.04415776490961,live_unpatched_same_model,1.2454283999977633
final_decision_continuous__minus__evaluation_continuous,main,4,441,256,20,-0.0309425523201656,-0.0724136433376942,-0.041471091017528605,120.39261917162176,live_unpatched_same_model,1.2457932999823242
final_decision_continuous__minus__evaluation_continuous,main,4,441,256,21,-0.0309425523201656,-0.04590042947617792,-0.014957877156012322,142.71138119706575,live_unpatched_same_model,1.244390600011684
final_decision_continuous__minus__evaluation_continuous,main,4,441,256,22,-0.0309425523201656,-0.017990366858880308,0.012952185461285293,162.35346308017228,live_unpatched_same_model,1.2436382999876514
final_decision_continuous__minus__evaluation_continuous,main,4,441,256,23,-0.0309425523201656,-0.08941550498441223,-0.058472952664246625,178.46060650430712,live_unpatched_same_model,1.2440786000224762
final_decision_continuous__minus__evaluation_continuous,main,4,441,256,24,-0.0309425523201656,-0.08233245007802814,-0.05138989775786254,195.4707697704248,live_unpatched_same_model,1.2532276999554597
final_decision_continuous__minus__evaluation_continuous,main,4,441,256,25,-0.0309425523201656,-0.041134469429073596,-0.010191917108907995,68.76592697787126,live_unpatched_same_model,1.257387200021185
final_decision_continuous__minus__evaluation_continuous,main,5,84,407,0,0.0701096946469617,0.0621679590148838,-0.00794173563207791,19.316548374129802,live_unpatched_same_model,1.242180900007952
final_decision_continuous__minus__evaluation_continuous,main,5,84,407,1,0.0701096946469617,0.06653377912454483,-0.0035759155224168726,20.410471340848005,live_unpatched_same_model,1.2378347999765538
final_decision_continuous__minus__evaluation_continuous,main,5,84,407,2,0.0701096946469617,0.07366139160450469,0.0035516969575429824,20.897381095461753,live_unpatched_same_model,1.2501846999512054
final_decision_continuous__minus__evaluation_continuous,main,5,84,407,3,0.0701096946469617,0.08520013399602439,0.015090439349062679,22.34154311009612,live_unpatched_same_model,1.2374259000062011
final_decision_continuous__minus__evaluation_continuous,main,5,84,407,4,0.0701096946469617,0.1086639174961737,0.03855422284921199,26.501752926254614,live_unpatched_same_model,1.260913799982518
final_decision_continuous__minus__evaluation_continuous,main,5,84,407,5,0.0701096946469617,0.12547679060568193,0.05536709595872022,30.197160698796008,live_unpatched_same_model,1.2633319000015035
final_decision_continuous__minus__evaluation_continuous,main,5,84,407,6,0.0701096946469617,0.12713393107870574,0.057024236431744035,30.74185477900513,live_unpatched_same_model,1.2548707000096329
final_decision_continuous__minus__evaluation_continuous,main,5,84,407,7,0.0701096946469617,0.09790690550771924,0.027797210860757537,36.150135979821414,live_unpatched_same_model,1.2553306999616325
final_decision_continuous__minus__evaluation_continuous,main,5,84,407,8,0.0701096946469617,0.07170426354088247,0.0015945688939207614,38.266836929515,live_unpatched_same_model,1.2471761000342667
final_decision_continuous__minus__evaluation_continuous,main,5,84,407,9,0.0701096946469617,0.06573860784133867,-0.004371086805623037,42.85152053148499,live_unpatched_same_model,1.2559999000513926
final_decision_continuous__minus__evaluation_continuous,main,5,84,407,10,0.0701096946469617,0.053423898073805307,-0.0166857965731564,43.688944353337064,live_unpatched_same_model,1.2551967999897897
final_decision_continuous__minus__evaluation_continuous,main,5,84,407,11,0.0701096946469617,0.05673451680266724,-0.01337517784429447,51.07210163672889,live_unpatched_same_model,1.241730700014159
final_decision_continuous__minus__evaluation_continuous,main,5,84,407,12,0.0701096946469617,0.0349723202561167,-0.03513737439084501,49.46168912427009,live_unpatched_same_model,1.2408491999958642
final_decision_continuous__minus__evaluation_continuous,main,5,84,407,13,0.0701096946469617,0.022873506607105104,-0.0472361880398566,56.42218836261911,live_unpatched_same_model,1.2422341000055894
final_decision_continuous__minus__evaluation_continuous,main,5,84,407,14,0.0701096946469617,0.0017300640294320632,-0.06837963061752965,59.083287699910755,live_unpatched_same_model,1.2418364000041038
final_decision_continuous__minus__evaluation_continuous,main,5,84,407,15,0.0701096946469617,0.02673024361258869,-0.04337945103437302,67.7753817713759,live_unpatched_same_model,1.2436186000122689
final_decision_continuous__minus__evaluation_continuous,main,5,84,407,16,0.0701096946469617,0.03413861651974118,-0.03597107812722053,78.15267315798647,live_unpatched_same_model,1.241473699978087
final_decision_continuous__minus__evaluation_continuous,main,5,84,407,17,0.0701096946469617,0.029669348229454433,-0.040440346417507274,80.86200104504512,live_unpatched_same_model,1.2402044999762438
final_decision_continuous__minus__evaluation_continuous,main,5,84,407,18,0.0701096946469617,0.02531125872983072,-0.04479843591713099,93.33128286393115,live_unpatched_same_model,1.2422573000076227
final_decision_continuous__minus__evaluation_continuous,main,5,84,407,20,0.0701096946469617,-0.04538476619981706,-0.11549446084677877,114.97491081173307,live_unpatched_same_model,1.2450669999816455
final_decision_continuous__minus__evaluation_continuous,main,5,84,407,21,0.0701096946469617,-0.0063070083937158275,-0.07641670304067753,136.6877828929861,live_unpatched_same_model,1.2414983000489883
final_decision_continuous__minus__evaluation_continuous,main,5,84,407,22,0.0701096946469617,-0.002037149213614556,-0.07214684386057627,150.8513331668095,live_unpatched_same_model,1.2416117999819107
final_decision_continuous__minus__evaluation_continuous,main,5,84,407,23,0.0701096946469617,-0.00817830920081587,-0.07828800384777758,166.8283289609743,live_unpatched_same_model,1.2410017000511289
final_decision_continuous__minus__evaluation_continuous,main,5,84,407,24,0.0701096946469617,-0.02730269392769804,-0.09741238857465975,187.629246043716,live_unpatched_same_model,1.2403193999780342
final_decision_continuous__minus__evaluation_continuous,main,5,84,407,25,0.0701096946469617,0.03342793290459932,-0.03668176174236239,67.32680147270668,live_unpatched_same_model,1.240650000050664
final_decision_continuous__minus__evaluation_continuous,main,6,180,181,0,-0.0706881178551478,-0.10948939683040185,-0.03880127897525405,21.825514453148024,live_unpatched_same_model,1.2343529000063427
final_decision_continuous__minus__evaluation_continuous,main,6,180,181,1,-0.0706881178551478,-0.12095736246939626,-0.05026924461424846,23.38382570782424,live_unpatched_same_model,1.2358159000286832
final_decision_continuous__minus__evaluation_continuous,main,6,180,181,2,-0.0706881178551478,-0.12192921953852018,-0.051241101683372384,23.512714790223466,live_unpatched_same_model,1.239519399998244
final_decision_continuous__minus__evaluation_continuous,main,6,180,181,3,-0.0706881178551478,-0.12642147936100087,-0.05573336150585308,24.52909965453027,live_unpatched_same_model,1.2723535999539308
final_decision_continuous__minus__evaluation_continuous,main,6,180,181,4,-0.0706881178551478,-0.13406280145012742,-0.06337468359497962,28.08594321973382,live_unpatched_same_model,1.2632669999729842
final_decision_continuous__minus__evaluation_continuous,main,6,180,181,5,-0.0706881178551478,-0.1515310422911935,-0.0808429244360457,31.526695968431525,live_unpatched_same_model,1.260446000029333
final_decision_continuous__minus__evaluation_continuous,main,6,180,181,6,-0.0706881178551478,-0.07804704470427148,-0.00735892684912369,33.1269356092039,live_unpatched_same_model,1.268891799962148
final_decision_continuous__minus__evaluation_continuous,main,6,180,181,7,-0.0706881178551478,-0.06676132938167631,0.003926788473471485,39.868064695401216,live_unpatched_same_model,1.274392399995122
final_decision_continuous__minus__evaluation_continuous,main,6,180,181,8,-0.0706881178551478,-0.06012586520055221,0.010562252654595587,40.697340670526025,live_unpatched_same_model,1.2464634000207298
final_decision_continuous__minus__evaluation_continuous,main,6,180,181,9,-0.0706881178551478,-0.07950047778611002,-0.00881235993096223,43.73094336914783,live_unpatched_same_model,1.2496518000261858
final_decision_continuous__minus__evaluation_continuous,main,6,180,181,10,-0.0706881178551478,-0.09898235666738486,-0.02829423881223707,46.49498498019788,live_unpatched_same_model,1.2459950000047684
final_decision_continuous__minus__evaluation_continuous,main,6,180,181,11,-0.0706881178551478,-0.11513629383389921,-0.04444817597875142,51.40079522689915,live_unpatched_same_model,1.2462357000331394
final_decision_continuous__minus__evaluation_continuous,main,6,180,181,12,-0.0706881178551478,-0.09470764280243307,-0.02401952494728528,51.00853827555602,live_unpatched_same_model,1.2385246999911033
final_decision_continuous__minus__evaluation_continuous,main,6,180,181,13,-0.0706881178551478,-0.1177311037349454,-0.047042985879797605,59.39130638332705,live_unpatched_same_model,1.2385726000065915
final_decision_continuous__minus__evaluation_continuous,main,6,180,181,14,-0.0706881178551478,-0.13242011710937576,-0.06173199925422797,61.983508918358694,live_unpatched_same_model,1.2416893999907188
final_decision_continuous__minus__evaluation_continuous,main,6,180,181,15,-0.0706881178551478,-0.13102474982128273,-0.06033663196613494,72.26400808474892,live_unpatched_same_model,1.237316600047052
final_decision_continuous__minus__evaluation_continuous,main,6,180,181,16,-0.0706881178551478,-0.10291537131391616,-0.03222725345876837,83.68955203602083,live_unpatched_same_model,1.2358595000114292
final_decision_continuous__minus__evaluation_continuous,main,6,180,181,17,-0.0706881178551478,-0.16317491143523763,-0.09248679358008983,86.28438139945399,live_unpatched_same_model,1.2362818999681622
final_decision_continuous__minus__evaluation_continuous,main,6,180,181,18,-0.0706881178551478,-0.25169852804485904,-0.18101041018971126,101.60395684495006,live_unpatched_same_model,1.2367734999861568
final_decision_continuous__minus__evaluation_continuous,main,6,180,181,20,-0.0706881178551478,-0.21274588803679648,-0.14205777018164867,120.83751649604595,live_unpatched_same_model,1.2456472999765538
final_decision_continuous__minus__evaluation_continuous,main,6,180,181,21,-0.0706881178551478,-0.1280829096815125,-0.05739479182636471,145.3613536949786,live_unpatched_same_model,1.2381116000469774
final_decision_continuous__minus__evaluation_continuous,main,6,180,181,22,-0.0706881178551478,-0.046931138183932394,0.0237569796712154,161.5855781723905,live_unpatched_same_model,1.2394112999900244
final_decision_continuous__minus__evaluation_continuous,main,6,180,181,23,-0.0706881178551478,-0.035772300211674456,0.03491581764347334,175.8907520052293,live_unpatched_same_model,1.2466323000262491
final_decision_continuous__minus__evaluation_continuous,main,6,180,181,24,-0.0706881178551478,-0.014508091077803384,0.05618002677734441,190.06709977829414,live_unpatched_same_model,1.2560793000156991
final_decision_continuous__minus__evaluation_continuous,main,6,180,181,25,-0.0706881178551478,-0.04665732361749676,0.024030794237651032,64.91786427468362,live_unpatched_same_model,1.2446659000124782
final_decision_continuous__minus__evaluation_continuous,main,7,442,166,0,-0.0374219266130395,-0.001962054487529675,0.03545987212550983,19.768414752872072,live_unpatched_same_model,1.249766900029499
final_decision_continuous__minus__evaluation_continuous,main,7,442,166,1,-0.0374219266130395,0.011055079961160114,0.048477006574199615,21.05829591473427,live_unpatched_same_model,1.2772840000106953
final_decision_continuous__minus__evaluation_continuous,main,7,442,166,2,-0.0374219266130395,0.02082154116497159,0.05824346777801109,20.474138564271435,live_unpatched_same_model,1.251561499957461
final_decision_continuous__minus__evaluation_continuous,main,7,442,166,3,-0.0374219266130395,0.03078510782855536,0.06820703444159486,21.666929752020394,live_unpatched_same_model,1.2474865000112914
final_decision_continuous__minus__evaluation_continuous,main,7,442,166,4,-0.0374219266130395,0.03446594290676519,0.07188786951980469,24.82773352119308,live_unpatched_same_model,1.2520702999900095
final_decision_continuous__minus__evaluation_continuous,main,7,442,166,5,-0.0374219266130395,0.029724379278808527,0.06714630589184803,28.07381164677326,live_unpatched_same_model,1.2493428000016138
final_decision_continuous__minus__evaluation_continuous,main,7,442,166,6,-0.0374219266130395,0.02308273552108435,0.06050466213412385,27.191326743170656,live_unpatched_same_model,1.2600294999429025
final_decision_continuous__minus__evaluation_continuous,main,7,442,166,7,-0.0374219266130395,0.02291401617256724,0.06033594278560674,34.39818401690201,live_unpatched_same_model,1.2512845000019297
final_decision_continuous__minus__evaluation_continuous,main,7,442,166,8,-0.0374219266130395,0.021866922099251805,0.05928884871229131,37.630845967898736,live_unpatched_same_model,1.2521957000135444
final_decision_continuous__minus__evaluation_continuous,main,7,442,166,9,-0.0374219266130395,0.04270804172053244,0.08012996833357194,40.26770206442628,live_unpatched_same_model,1.2496490000048652
final_decision_continuous__minus__evaluation_continuous,main,7,442,166,10,-0.0374219266130395,0.03508205984469938,0.07250398645773888,42.75347436368812,live_unpatched_same_model,1.2473404000047594
final_decision_continuous__minus__evaluation_continuous,main,7,442,166,11,-0.0374219266130395,0.04086176254248111,0.07828368915552061,50.85616724291626,live_unpatched_same_model,1.254525399999693
final_decision_continuous__minus__evaluation_continuous,main,7,442,166,12,-0.0374219266130395,0.02699238298860298,0.06441430960164249,50.85239032125824,live_unpatched_same_model,1.2476154000032693
final_decision_continuous__minus__evaluation_continuous,main,7,442,166,13,-0.0374219266130395,-0.015609768828330069,0.021812157784709435,58.51584451368836,live_unpatched_same_model,1.26242630003253
final_decision_continuous__minus__evaluation_continuous,main,7,442,166,14,-0.0374219266130395,0.00431008793909519,0.04173201455213469,61.42922023253865,live_unpatched_same_model,1.2473055999726057
final_decision_continuous__minus__evaluation_continuous,main,7,442,166,15,-0.0374219266130395,0.01704152972561116,0.05446345633865066,70.75531006849306,live_unpatched_same_model,1.2502322999644093
final_decision_continuous__minus__evaluation_continuous,main,7,442,166,16,-0.0374219266130395,0.006679248601626108,0.04410117521466561,84.40619707021814,live_unpatched_same_model,1.2556121000088751
final_decision_continuous__minus__evaluation_continuous,main,7,442,166,17,-0.0374219266130395,0.026001814771481082,0.06342374138452059,84.86589736980874,live_unpatched_same_model,1.2468916000216268
final_decision_continuous__minus__evaluation_continuous,main,7,442,166,18,-0.0374219266130395,0.006466649740065353,0.043888576353104856,97.64708192454037,live_unpatched_same_model,1.2592857000418007
final_decision_continuous__minus__evaluation_continuous,main,7,442,166,20,-0.0374219266130395,0.006546228292290657,0.04396815490533016,119.83551498730608,live_unpatched_same_model,1.2473761000437662
final_decision_continuous__minus__evaluation_continuous,main,7,442,166,21,-0.0374219266130395,0.005540875987579299,0.0429628026006188,143.6387727173512,live_unpatched_same_model,1.2564913000096567
final_decision_continuous__minus__evaluation_continuous,main,7,442,166,22,-0.0374219266130395,-0.008991018042612821,0.028430908570426683,160.47542094301437,live_unpatched_same_model,1.2628947999910451
final_decision_continuous__minus__evaluation_continuous,main,7,442,166,23,-0.0374219266130395,-0.006507846429851516,0.030914080183187986,178.82285725352955,live_unpatched_same_model,1.2492632999783382
final_decision_continuous__minus__evaluation_continuous,main,7,442,166,24,-0.0374219266130395,-0.03341502514994886,0.0040069014630906424,210.46816358556745,live_unpatched_same_model,1.251132199948188
final_decision_continuous__minus__evaluation_continuous,main,7,442,166,25,-0.0374219266130395,-0.03869880092877627,-0.0012768743157367674,88.05596840185984,live_unpatched_same_model,1.2829331000102684
final_decision_continuous__minus__evaluation_continuous,main,8,353,336,0,0.2334113362848168,0.14658266113834437,-0.08682867514647244,16.415917932973645,live_unpatched_same_model,1.3010261000017636
final_decision_continuous__minus__evaluation_continuous,main,8,353,336,1,0.2334113362848168,0.2040328487295027,-0.02937848755531411,17.93833230908452,live_unpatched_same_model,1.2521306999842636
final_decision_continuous__minus__evaluation_continuous,main,8,353,336,2,0.2334113362848168,0.21316043186335404,-0.020250904421462768,18.543955977330594,live_unpatched_same_model,1.263626599975396
final_decision_continuous__minus__evaluation_continuous,main,8,353,336,3,0.2334113362848168,0.23758431924945433,0.004172982964637528,19.34736162467984,live_unpatched_same_model,1.2492544000269845
final_decision_continuous__minus__evaluation_continuous,main,8,353,336,4,0.2334113362848168,0.23588694074985025,0.0024756044650334486,22.714501167889853,live_unpatched_same_model,1.2518974999547936
final_decision_continuous__minus__evaluation_continuous,main,8,353,336,5,0.2334113362848168,0.21221335376079123,-0.021197982524025577,25.72978087418025,live_unpatched_same_model,1.2741345000104047
final_decision_continuous__minus__evaluation_continuous,main,8,353,336,6,0.2334113362848168,0.05329541395708785,-0.18011592232772894,26.176999185099135,live_unpatched_same_model,1.2513228999450803
final_decision_continuous__minus__evaluation_continuous,main,8,353,336,7,0.2334113362848168,0.04731799880711576,-0.18609333747770104,35.1113845211509,live_unpatched_same_model,1.2594501999556087
final_decision_continuous__minus__evaluation_continuous,main,8,353,336,8,0.2334113362848168,0.09007034390889689,-0.1433409923759199,36.82895714554569,live_unpatched_same_model,1.2676115999929607
final_decision_continuous__minus__evaluation_continuous,main,8,353,336,9,0.2334113362848168,0.08476290974693111,-0.14864842653788568,42.16241924853832,live_unpatched_same_model,1.2520470999879763
final_decision_continuous__minus__evaluation_continuous,main,8,353,336,10,0.2334113362848168,0.08365524295215646,-0.14975609333266035,44.6602362626493,live_unpatched_same_model,1.25367460004054
final_decision_continuous__minus__evaluation_continuous,main,8,353,336,11,0.2334113362848168,0.09686428945360584,-0.13654704683121097,50.626855640763985,live_unpatched_same_model,1.2785940999747254
final_decision_continuous__minus__evaluation_continuous,main,8,353,336,12,0.2334113362848168,0.06990438066468739,-0.1635069556201294,50.14401807243976,live_unpatched_same_model,1.2500814000377432
final_decision_continuous__minus__evaluation_continuous,main,8,353,336,13,0.2334113362848168,0.08850317032971186,-0.14490816595510495,62.304824213143924,live_unpatched_same_model,1.2519473999855109
final_decision_continuous__minus__evaluation_continuous,main,8,353,336,14,0.2334113362848168,0.08499726950028773,-0.14841406678452906,60.235770311920525,live_unpatched_same_model,1.2561561000184156
final_decision_continuous__minus__evaluation_continuous,main,8,353,336,15,0.2334113362848168,0.08366597301897753,-0.14974536326583926,67.86391660769058,live_unpatched_same_model,1.2531889000092633
final_decision_continuous__minus__evaluation_continuous,main,8,353,336,16,0.2334113362848168,0.049147883503989694,-0.18426345278082712,80.42552720158481,live_unpatched_same_model,1.2522193000186235
final_decision_continuous__minus__evaluation_continuous,main,8,353,336,17,0.2334113362848168,0.049074243986788016,-0.1843370922980288,83.11020141556372,live_unpatched_same_model,1.2656164999934845
final_decision_continuous__minus__evaluation_continuous,main,8,353,336,18,0.2334113362848168,0.06473441745819358,-0.16867691882662322,93.85988784020248,live_unpatched_same_model,1.2526579000405036
final_decision_continuous__minus__evaluation_continuous,main,8,353,336,20,0.2334113362848168,0.08674653577526079,-0.14666480050955602,120.59528705235688,live_unpatched_same_model,1.2665468000341207
final_decision_continuous__minus__evaluation_continuous,main,8,353,336,21,0.2334113362848168,0.05046204532167746,-0.18294929096313933,142.463974042492,live_unpatched_same_model,1.269479800015688
final_decision_continuous__minus__evaluation_continuous,main,8,353,336,22,0.2334113362848168,0.04311921650403532,-0.19029211978078148,161.00247719678194,live_unpatched_same_model,1.2500195000320673
final_decision_continuous__minus__evaluation_continuous,main,8,353,336,23,0.2334113362848168,0.026507629333473004,-0.2069037069513438,177.21382765272293,live_unpatched_same_model,1.255609399988316
final_decision_continuous__minus__evaluation_continuous,main,8,353,336,24,0.2334113362848168,-0.013119488110775348,-0.24653082439559215,195.96408798346732,live_unpatched_same_model,1.2558615999878384
final_decision_continuous__minus__evaluation_continuous,main,8,353,336,25,0.2334113362848168,0.16649995788390692,-0.06691137840090988,71.2189157536954,live_unpatched_same_model,1.2579650999978185
final_decision_continuous__minus__evaluation_continuous,main,9,121,471,0,0.1553593319424777,0.14991288348108378,-0.005446448461393916,26.13182615974547,live_unpatched_same_model,1.237813499988988
final_decision_continuous__minus__evaluation_continuous,main,9,121,471,1,0.1553593319424777,0.1611466879656224,0.005787356023144702,26.93953216997085,live_unpatched_same_model,1.2456636999850161
final_decision_continuous__minus__evaluation_continuous,main,9,121,471,2,0.1553593319424777,0.12416593974802043,-0.03119339219445727,29.10006229348549,live_unpatched_same_model,1.2373194000101648
final_decision_continuous__minus__evaluation_continuous,main,9,121,471,3,0.1553593319424777,0.17939494223473548,0.024035610292257786,31.233897895144846,live_unpatched_same_model,1.235655200027395
final_decision_continuous__minus__evaluation_continuous,main,9,121,471,4,0.1553593319424777,0.16490779645689024,0.009548464514412547,37.02835957789349,live_unpatched_same_model,1.2383979000151157
final_decision_continuous__minus__evaluation_continuous,main,9,121,471,5,0.1553593319424777,0.16356552578286784,0.008206193840390147,41.31988388657019,live_unpatched_same_model,1.238992300000973
final_decision_continuous__minus__evaluation_continuous,main,9,121,471,6,0.1553593319424777,0.19587995428418403,0.040520622341706336,42.372196029094596,live_unpatched_same_model,1.234618299989961
final_decision_continuous__minus__evaluation_continuous,main,9,121,471,7,0.1553593319424777,0.18950149671564054,0.03414216477316284,51.62330738027147,live_unpatched_same_model,1.236636899993755
final_decision_continuous__minus__evaluation_continuous,main,9,121,471,8,0.1553593319424777,0.17782199336705307,0.02246266142457537,51.04892867999682,live_unpatched_same_model,1.2460998999886215
final_decision_continuous__minus__evaluation_continuous,main,9,121,471,9,0.1553593319424777,0.1722850232993918,0.016925691356914102,56.928159750952474,live_unpatched_same_model,1.2342335999710485
final_decision_continuous__minus__evaluation_continuous,main,9,121,471,10,0.1553593319424777,0.15961722045994287,0.004257888517465169,58.969646693890525,live_unpatched_same_model,1.2372505000093952
final_decision_continuous__minus__evaluation_continuous,main,9,121,471,11,0.1553593319424777,0.14340347813933413,-0.011955853803143568,65.42363785794385,live_unpatched_same_model,1.237841899972409
final_decision_continuous__minus__evaluation_continuous,main,9,121,471,12,0.1553593319424777,0.12697542965925437,-0.028383902283223322,65.38667826912805,live_unpatched_same_model,1.2396261999965645
final_decision_continuous__minus__evaluation_continuous,main,9,121,471,13,0.1553593319424777,0.06817055022982652,-0.08718878171265118,74.86973218426624,live_unpatched_same_model,1.2388984999852255
final_decision_continuous__minus__evaluation_continuous,main,9,121,471,14,0.1553593319424777,0.06332739719521491,-0.09203193474726279,76.72145189090122,live_unpatched_same_model,1.2383979000151157
final_decision_continuous__minus__evaluation_continuous,main,9,121,471,15,0.1553593319424777,0.0692941371445947,-0.086065194797883,91.99703882946312,live_unpatched_same_model,1.2428684000042267
final_decision_continuous__minus__evaluation_continuous,main,9,121,471,16,0.1553593319424777,0.07782502341082584,-0.07753430853165186,105.03477128690045,live_unpatched_same_model,1.236802399973385
final_decision_continuous__minus__evaluation_continuous,main,9,121,471,17,0.1553593319424777,0.04005608326406965,-0.11530324867840805,111.98434749438442,live_unpatched_same_model,1.2372992999735288
final_decision_continuous__minus__evaluation_continuous,main,9,121,471,18,0.1553593319424777,0.03346850462281132,-0.12189082731966638,125.44853646120737,live_unpatched_same_model,1.2360116000054404
final_decision_continuous__minus__evaluation_continuous,main,9,121,471,20,0.1553593319424777,-0.01266287813975782,-0.16802221008223553,146.65778165553746,live_unpatched_same_model,1.2354761999449693
final_decision_continuous__minus__evaluation_continuous,main,9,121,471,21,0.1553593319424777,-0.0251994264709689,-0.1805587584134466,169.25759175763378,live_unpatched_same_model,1.2444673999561928
final_decision_continuous__minus__evaluation_continuous,main,9,121,471,22,0.1553593319424777,-0.027225830978130736,-0.18258516292060845,185.5953166403895,live_unpatched_same_model,1.239618799998425
final_decision_continuous__minus__evaluation_continuous,main,9,121,471,23,0.1553593319424777,0.04046845135833632,-0.11489088058414137,197.27460679658847,live_unpatched_same_model,1.2393042999901809
final_decision_continuous__minus__evaluation_continuous,main,9,121,471,24,0.1553593319424777,0.02446931517596563,-0.13089001676651207,219.5704153690078,live_unpatched_same_model,1.2391957999789156
final_decision_continuous__minus__evaluation_continuous,main,9,121,471,25,0.1553593319424777,0.11362432856847186,-0.04173500337400583,78.92075287337741,live_unpatched_same_model,1.2792901000357233
final_decision_continuous__minus__evaluation_continuous,main,10,145,125,0,-0.0414361952716543,-0.049946081051655856,-0.008509885780001558,13.422085376242968,live_unpatched_same_model,1.3165941999759525
final_decision_continuous__minus__evaluation_continuous,main,10,145,125,1,-0.0414361952716543,-0.05379029605473587,-0.012354100783081572,14.683378970842602,live_unpatched_same_model,1.2631484000012279
final_decision_continuous__minus__evaluation_continuous,main,10,145,125,2,-0.0414361952716543,-0.07711287282066047,-0.03567667754900617,15.128139137335898,live_unpatched_same_model,1.2584128999733366
final_decision_continuous__minus__evaluation_continuous,main,10,145,125,3,-0.0414361952716543,-0.08646786308469198,-0.04503166781303768,15.868855435833106,live_unpatched_same_model,1.258843399991747
final_decision_continuous__minus__evaluation_continuous,main,10,145,125,4,-0.0414361952716543,-0.07291194061468112,-0.03147574534302682,18.598012047191798,live_unpatched_same_model,1.2590014999732375
final_decision_continuous__minus__evaluation_continuous,main,10,145,125,5,-0.0414361952716543,-0.08547796072125347,-0.04404176544959917,21.378862571027078,live_unpatched_same_model,1.260553800035268
final_decision_continuous__minus__evaluation_continuous,main,10,145,125,6,-0.0414361952716543,-0.027118275376626064,0.014317919895028234,21.373824589006063,live_unpatched_same_model,1.2670543999993242
final_decision_continuous__minus__evaluation_continuous,main,10,145,125,7,-0.0414361952716543,-0.04120802607855901,0.00022816919309529005,28.1915248118491,live_unpatched_same_model,1.2595204999670386
final_decision_continuous__minus__evaluation_continuous,main,10,145,125,8,-0.0414361952716543,-0.04836204770479674,-0.006925852433142442,29.339563697692302,live_unpatched_same_model,1.2583798000123352
final_decision_continuous__minus__evaluation_continuous,main,10,145,125,9,-0.0414361952716543,-0.04047547651180756,0.0009607187598467404,30.92970749460123,live_unpatched_same_model,1.2557420000084676
final_decision_continuous__minus__evaluation_continuous,main,10,145,125,10,-0.0414361952716543,-0.035267695081466474,0.006168500190187824,32.75421615547377,live_unpatched_same_model,1.2573497000266798
final_decision_continuous__minus__evaluation_continuous,main,10,145,125,11,-0.0414361952716543,-0.03893971971363604,0.0024964755580182615,36.80904772922857,live_unpatched_same_model,1.2571884000208229
final_decision_continuous__minus__evaluation_continuous,main,10,145,125,12,-0.0414361952716543,-0.03333124631105072,0.008104948960603577,35.49070533290431,live_unpatched_same_model,1.25834489997942
final_decision_continuous__minus__evaluation_continuous,main,10,145,125,13,-0.0414361952716543,-0.01174024800652622,0.02969594726512808,43.20875431834055,live_unpatched_same_model,1.2585075000533834
final_decision_continuous__minus__evaluation_continuous,main,10,145,125,14,-0.0414361952716543,-0.03347280166056996,0.007963393611084335,45.02585397654607,live_unpatched_same_model,1.257637699949555
final_decision_continuous__minus__evaluation_continuous,main,10,145,125,15,-0.0414361952716543,-0.04433575807290903,-0.0028995628012547306,52.43061925798559,live_unpatched_same_model,1.2570998999872245
final_decision_continuous__minus__evaluation_continuous,main,10,145,125,16,-0.0414361952716543,-0.03609149603835103,0.005344699233303267,63.66048981970099,live_unpatched_same_model,1.2559717000112869
final_decision_continuous__minus__evaluation_continuous,main,10,145,125,17,-0.0414361952716543,-0.04748894149896851,-0.006052746227314214,65.5477844958808,live_unpatched_same_model,1.2578083000262268
final_decision_continuous__minus__evaluation_continuous,main,10,145,125,18,-0.0414361952716543,-0.09331722650990004,-0.051881031238245744,75.02267948262046,live_unpatched_same_model,1.2621214000391774
final_decision_continuous__minus__evaluation_continuous,main,10,145,125,20,-0.0414361952716543,-0.15952087594331216,-0.11808468067165787,94.14581861148721,live_unpatched_same_model,1.256254599953536
final_decision_continuous__minus__evaluation_continuous,main,10,145,125,21,-0.0414361952716543,-0.1544788386626016,-0.1130426433909473,112.38980137717869,live_unpatched_same_model,1.260014700004831
final_decision_continuous__minus__evaluation_continuous,main,10,145,125,22,-0.0414361952716543,-0.11338806891322142,-0.07195187364156713,128.78379306773707,live_unpatched_same_model,1.25897610001266
final_decision_continuous__minus__evaluation_continuous,main,10,145,125,23,-0.0414361952716543,-0.056921555063938464,-0.015485359792284166,144.86230640618842,live_unpatched_same_model,1.2568956000031903
final_decision_continuous__minus__evaluation_continuous,main,10,145,125,24,-0.0414361952716543,-0.04846972735911681,-0.0070335320874625115,161.58181368092224,live_unpatched_same_model,1.2569431999581866
final_decision_continuous__minus__evaluation_continuous,main,10,145,125,25,-0.0414361952716543,-0.04402921675419274,-0.0025930214825384407,58.3193743431976,live_unpatched_same_model,1.261168800003361
final_decision_continuous__minus__evaluation_continuous,main,11,222,268,0,-0.0744144220976672,-0.05084022944777957,0.02357419264988763,20.816298781412257,live_unpatched_same_model,1.2426078999997117
final_decision_continuous__minus__evaluation_continuous,main,11,222,268,1,-0.0744144220976672,-0.0614169275007322,0.012997494596935,22.010895254138255,live_unpatched_same_model,1.2412696999963373
final_decision_continuous__minus__evaluation_continuous,main,11,222,268,2,-0.0744144220976672,-0.043237164468705645,0.031177257628961556,22.70596449518866,live_unpatched_same_model,1.2411303000408225
final_decision_continuous__minus__evaluation_continuous,main,11,222,268,3,-0.0744144220976672,-0.01598442386461349,0.05842999823305371,23.007110689788885,live_unpatched_same_model,1.2422288000234403
final_decision_continuous__minus__evaluation_continuous,main,11,222,268,4,-0.0744144220976672,-0.008138293498118303,0.0662761285995489,28.23586441798009,live_unpatched_same_model,1.2424265000154264
final_decision_continuous__minus__evaluation_continuous,main,11,222,268,5,-0.0744144220976672,-0.04296071624804304,0.03145370584962416,31.744002467777847,live_unpatched_same_model,1.2408674000180326
final_decision_continuous__minus__evaluation_continuous,main,11,222,268,6,-0.0744144220976672,-0.039084337956318396,0.035330084141348805,31.922885870420775,live_unpatched_same_model,1.24060499999905
final_decision_continuous__minus__evaluation_continuous,main,11,222,268,7,-0.0744144220976672,-0.07355895036733884,0.0008554717303283638,39.31622053113464,live_unpatched_same_model,1.2416121999849565
final_decision_continuous__minus__evaluation_continuous,main,11,222,268,8,-0.0744144220976672,-0.09796477515180413,-0.023550353054136927,40.55976359435489,live_unpatched_same_model,1.2422277000150643
final_decision_continuous__minus__evaluation_continuous,main,11,222,268,9,-0.0744144220976672,-0.1229386102822499,-0.04852418818458269,45.5098064447501,live_unpatched_same_model,1.2427911999984644
final_decision_continuous__minus__evaluation_continuous,main,11,222,268,10,-0.0744144220976672,-0.13129800192154675,-0.05688357982387955,47.83618128082557,live_unpatched_same_model,1.2418603000114672
final_decision_continuous__minus__evaluation_continuous,main,11,222,268,11,-0.0744144220976672,-0.15965474740278046,-0.08524032530511326,55.784026322812466,live_unpatched_same_model,1.2457511000102386
final_decision_continuous__minus__evaluation_continuous,main,11,222,268,12,-0.0744144220976672,-0.1989699535776685,-0.1245555314800013,53.25617536545593,live_unpatched_same_model,1.2411177000030875
final_decision_continuous__minus__evaluation_continuous,main,11,222,268,13,-0.0744144220976672,-0.21478119691980338,-0.14036677482213616,62.49380185874458,live_unpatched_same_model,1.2404526000027545
final_decision_continuous__minus__evaluation_continuous,main,11,222,268,14,-0.0744144220976672,-0.22957710280112895,-0.15516268070346173,65.1438133493813,live_unpatched_same_model,1.2408885000040755
final_decision_continuous__minus__evaluation_continuous,main,11,222,268,15,-0.0744144220976672,-0.23372874196761176,-0.15931431986994454,75.2592562239161,live_unpatched_same_model,1.2418513000011444
final_decision_continuous__minus__evaluation_continuous,main,11,222,268,16,-0.0744144220976672,-0.2566658225753412,-0.18225140047767402,86.38811352220362,live_unpatched_same_model,1.2399497000151314
final_decision_continuous__minus__evaluation_continuous,main,11,222,268,17,-0.0744144220976672,-0.2568682110017778,-0.18245378890411063,91.7525751331503,live_unpatched_same_model,1.2447654000134207
final_decision_continuous__minus__evaluation_continuous,main,11,222,268,18,-0.0744144220976672,-0.29992281953901706,-0.22550839744134987,104.25154829783969,live_unpatched_same_model,1.2456348000559956
final_decision_continuous__minus__evaluation_continuous,main,11,222,268,20,-0.0744144220976672,-0.2175187594744952,-0.14310433737682798,120.8885595730597,live_unpatched_same_model,1.2407881999970414
final_decision_continuous__minus__evaluation_continuous,main,11,222,268,21,-0.0744144220976672,-0.2121223176371517,-0.13770789553948448,141.95869677513184,live_unpatched_same_model,1.2411438999697566
final_decision_continuous__minus__evaluation_continuous,main,11,222,268,22,-0.0744144220976672,-0.1803113676792718,-0.1058969455816046,156.40721879493515,live_unpatched_same_model,1.2405415999819525
final_decision_continuous__minus__evaluation_continuous,main,11,222,268,23,-0.0744144220976672,-0.16530837465309162,-0.09089395255542441,169.09535034085027,live_unpatched_same_model,1.239918100007344
final_decision_continuous__minus__evaluation_continuous,main,11,222,268,24,-0.0744144220976672,-0.11878032396270141,-0.04436590186503421,186.14284463345948,live_unpatched_same_model,1.2416602000012062
final_decision_continuous__minus__evaluation_continuous,main,11,222,268,25,-0.0744144220976672,-0.07664640552600853,-0.0022319834283413276,71.04248152572278,live_unpatched_same_model,1.2433128000120632
final_decision_continuous__minus__evaluation_continuous,main,12,217,403,0,0.356841227425656,0.3587977568742235,0.001956529448567501,20.518568626814197,live_unpatched_same_model,1.2407317999750376
final_decision_continuous__minus__evaluation_continuous,main,12,217,403,1,0.356841227425656,0.33096633870250114,-0.025874888723154854,21.3940099235598,live_unpatched_same_model,1.2403157000080682
final_decision_continuous__minus__evaluation_continuous,main,12,217,403,2,0.356841227425656,0.31858815042783994,-0.03825307699781605,22.336522589763405,live_unpatched_same_model,1.242553299991414
final_decision_continuous__minus__evaluation_continuous,main,12,217,403,3,0.356841227425656,0.31133388893449493,-0.045507338491161065,24.114279133092612,live_unpatched_same_model,1.240593100024853
final_decision_continuous__minus__evaluation_continuous,main,12,217,403,4,0.356841227425656,0.2945143466731205,-0.06232688075253551,29.159976977342147,live_unpatched_same_model,1.2405798999825493
final_decision_continuous__minus__evaluation_continuous,main,12,217,403,5,0.356841227425656,0.22771715511448495,-0.12912407231117104,33.34307174688421,live_unpatched_same_model,1.2409086999832653
final_decision_continuous__minus__evaluation_continuous,main,12,217,403,6,0.356841227425656,0.22744004450538916,-0.12940118292026684,34.552900277026076,live_unpatched_same_model,1.2403127999859862
final_decision_continuous__minus__evaluation_continuous,main,12,217,403,7,0.356841227425656,0.22046993613504565,-0.13637129129061035,42.268969749034696,live_unpatched_same_model,1.2408960000029765
final_decision_continuous__minus__evaluation_continuous,main,12,217,403,8,0.356841227425656,0.17692531039591045,-0.17991591702974555,42.82904556647683,live_unpatched_same_model,1.245410300034564
final_decision_continuous__minus__evaluation_continuous,main,12,217,403,9,0.356841227425656,0.1631052037383978,-0.1937360236872582,46.66707492754382,live_unpatched_same_model,1.2426174000138417
final_decision_continuous__minus__evaluation_continuous,main,12,217,403,10,0.356841227425656,0.13423624411463958,-0.2226049833110164,48.78656298736239,live_unpatched_same_model,1.2416867999709211
final_decision_continuous__minus__evaluation_continuous,main,12,217,403,11,0.356841227425656,0.07701447233097028,-0.2798267550946857,54.31342757511987,live_unpatched_same_model,1.2438264000229537
final_decision_continuous__minus__evaluation_continuous,main,12,217,403,12,0.356841227425656,0.03549896588476896,-0.321342261540887,54.22006651015321,live_unpatched_same_model,1.2426218000473455
final_decision_continuous__minus__evaluation_continuous,main,12,217,403,13,0.356841227425656,-0.030519465103922665,-0.38736069252957867,64.2783902678104,live_unpatched_same_model,1.243779300013557
final_decision_continuous__minus__evaluation_continuous,main,12,217,403,14,0.356841227425656,-0.04259891503710858,-0.3994401424627646,66.4905432927042,live_unpatched_same_model,1.2501634999644011
final_decision_continuous__minus__evaluation_continuous,main,12,217,403,15,0.356841227425656,-0.0669282099857346,-0.4237694374113906,77.4139395935682,live_unpatched_same_model,1.2446736000129022
final_decision_continuous__minus__evaluation_continuous,main,12,217,403,16,0.356841227425656,-0.1520740527571634,-0.5089152801828194,88.80186409278319,live_unpatched_same_model,1.2409498000051826
final_decision_continuous__minus__evaluation_continuous,main,12,217,403,17,0.356841227425656,-0.11152724150515454,-0.4683684689308105,94.49157659853087,live_unpatched_same_model,1.240449599979911
final_decision_continuous__minus__evaluation_continuous,main,12,217,403,18,0.356841227425656,-0.10789347301191354,-0.46473470043756954,106.52684875077766,live_unpatched_same_model,1.2388127999729477
final_decision_continuous__minus__evaluation_continuous,main,12,217,403,20,0.356841227425656,-0.18154314148895803,-0.538384368914614,127.65761829181515,live_unpatched_same_model,1.2403396999579854
final_decision_continuous__minus__evaluation_continuous,main,12,217,403,21,0.356841227425656,-0.16979316054598742,-0.5266343879716434,148.81178064154608,live_unpatched_same_model,1.2432187999947928
final_decision_continuous__minus__evaluation_continuous,main,12,217,403,22,0.356841227425656,-0.14853620357651856,-0.5053774310021746,168.3500653851402,live_unpatched_same_model,1.24020699999528
final_decision_continuous__minus__evaluation_continuous,main,12,217,403,23,0.356841227425656,-0.11316989679027548,-0.4700111242159315,178.5714630720622,live_unpatched_same_model,1.2398739000200294
final_decision_continuous__minus__evaluation_continuous,main,12,217,403,24,0.356841227425656,-0.09676580617331187,-0.45360703359896787,201.46273668818267,live_unpatched_same_model,1.2397316000424325
final_decision_continuous__minus__evaluation_continuous,main,12,217,403,25,0.356841227425656,0.2386827412140974,-0.11815848621155858,80.97275225594821,live_unpatched_same_model,1.2409395999857225
final_decision_continuous__minus__evaluation_continuous,main,13,209,443,0,-0.0405956674567725,-0.0786008852750455,-0.038005217818273,19.570806110141422,live_unpatched_same_model,1.2407622000318952
final_decision_continuous__minus__evaluation_continuous,main,13,209,443,1,-0.0405956674567725,-0.07666953871081762,-0.036073871254045126,22.035145208042103,live_unpatched_same_model,1.239660399965942
final_decision_continuous__minus__evaluation_continuous,main,13,209,443,2,-0.0405956674567725,-0.06746013431457293,-0.02686446685780043,23.96283179184301,live_unpatched_same_model,1.2405029000365175
final_decision_continuous__minus__evaluation_continuous,main,13,209,443,3,-0.0405956674567725,-0.06268430425335911,-0.02208863679658661,26.573984107522012,live_unpatched_same_model,1.2385054000187665
final_decision_continuous__minus__evaluation_continuous,main,13,209,443,4,-0.0405956674567725,-0.07665923523737755,-0.03606356778060506,32.61328395966701,live_unpatched_same_model,1.2378696000087075
final_decision_continuous__minus__evaluation_continuous,main,13,209,443,5,-0.0405956674567725,-0.07066508210036959,-0.030069414643597095,36.73382675153979,live_unpatched_same_model,1.238845299987588
final_decision_continuous__minus__evaluation_continuous,main,13,209,443,6,-0.0405956674567725,-0.008279387862787443,0.03231627959398505,37.42348370468653,live_unpatched_same_model,1.2394487000419758
final_decision_continuous__minus__evaluation_continuous,main,13,209,443,7,-0.0405956674567725,0.0018500399944374908,0.042445707451209985,46.0608099107513,live_unpatched_same_model,1.2412270000204444
final_decision_continuous__minus__evaluation_continuous,main,13,209,443,8,-0.0405956674567725,-0.014252955287014894,0.0263427121697576,47.74352826839077,live_unpatched_same_model,1.2475624000071548
final_decision_continuous__minus__evaluation_continuous,main,13,209,443,9,-0.0405956674567725,0.006171923928218225,0.046767591384990724,50.72194477479454,live_unpatched_same_model,1.2402045999770053
final_decision_continuous__minus__evaluation_continuous,main,13,209,443,10,-0.0405956674567725,-0.023539692425106208,0.01705597503166629,55.74221182340279,live_unpatched_same_model,1.2395064000156708
final_decision_continuous__minus__evaluation_continuous,main,13,209,443,11,-0.0405956674567725,-0.04655689811516635,-0.005961230658393851,60.864815078847194,live_unpatched_same_model,1.2387772999936715
final_decision_continuous__minus__evaluation_continuous,main,13,209,443,12,-0.0405956674567725,-0.038300148045892435,0.002295519410880062,61.699708070747256,live_unpatched_same_model,1.2385568000026979
final_decision_continuous__minus__evaluation_continuous,main,13,209,443,13,-0.0405956674567725,-0.04968766094676026,-0.009091993489987765,71.84811231913176,live_unpatched_same_model,1.2391982999979518
final_decision_continuous__minus__evaluation_continuous,main,13,209,443,14,-0.0405956674567725,-0.07854037290989654,-0.03794470545312405,71.96534039011237,live_unpatched_same_model,1.237247200042475
final_decision_continuous__minus__evaluation_continuous,main,13,209,443,15,-0.0405956674567725,-0.08281180429090126,-0.04221613683412877,82.17593334827583,live_unpatched_same_model,1.2394837000174448
final_decision_continuous__minus__evaluation_continuous,main,13,209,443,16,-0.0405956674567725,-0.1476955885694433,-0.10709992111267079,93.63546528947496,live_unpatched_same_model,1.2375651000184007
final_decision_continuous__minus__evaluation_continuous,main,13,209,443,17,-0.0405956674567725,-0.15784881680772223,-0.11725314935094973,100.86311572485428,live_unpatched_same_model,1.237941600033082
final_decision_continuous__minus__evaluation_continuous,main,13,209,443,18,-0.0405956674567725,-0.11147805449079817,-0.07088238703402568,111.4674093029758,live_unpatched_same_model,1.2393520000041462
final_decision_continuous__minus__evaluation_continuous,main,13,209,443,20,-0.0405956674567725,-0.1577559306808112,-0.1171602632240387,128.54753051335385,live_unpatched_same_model,1.2387932000565343
final_decision_continuous__minus__evaluation_continuous,main,13,209,443,21,-0.0405956674567725,-0.17326360616342748,-0.132667938706655,150.04210841742508,live_unpatched_same_model,1.2387844999902882
final_decision_continuous__minus__evaluation_continuous,main,13,209,443,22,-0.0405956674567725,-0.10945141012258233,-0.06885574266580984,165.48586687656064,live_unpatched_same_model,1.242620499979239
final_decision_continuous__minus__evaluation_continuous,main,13,209,443,23,-0.0405956674567725,-0.06811649803400208,-0.02752083057722958,179.45382153353628,live_unpatched_same_model,1.2390137999900617
final_decision_continuous__minus__evaluation_continuous,main,13,209,443,24,-0.0405956674567725,-0.0831418133569336,-0.042546145900161106,203.27332812968797,live_unpatched_same_model,1.239617499988526
final_decision_continuous__minus__evaluation_continuous,main,13,209,443,25,-0.0405956674567725,-0.05973287163375551,-0.019137204176983016,91.62668612119036,live_unpatched_same_model,1.238197600003332
final_decision_continuous__minus__evaluation_continuous,main,14,322,267,0,0.20774430399201,0.17453612384386316,-0.03320818014814683,32.588716001254134,live_unpatched_same_model,1.232386999996379
final_decision_continuous__minus__evaluation_continuous,main,14,322,267,1,0.20774430399201,0.14485563543599767,-0.06288866855601233,33.94692185381107,live_unpatched_same_model,1.2322416999959387
final_decision_continuous__minus__evaluation_continuous,main,14,322,267,2,0.20774430399201,0.08295483696380589,-0.1247894670282041,35.83559284170715,live_unpatched_same_model,1.2320509999990463
final_decision_continuous__minus__evaluation_continuous,main,14,322,267,3,0.20774430399201,0.1303256304900057,-0.07741867350200429,38.89592143583404,live_unpatched_same_model,1.2319815000519156
final_decision_continuous__minus__evaluation_continuous,main,14,322,267,4,0.20774430399201,0.23220298911239726,0.024458685120387264,44.34147374036393,live_unpatched_same_model,1.234212400042452
final_decision_continuous__minus__evaluation_continuous,main,14,322,267,5,0.20774430399201,0.26405322114605656,0.05630891715404657,47.9619911564331,live_unpatched_same_model,1.2326979000354186
final_decision_continuous__minus__evaluation_continuous,main,14,322,267,6,0.20774430399201,0.2500407218599878,0.04229641786797783,51.42297998836712,live_unpatched_same_model,1.2330310000106692
final_decision_continuous__minus__evaluation_continuous,main,14,322,267,7,0.20774430399201,0.23646879787610015,0.028724493884090152,55.36039497858094,live_unpatched_same_model,1.232317200046964
final_decision_continuous__minus__evaluation_continuous,main,14,322,267,8,0.20774430399201,0.223816075447904,0.016071771455894,57.732717782314865,live_unpatched_same_model,1.231884100008756
final_decision_continuous__minus__evaluation_continuous,main,14,322,267,9,0.20774430399201,0.20517348660149645,-0.002570817390513541,62.5142922104123,live_unpatched_same_model,1.2324311999836937
final_decision_continuous__minus__evaluation_continuous,main,14,322,267,10,0.20774430399201,0.23787963718502775,0.030135333193017755,63.32106171251423,live_unpatched_same_model,1.2342024000245146
final_decision_continuous__minus__evaluation_continuous,main,14,322,267,11,0.20774430399201,0.20569007656171504,-0.002054227430294958,67.17617558221552,live_unpatched_same_model,1.2338002000469714
final_decision_continuous__minus__evaluation_continuous,main,14,322,267,12,0.20774430399201,0.18104343761277508,-0.02670086637923491,68.35411459278656,live_unpatched_same_model,1.2330660999868996
final_decision_continuous__minus__evaluation_continuous,main,14,322,267,13,0.20774430399201,0.17017412832863402,-0.037570175663375976,75.99706873593428,live_unpatched_same_model,1.2363436000305228
final_decision_continuous__minus__evaluation_continuous,main,14,322,267,14,0.20774430399201,0.1498775026624421,-0.057866801329567896,79.1184612919129,live_unpatched_same_model,1.2321600999566726
final_decision_continuous__minus__evaluation_continuous,main,14,322,267,15,0.20774430399201,0.15616379558730728,-0.05158050840470271,92.92505178187788,live_unpatched_same_model,1.2346465000300668
final_decision_continuous__minus__evaluation_continuous,main,14,322,267,16,0.20774430399201,0.14084709136538762,-0.06689721262662238,102.18862631549524,live_unpatched_same_model,1.232917700021062
final_decision_continuous__minus__evaluation_continuous,main,14,322,267,17,0.20774430399201,0.12117979460291915,-0.08656450938909084,113.9078795422703,live_unpatched_same_model,1.232610700011719
final_decision_continuous__minus__evaluation_continuous,main,14,322,267,18,0.20774430399201,0.19296748143251807,-0.01477682255949192,128.29423539951884,live_unpatched_same_model,1.2323317999835126
final_decision_continuous__minus__evaluation_continuous,main,14,322,267,20,0.20774430399201,0.19253387833282481,-0.015210425659185178,155.81582154133105,live_unpatched_same_model,1.2325297000352293
final_decision_continuous__minus__evaluation_continuous,main,14,322,267,21,0.20774430399201,0.03626041248408092,-0.1714838915079291,179.89715948122327,live_unpatched_same_model,1.2338303999858908
final_decision_continuous__minus__evaluation_continuous,main,14,322,267,22,0.20774430399201,-0.0763214084420479,-0.28406571243405787,195.4960421094755,live_unpatched_same_model,1.2321703999768943
final_decision_continuous__minus__evaluation_continuous,main,14,322,267,23,0.20774430399201,-0.07970198710630597,-0.287446291098316,212.78277879404948,live_unpatched_same_model,1.2345449000131339
final_decision_continuous__minus__evaluation_continuous,main,14,322,267,24,0.20774430399201,-0.11336248303701818,-0.3211067870290282,241.58071751760002,live_unpatched_same_model,1.232282800017856
final_decision_continuous__minus__evaluation_continuous,main,14,322,267,25,0.20774430399201,0.1233935365581082,-0.0843507674339018,110.60786381737788,live_unpatched_same_model,1.235164200013969
final_decision_continuous__minus__evaluation_continuous,main,15,65,148,0,0.0040545803889276,-0.04125064559304867,-0.04530522598197627,19.59332258055345,live_unpatched_same_model,1.2426965000340715
final_decision_continuous__minus__evaluation_continuous,main,15,65,148,1,0.0040545803889276,-0.0314782287567156,-0.0355328091456432,21.30951805297832,live_unpatched_same_model,1.2445397000410594
final_decision_continuous__minus__evaluation_continuous,main,15,65,148,2,0.0040545803889276,-0.04027479631926255,-0.04432937670819015,22.027933386611615,live_unpatched_same_model,1.2412576000206172
final_decision_continuous__minus__evaluation_continuous,main,15,65,148,3,0.0040545803889276,-0.05580465560574872,-0.05985923599467632,24.34746723076499,live_unpatched_same_model,1.2416841000085697
final_decision_continuous__minus__evaluation_continuous,main,15,65,148,4,0.0040545803889276,-0.06968756079262717,-0.07374214118155477,28.350573024813496,live_unpatched_same_model,1.244042799982708
final_decision_continuous__minus__evaluation_continuous,main,15,65,148,5,0.0040545803889276,-0.053919766193986696,-0.057974346582914296,32.990162031203,live_unpatched_same_model,1.2449605999863707
final_decision_continuous__minus__evaluation_continuous,main,15,65,148,6,0.0040545803889276,-0.030465547054519173,-0.03452012744344677,33.27358058158507,live_unpatched_same_model,1.2419513000058942
final_decision_continuous__minus__evaluation_continuous,main,15,65,148,7,0.0040545803889276,-0.005950470647504217,-0.010005051036431817,41.08357450544104,live_unpatched_same_model,1.2482651000027545
final_decision_continuous__minus__evaluation_continuous,main,15,65,148,8,0.0040545803889276,-0.01507074009241032,-0.01912532048133792,42.26804356436413,live_unpatched_same_model,1.2427628000150435
final_decision_continuous__minus__evaluation_continuous,main,15,65,148,9,0.0040545803889276,0.03139769486841448,0.027343114479486882,48.02093845571904,live_unpatched_same_model,1.242070899985265
final_decision_continuous__minus__evaluation_continuous,main,15,65,148,10,0.0040545803889276,0.018128854249659657,0.014074273860732057,49.812277174603146,live_unpatched_same_model,1.2426836999948137
final_decision_continuous__minus__evaluation_continuous,main,15,65,148,11,0.0040545803889276,0.05523836316727084,0.05118378277834324,56.783491274711466,live_unpatched_same_model,1.24313690001145
final_decision_continuous__minus__evaluation_continuous,main,15,65,148,12,0.0040545803889276,0.046637771322597346,0.042583190933669746,55.95473716730384,live_unpatched_same_model,1.2424868999514729
final_decision_continuous__minus__evaluation_continuous,main,15,65,148,13,0.0040545803889276,0.0881412360615268,0.0840866556725992,67.98918789904866,live_unpatched_same_model,1.2434511000174098
final_decision_continuous__minus__evaluation_continuous,main,15,65,148,14,0.0040545803889276,0.08936156012261079,0.08530697973368319,69.31130017333425,live_unpatched_same_model,1.2435868000029586
final_decision_continuous__minus__evaluation_continuous,main,15,65,148,15,0.0040545803889276,0.07644788909680793,0.07239330870788033,83.65057043683763,live_unpatched_same_model,1.2420281000086106
final_decision_continuous__minus__evaluation_continuous,main,15,65,148,16,0.0040545803889276,0.09370050177560267,0.08964592138667507,96.69030271067638,live_unpatched_same_model,1.2451502999756485
final_decision_continuous__minus__evaluation_continuous,main,15,65,148,17,0.0040545803889276,0.11531676850315302,0.11126218811422542,100.50132510600162,live_unpatched_same_model,1.2476087000104599
final_decision_continuous__minus__evaluation_continuous,main,15,65,148,18,0.0040545803889276,0.1725076385894346,0.16845305820050702,112.59563767035567,live_unpatched_same_model,1.2444762000232004
final_decision_continuous__minus__evaluation_continuous,main,15,65,148,20,0.0040545803889276,0.19633167076099092,0.19227709037206334,134.4238128885979,live_unpatched_same_model,1.2420096999849193
final_decision_continuous__minus__evaluation_continuous,main,15,65,148,21,0.0040545803889276,0.22544103042671984,0.22138645003779225,157.88596160885496,live_unpatched_same_model,1.2415967999841087
final_decision_continuous__minus__evaluation_continuous,main,15,65,148,22,0.0040545803889276,0.15392145268872925,0.14986687229980167,171.96919236464524,live_unpatched_same_model,1.241897500003688
final_decision_continuous__minus__evaluation_continuous,main,15,65,148,23,0.0040545803889276,0.18975943126987074,0.18570485088094316,189.40104469882567,live_unpatched_same_model,1.2436885999632068
final_decision_continuous__minus__evaluation_continuous,main,15,65,148,24,0.0040545803889276,0.12773139174705833,0.12367681135813073,210.7629759716783,live_unpatched_same_model,1.241469300002791
final_decision_continuous__minus__evaluation_continuous,main,15,65,148,25,0.0040545803889276,0.015941750739436166,0.011887170350508566,69.33949771722273,live_unpatched_same_model,1.243152100010775
final_decision_continuous__minus__evaluation_continuous,reversed_directionality,1,211,145,0,-0.04254313104933144,-0.004436929701904293,0.03810620134742715,14.488365697329732,live_unpatched_same_model,1.2587878000340424
final_decision_continuous__minus__evaluation_continuous,reversed_directionality,1,211,145,1,-0.04254313104933144,-0.015539881183023931,0.02700324986630751,17.118273543242204,live_unpatched_same_model,1.25601250003092
final_decision_continuous__minus__evaluation_continuous,reversed_directionality,1,211,145,2,-0.04254313104933144,-0.014195789621214466,0.028347341428116974,17.516724459820196,live_unpatched_same_model,1.2587495999759994
final_decision_continuous__minus__evaluation_continuous,reversed_directionality,1,211,145,3,-0.04254313104933144,-0.015495631944502696,0.027047499104828746,17.547121511623107,live_unpatched_same_model,1.2571504999650642
final_decision_continuous__minus__evaluation_continuous,reversed_directionality,1,211,145,4,-0.04254313104933144,0.007175687036970138,0.049718818086301575,19.783717463099688,live_unpatched_same_model,1.2570163999916986
final_decision_continuous__minus__evaluation_continuous,reversed_directionality,1,211,145,5,-0.04254313104933144,0.014352616646737792,0.056895747696069233,22.9787260371689,live_unpatched_same_model,1.2617654000059702
final_decision_continuous__minus__evaluation_continuous,reversed_directionality,1,211,145,6,-0.04254313104933144,0.0655332107785413,0.10807634182787274,23.40345847811152,live_unpatched_same_model,1.2584661999717355
final_decision_continuous__minus__evaluation_continuous,reversed_directionality,1,211,145,7,-0.04254313104933144,0.08123821271591239,0.12378134376524383,32.13268059752365,live_unpatched_same_model,1.2557904999703169
final_decision_continuous__minus__evaluation_continuous,reversed_directionality,1,211,145,8,-0.04254313104933144,0.07454193987362562,0.11708507092295706,34.71831959526786,live_unpatched_same_model,1.2558828999754041
final_decision_continuous__minus__evaluation_continuous,reversed_directionality,1,211,145,9,-0.04254313104933144,0.06855196211208081,0.11109509316141225,37.14607973990755,live_unpatched_same_model,1.256544700008817
final_decision_continuous__minus__evaluation_continuous,reversed_directionality,1,211,145,10,-0.04254313104933144,0.0510139112123474,0.09355704226167884,39.0588837613918,live_unpatched_same_model,1.2588455000077374
final_decision_continuous__minus__evaluation_continuous,reversed_directionality,1,211,145,11,-0.04254313104933144,0.07324113898753809,0.11578427003686953,43.58430935834754,live_unpatched_same_model,1.2550752999959514
final_decision_continuous__minus__evaluation_continuous,reversed_directionality,1,211,145,12,-0.04254313104933144,0.08030224717103855,0.12284537822036999,42.85293028112046,live_unpatched_same_model,1.2574343000305817
final_decision_continuous__minus__evaluation_continuous,reversed_directionality,1,211,145,13,-0.04254313104933144,0.05695046607834707,0.09949359712767851,54.03446145600355,live_unpatched_same_model,1.25743609998608
final_decision_continuous__minus__evaluation_continuous,reversed_directionality,1,211,145,14,-0.04254313104933144,0.07765014017983114,0.12019327122916258,55.20201793581776,live_unpatched_same_model,1.2572704999474809
final_decision_continuous__minus__evaluation_continuous,reversed_directionality,1,211,145,15,-0.04254313104933144,0.06248128899744067,0.10502442004677211,64.21628370573833,live_unpatched_same_model,1.2574843000038527
final_decision_continuous__minus__evaluation_continuous,reversed_directionality,1,211,145,16,-0.04254313104933144,0.05377969988714011,0.09632283093647155,78.80430467489687,live_unpatched_same_model,1.2569966999581084
final_decision_continuous__minus__evaluation_continuous,reversed_directionality,1,211,145,17,-0.04254313104933144,0.0758533384580315,0.11839646950736293,79.66964233390749,live_unpatched_same_model,1.2565879000467248
final_decision_continuous__minus__evaluation_continuous,reversed_directionality,1,211,145,18,-0.04254313104933144,0.11315222402220985,0.1556953550715413,89.78256866046517,live_unpatched_same_model,1.257538600009866
final_decision_continuous__minus__evaluation_continuous,reversed_directionality,1,211,145,19,-0.04254313104933144,0.12356882459195745,0.1661119556412889,104.56144785604249,live_unpatched_same_model,1.257083699980285
final_decision_continuous__minus__evaluation_continuous,reversed_directionality,1,211,145,20,-0.04254313104933144,0.14374568816233232,0.18628881921166376,113.54383049516676,live_unpatched_same_model,1.256164800026454
final_decision_continuous__minus__evaluation_continuous,reversed_directionality,1,211,145,21,-0.04254313104933144,0.13139238915632534,0.17393552020565678,138.6370016138614,live_unpatched_same_model,1.2588110000360757
final_decision_continuous__minus__evaluation_continuous,reversed_directionality,1,211,145,22,-0.04254313104933144,0.07970175134339695,0.12224488239272839,155.65041125375242,live_unpatched_same_model,1.2561471000080928
final_decision_continuous__minus__evaluation_continuous,reversed_directionality,1,211,145,23,-0.04254313104933144,0.1024879173404985,0.14503104838982994,171.58088596255377,live_unpatched_same_model,1.2570549999945797
final_decision_continuous__minus__evaluation_continuous,reversed_directionality,1,211,145,24,-0.04254313104933144,0.07590862413626202,0.11845175518559346,197.63754359103575,live_unpatched_same_model,1.2565369000076316
final_decision_continuous__minus__evaluation_continuous,reversed_directionality,1,211,145,25,-0.04254313104933144,-0.01639353297761027,0.02614959807172117,80.17899034990407,live_unpatched_same_model,1.2567022999865003
final_decision_continuous__minus__evaluation_continuous,reversed_directionality,2,277,202,0,0.36599235769651617,0.36191969952234226,-0.004072658174173904,32.39145615291997,live_unpatched_same_model,1.231895299977623
final_decision_continuous__minus__evaluation_continuous,reversed_directionality,2,277,202,1,0.36599235769651617,0.38530092390796444,0.019308566211448275,35.057916926899196,live_unpatched_same_model,1.232977600011509
final_decision_continuous__minus__evaluation_continuous,reversed_directionality,2,277,202,2,0.36599235769651617,0.4108953109619006,0.044902953265384404,36.76969220684348,live_unpatched_same_model,1.232273300003726
final_decision_continuous__minus__evaluation_continuous,reversed_directionality,2,277,202,3,0.36599235769651617,0.4310678514000503,0.0650754937035341,41.441170142183104,live_unpatched_same_model,1.2309432000038214
final_decision_continuous__minus__evaluation_continuous,reversed_directionality,2,277,202,4,0.36599235769651617,0.33644118931305467,-0.0295511683834615,50.405571075233354,live_unpatched_same_model,1.2303439999814145
final_decision_continuous__minus__evaluation_continuous,reversed_directionality,2,277,202,5,0.36599235769651617,0.30466679595976764,-0.061325561736748524,56.521141258507186,live_unpatched_same_model,1.231580399966333
final_decision_continuous__minus__evaluation_continuous,reversed_directionality,2,277,202,6,0.36599235769651617,0.265635398306892,-0.10035695938962419,54.37056453613254,live_unpatched_same_model,1.2315023000119254
final_decision_continuous__minus__evaluation_continuous,reversed_directionality,2,277,202,7,0.36599235769651617,0.2730972877488757,-0.09289506994764046,62.69798240907274,live_unpatched_same_model,1.2331735999905504
final_decision_continuous__minus__evaluation_continuous,reversed_directionality,2,277,202,8,0.36599235769651617,0.22168371745306753,-0.14430864024344864,63.25050674682343,live_unpatched_same_model,1.2328812999767251
final_decision_continuous__minus__evaluation_continuous,reversed_directionality,2,277,202,9,0.36599235769651617,0.2061020118231899,-0.15989034587332626,67.4568651793429,live_unpatched_same_model,1.2300156999845058
final_decision_continuous__minus__evaluation_continuous,reversed_directionality,2,277,202,10,0.36599235769651617,0.18356334043933034,-0.18242901725718583,71.38422518269925,live_unpatched_same_model,1.2344204999972135
final_decision_continuous__minus__evaluation_continuous,reversed_directionality,2,277,202,11,0.36599235769651617,0.1263012298406991,-0.23969112785581706,81.08691840288073,live_unpatched_same_model,1.231430799991358
final_decision_continuous__minus__evaluation_continuous,reversed_directionality,2,277,202,12,0.36599235769651617,0.11057297043439775,-0.25541938726211844,81.20615950691402,live_unpatched_same_model,1.236649300029967
final_decision_continuous__minus__evaluation_continuous,reversed_directionality,2,277,202,13,0.36599235769651617,0.17647132678303437,-0.1895210309134818,85.21597588849062,live_unpatched_same_model,1.235621900006663
final_decision_continuous__minus__evaluation_continuous,reversed_directionality,2,277,202,14,0.36599235769651617,0.18136759266833644,-0.18462476502817973,85.81646013551912,live_unpatched_same_model,1.2320328999776393
final_decision_continuous__minus__evaluation_continuous,reversed_directionality,2,277,202,15,0.36599235769651617,0.15759141627298995,-0.20840094142352622,104.05152511272915,live_unpatched_same_model,1.2295405000331812
final_decision_continuous__minus__evaluation_continuous,reversed_directionality,2,277,202,16,0.36599235769651617,0.1928603648814379,-0.17313199281507827,114.45482357719263,live_unpatched_same_model,1.2314871000126004
final_decision_continuous__minus__evaluation_continuous,reversed_directionality,2,277,202,17,0.36599235769651617,0.3111088250228883,-0.05488353267362789,115.15624632379705,live_unpatched_same_model,1.2308818000019528
final_decision_continuous__minus__evaluation_continuous,reversed_directionality,2,277,202,18,0.36599235769651617,0.2244277369502682,-0.14156462074624798,131.05986190792115,live_unpatched_same_model,1.2359254999901168
final_decision_continuous__minus__evaluation_continuous,reversed_directionality,2,277,202,19,0.36599235769651617,0.19487741970585135,-0.17111493799066482,146.11410371220833,live_unpatched_same_model,1.2483143000281416
final_decision_continuous__minus__evaluation_continuous,reversed_directionality,2,277,202,20,0.36599235769651617,0.11430115298093779,-0.2516912047155784,159.19358263430192,live_unpatched_same_model,1.2329520999919623
final_decision_continuous__minus__evaluation_continuous,reversed_directionality,2,277,202,21,0.36599235769651617,0.09106272546088534,-0.2749296322356308,180.47512974544688,live_unpatched_same_model,1.2311905000242405
final_decision_continuous__minus__evaluation_continuous,reversed_directionality,2,277,202,22,0.36599235769651617,0.019876500115840787,-0.34611585758067537,193.97811197971092,live_unpatched_same_model,1.2320741000003181
final_decision_continuous__minus__evaluation_continuous,reversed_directionality,2,277,202,23,0.36599235769651617,-0.048351529489057334,-0.4143438871855735,209.9601740665047,live_unpatched_same_model,1.2324727000086568
final_decision_continuous__minus__evaluation_continuous,reversed_directionality,2,277,202,24,0.36599235769651617,-0.11258183580584413,-0.4785741935023603,243.07178341241902,live_unpatched_same_model,1.230699600011576
final_decision_continuous__minus__evaluation_continuous,reversed_directionality,2,277,202,25,0.36599235769651617,0.2643131628142928,-0.10167919488222338,119.57366292694245,live_unpatched_same_model,1.2301412000088021
final_decision_continuous__minus__evaluation_continuous,reversed_directionality,3,268,483,0,-0.07625208349323294,-0.11916305752627186,-0.04291097403303892,17.92137657732588,live_unpatched_same_model,1.243952899996657
final_decision_continuous__minus__evaluation_continuous,reversed_directionality,3,268,483,1,-0.07625208349323294,-0.10942593211609866,-0.03317384862286572,18.859681886242555,live_unpatched_same_model,1.2410014999913983
final_decision_continuous__minus__evaluation_continuous,reversed_directionality,3,268,483,2,-0.07625208349323294,-0.1177378465906368,-0.04148576309740386,19.56594927073677,live_unpatched_same_model,1.2434949000016786
final_decision_continuous__minus__evaluation_continuous,reversed_directionality,3,268,483,3,-0.07625208349323294,-0.12323684874256684,-0.0469847652493339,20.720189193826677,live_unpatched_same_model,1.2440102000255138
final_decision_continuous__minus__evaluation_continuous,reversed_directionality,3,268,483,4,-0.07625208349323294,-0.11522315282751565,-0.03897106933428271,25.130616447745684,live_unpatched_same_model,1.2434945999993943
final_decision_continuous__minus__evaluation_continuous,reversed_directionality,3,268,483,5,-0.07625208349323294,-0.105526468276809,-0.029274384783576066,28.61419281281099,live_unpatched_same_model,1.2458863999927416
final_decision_continuous__minus__evaluation_continuous,reversed_directionality,3,268,483,6,-0.07625208349323294,-0.1005234799893727,-0.024271396496139755,28.890541694467057,live_unpatched_same_model,1.2422972000204027
final_decision_continuous__minus__evaluation_continuous,reversed_directionality,3,268,483,7,-0.07625208349323294,-0.12816898589405323,-0.051916902400820295,36.575481534457786,live_unpatched_same_model,1.2410155999823473
final_decision_continuous__minus__evaluation_continuous,reversed_directionality,3,268,483,8,-0.07625208349323294,-0.14321807994260874,-0.0669659964493758,37.18551461481372,live_unpatched_same_model,1.2407964000012726
final_decision_continuous__minus__evaluation_continuous,reversed_directionality,3,268,483,9,-0.07625208349323294,-0.10673556850090168,-0.030483485007668745,40.817539359781726,live_unpatched_same_model,1.2417586999945343
final_decision_continuous__minus__evaluation_continuous,reversed_directionality,3,268,483,10,-0.07625208349323294,-0.10619783805859105,-0.029945754565358113,43.577176686959376,live_unpatched_same_model,1.2464643999701366
final_decision_continuous__minus__evaluation_continuous,reversed_directionality,3,268,483,11,-0.07625208349323294,-0.10857882196477406,-0.03232673847154112,48.472700681184904,live_unpatched_same_model,1.2432113999966532
final_decision_continuous__minus__evaluation_continuous,reversed_directionality,3,268,483,12,-0.07625208349323294,-0.11113577720595219,-0.03488369371271925,47.24186039314808,live_unpatched_same_model,1.240667600010056
final_decision_continuous__minus__evaluation_continuous,reversed_directionality,3,268,483,13,-0.07625208349323294,-0.11813295119811851,-0.04188086770488557,58.028961669453246,live_unpatched_same_model,1.240669800026808
final_decision_continuous__minus__evaluation_continuous,reversed_directionality,3,268,483,14,-0.07625208349323294,-0.12609053659995995,-0.04983845310672701,60.292470221461734,live_unpatched_same_model,1.241083399974741
final_decision_continuous__minus__evaluation_continuous,reversed_directionality,3,268,483,15,-0.07625208349323294,-0.10811850033669379,-0.03186641684346085,68.65277794931815,live_unpatched_same_model,1.2406291000079364
final_decision_continuous__minus__evaluation_continuous,reversed_directionality,3,268,483,16,-0.07625208349323294,-0.13266907661202923,-0.05641699311879629,80.37705942685712,live_unpatched_same_model,1.241936500009615
final_decision_continuous__minus__evaluation_continuous,reversed_directionality,3,268,483,17,-0.07625208349323294,-0.14955853474186195,-0.07330645124862901,85.41372696911633,live_unpatched_same_model,1.2406205000006594
final_decision_continuous__minus__evaluation_continuous,reversed_directionality,3,268,483,18,-0.07625208349323294,-0.10728625637351169,-0.03103417288027875,95.17949350511014,live_unpatched_same_model,1.2418039999902248
final_decision_continuous__minus__evaluation_continuous,reversed_directionality,3,268,483,19,-0.07625208349323294,-0.15153145070684285,-0.07527936721360991,105.14136963159531,live_unpatched_same_model,1.2423704999964684
final_decision_continuous__minus__evaluation_continuous,reversed_directionality,3,268,483,20,-0.07625208349323294,-0.06770845794583248,0.008543625547400457,113.72315032987264,live_unpatched_same_model,1.2425711000105366
final_decision_continuous__minus__evaluation_continuous,reversed_directionality,3,268,483,21,-0.07625208349323294,-0.09543426031231728,-0.019182176819084337,134.12734877659793,live_unpatched_same_model,1.2398925999877974
final_decision_continuous__minus__evaluation_continuous,reversed_directionality,3,268,483,22,-0.07625208349323294,-0.0856361431906357,-0.00938405969740276,147.32604666199506,live_unpatched_same_model,1.2457519000163302
final_decision_continuous__minus__evaluation_continuous,reversed_directionality,3,268,483,23,-0.07625208349323294,-0.04584495288212602,0.03040713061110692,158.37566874430178,live_unpatched_same_model,1.2400829999824055
final_decision_continuous__minus__evaluation_continuous,reversed_directionality,3,268,483,24,-0.07625208349323294,-0.04857890007892557,0.02767318341430737,177.16508085795806,live_unpatched_same_model,1.2407252000411972
final_decision_continuous__minus__evaluation_continuous,reversed_directionality,3,268,483,25,-0.07625208349323294,-0.06974786034139384,0.0065042231518391,68.34318207503642,live_unpatched_same_model,1.2409562999964692
final_decision_continuous__minus__evaluation_continuous,reversed_directionality,4,336,306,0,0.005506392441159787,-0.014572250165016017,-0.020078642606175805,14.523207583928235,live_unpatched_same_model,1.2503593000001274
final_decision_continuous__minus__evaluation_continuous,reversed_directionality,4,336,306,1,0.005506392441159787,-0.024277329919108102,-0.02978372236026789,15.316672058470122,live_unpatched_same_model,1.2503039000439458
final_decision_continuous__minus__evaluation_continuous,reversed_directionality,4,336,306,2,0.005506392441159787,-0.005883717684144029,-0.011390110125303816,15.944733653161625,live_unpatched_same_model,1.2512175000156276
final_decision_continuous__minus__evaluation_continuous,reversed_directionality,4,336,306,3,0.005506392441159787,0.00036683441891844395,-0.005139558022241343,17.09707337225073,live_unpatched_same_model,1.2504680000129156
final_decision_continuous__minus__evaluation_continuous,reversed_directionality,4,336,306,4,0.005506392441159787,0.019858093501338363,0.014351701060178575,20.211510754615084,live_unpatched_same_model,1.2498528999858536
final_decision_continuous__minus__evaluation_continuous,reversed_directionality,4,336,306,5,0.005506392441159787,-0.0029318731765682103,-0.008438265617727998,23.083256481089848,live_unpatched_same_model,1.2504800999886356
final_decision_continuous__minus__evaluation_continuous,reversed_directionality,4,336,306,6,0.005506392441159787,0.06561056623475053,0.060104173793590746,23.230012596909475,live_unpatched_same_model,1.2514981999993324
final_decision_continuous__minus__evaluation_continuous,reversed_directionality,4,336,306,7,0.005506392441159787,0.0987761319034136,0.09326973946225381,30.01761684629571,live_unpatched_same_model,1.2501087000127882
final_decision_continuous__minus__evaluation_continuous,reversed_directionality,4,336,306,8,0.005506392441159787,0.13318798573038595,0.12768159328922618,31.691170409498692,live_unpatched_same_model,1.2513725000317208
final_decision_continuous__minus__evaluation_continuous,reversed_directionality,4,336,306,9,0.005506392441159787,0.14628538428564125,0.14077899184448148,36.27726112981915,live_unpatched_same_model,1.2538701000157744
final_decision_continuous__minus__evaluation_continuous,reversed_directionality,4,336,306,10,0.005506392441159787,0.16830875745867396,0.1628023650175142,38.20185448601674,live_unpatched_same_model,1.2514900999958627
final_decision_continuous__minus__evaluation_continuous,reversed_directionality,4,336,306,11,0.005506392441159787,0.19012861188812308,0.1846222194469633,43.75739101525,live_unpatched_same_model,1.2523842999944463
final_decision_continuous__minus__evaluation_continuous,reversed_directionality,4,336,306,12,0.005506392441159787,0.211218153649964,0.20571176120880422,42.39394748200887,live_unpatched_same_model,1.2509729000157677
final_decision_continuous__minus__evaluation_continuous,reversed_directionality,4,336,306,13,0.005506392441159787,0.22517202597127908,0.2196656335301193,52.20292071083433,live_unpatched_same_model,1.2516582000534981
final_decision_continuous__minus__evaluation_continuous,reversed_directionality,4,336,306,14,0.005506392441159787,0.2193443452192627,0.2138379527781029,51.46673990167304,live_unpatched_same_model,1.2511956000234932
final_decision_continuous__minus__evaluation_continuous,reversed_directionality,4,336,306,15,0.005506392441159787,0.2596824091437803,0.2541760167026205,58.4670324396272,live_unpatched_same_model,1.249583100026939
final_decision_continuous__minus__evaluation_continuous,reversed_directionality,4,336,306,16,0.005506392441159787,0.23241216819380847,0.2269057757526487,69.86024732769685,live_unpatched_same_model,1.2521279000211507
final_decision_continuous__minus__evaluation_continuous,reversed_directionality,4,336,306,17,0.005506392441159787,0.2242181938796818,0.21871180143852204,70.35339551379587,live_unpatched_same_model,1.2517630999791436
final_decision_continuous__minus__evaluation_continuous,reversed_directionality,4,336,306,18,0.005506392441159787,0.2756511741006654,0.2701447816595056,80.00188276234329,live_unpatched_same_model,1.2509856999968179
final_decision_continuous__minus__evaluation_continuous,reversed_directionality,4,336,306,19,0.005506392441159787,0.24761623328469368,0.2421098408435339,89.00920694420488,live_unpatched_same_model,1.2512758999946527
final_decision_continuous__minus__evaluation_continuous,reversed_directionality,4,336,306,20,0.005506392441159787,0.1991489142274965,0.19364252178633673,94.58718455874383,live_unpatched_same_model,1.2521733000176027
final_decision_continuous__minus__evaluation_continuous,reversed_directionality,4,336,306,21,0.005506392441159787,0.21175112260748039,0.2062447301663206,109.90119623342741,live_unpatched_same_model,1.2513634000206366
final_decision_continuous__minus__evaluation_continuous,reversed_directionality,4,336,306,22,0.005506392441159787,0.17647578519038468,0.1709693927492249,124.2005952483702,live_unpatched_same_model,1.2535374000435695
final_decision_continuous__minus__evaluation_continuous,reversed_directionality,4,336,306,23,0.005506392441159787,0.17169779234616958,0.1661913999050098,135.64629376868328,live_unpatched_same_model,1.2547156999935396
final_decision_continuous__minus__evaluation_continuous,reversed_directionality,4,336,306,24,0.005506392441159787,0.23233235234862382,0.22682595990746404,149.05473901365784,live_unpatched_same_model,1.2565420999890193
final_decision_continuous__minus__evaluation_continuous,reversed_directionality,4,336,306,25,0.005506392441159787,0.07315444009972316,0.06764804765856337,55.05710832208597,live_unpatched_same_model,1.2512356999795884
final_decision_continuous__minus__evaluation_continuous,reversed_directionality,5,166,232,0,-0.05057095818497123,-0.04555881327762021,0.005012144907351024,21.127206564059364,live_unpatched_same_model,1.2512326000141911
final_decision_continuous__minus__evaluation_continuous,reversed_directionality,5,166,232,1,-0.05057095818497123,-0.025885232533590916,0.024685725651380316,21.63229668656257,live_unpatched_same_model,1.2517203000024892
final_decision_continuous__minus__evaluation_continuous,reversed_directionality,5,166,232,2,-0.05057095818497123,-0.029943831429663927,0.020627126755307305,20.308230610279416,live_unpatched_same_model,1.2523386999964714
final_decision_continuous__minus__evaluation_continuous,reversed_directionality,5,166,232,3,-0.05057095818497123,-0.027741083037387378,0.022829875147583854,21.11433393070551,live_unpatched_same_model,1.25044999999227
final_decision_continuous__minus__evaluation_continuous,reversed_directionality,5,166,232,4,-0.05057095818497123,-0.001481789616871958,0.04908916856809927,24.688352797998878,live_unpatched_same_model,1.2509322999976575
final_decision_continuous__minus__evaluation_continuous,reversed_directionality,5,166,232,5,-0.05057095818497123,-0.014970246243528265,0.035600711941442965,27.830061242374097,live_unpatched_same_model,1.2541706999763846
final_decision_continuous__minus__evaluation_continuous,reversed_directionality,5,166,232,6,-0.05057095818497123,0.010020821464615493,0.06059177964958672,28.17150151848628,live_unpatched_same_model,1.2518833000212908
final_decision_continuous__minus__evaluation_continuous,reversed_directionality,5,166,232,7,-0.05057095818497123,0.009579704078996462,0.060150662263967695,33.97902188469526,live_unpatched_same_model,1.2515690999571234
final_decision_continuous__minus__evaluation_continuous,reversed_directionality,5,166,232,8,-0.05057095818497123,-0.032779135505397086,0.017791822679574146,34.98138024568741,live_unpatched_same_model,1.2512817999813706
final_decision_continuous__minus__evaluation_continuous,reversed_directionality,5,166,232,9,-0.05057095818497123,-0.04094691784265608,0.009624040342315149,38.207118453210875,live_unpatched_same_model,1.2502910000039265
final_decision_continuous__minus__evaluation_continuous,reversed_directionality,5,166,232,10,-0.05057095818497123,-0.042945894754678915,0.007625063430292317,39.44872173309688,live_unpatched_same_model,1.2531557000475004
final_decision_continuous__minus__evaluation_continuous,reversed_directionality,5,166,232,11,-0.05057095818497123,-0.027286528211884015,0.023284429973087217,45.70990953040154,live_unpatched_same_model,1.2515249999705702
final_decision_continuous__minus__evaluation_continuous,reversed_directionality,5,166,232,12,-0.05057095818497123,-0.011358014023327515,0.03921294416164372,47.13471753227676,live_unpatched_same_model,1.2521076999837533
final_decision_continuous__minus__evaluation_continuous,reversed_directionality,5,166,232,13,-0.05057095818497123,-0.02741043121004759,0.023160526974923643,57.270179243270846,live_unpatched_same_model,1.251656999986153
final_decision_continuous__minus__evaluation_continuous,reversed_directionality,5,166,232,14,-0.05057095818497123,-0.03395852949838954,0.016612428686581693,58.286072774103204,live_unpatched_same_model,1.2505831000162289
final_decision_continuous__minus__evaluation_continuous,reversed_directionality,5,166,232,15,-0.05057095818497123,-0.030889623544367348,0.019681334640603884,68.26064868955629,live_unpatched_same_model,1.250503999995999
final_decision_continuous__minus__evaluation_continuous,reversed_directionality,5,166,232,16,-0.05057095818497123,-0.04619689873833899,0.004374059446632245,80.6074575303415,live_unpatched_same_model,1.2523176999529824
final_decision_continuous__minus__evaluation_continuous,reversed_directionality,5,166,232,17,-0.05057095818497123,-0.1065145519729594,-0.055943593787988175,82.28795914711273,live_unpatched_same_model,1.2503948000376113
final_decision_continuous__minus__evaluation_continuous,reversed_directionality,5,166,232,18,-0.05057095818497123,-0.05161613659193305,-0.0010451784069618192,96.08376094265861,live_unpatched_same_model,1.251471900031902
final_decision_continuous__minus__evaluation_continuous,reversed_directionality,5,166,232,19,-0.05057095818497123,-0.0938572852799214,-0.04328632709495017,107.53266875051008,live_unpatched_same_model,1.2527331999735907
final_decision_continuous__minus__evaluation_continuous,reversed_directionality,5,166,232,20,-0.05057095818497123,-0.08544723771247731,-0.03487627952750608,115.73793617191704,live_unpatched_same_model,1.2515805000439286
final_decision_continuous__minus__evaluation_continuous,reversed_directionality,5,166,232,21,-0.05057095818497123,-0.09382898293081285,-0.04325802474584162,138.28350174920857,live_unpatched_same_model,1.2521543999901041
final_decision_continuous__minus__evaluation_continuous,reversed_directionality,5,166,232,22,-0.05057095818497123,-0.00830108470186794,0.04226987348310329,150.4064510774217,live_unpatched_same_model,1.2517194999963976
final_decision_continuous__minus__evaluation_continuous,reversed_directionality,5,166,232,23,-0.05057095818497123,-0.033268376079134646,0.017302582105836586,169.9576174949563,live_unpatched_same_model,1.2496488000033423
final_decision_continuous__minus__evaluation_continuous,reversed_directionality,5,166,232,24,-0.05057095818497123,-0.03650538691080328,0.014065571274167951,209.40669021880547,live_unpatched_same_model,1.2508290000259876
final_decision_continuous__minus__evaluation_continuous,reversed_directionality,5,166,232,25,-0.05057095818497123,-0.04570351800261584,0.004867440182355395,100.71684722515657,live_unpatched_same_model,1.2507394999847747
final_decision_continuous__minus__evaluation_continuous,reversed_directionality,6,373,278,0,-0.018213686275645343,-0.015912935338877846,0.0023007509367674976,14.498709476896426,live_unpatched_same_model,1.2550025000236928
final_decision_continuous__minus__evaluation_continuous,reversed_directionality,6,373,278,1,-0.018213686275645343,-0.012502067998402205,0.005711618277243138,15.776507673415932,live_unpatched_same_model,1.2558725000126287
final_decision_continuous__minus__evaluation_continuous,reversed_directionality,6,373,278,2,-0.018213686275645343,-0.02506965238530632,-0.006855966109660976,16.40053177091346,live_unpatched_same_model,1.2570572999538854
final_decision_continuous__minus__evaluation_continuous,reversed_directionality,6,373,278,3,-0.018213686275645343,-0.0006242449101094953,0.01758944136553585,17.492451705684235,live_unpatched_same_model,1.2578584000002593
final_decision_continuous__minus__evaluation_continuous,reversed_directionality,6,373,278,4,-0.018213686275645343,-0.009223782791806414,0.00898990348383893,20.553729034225668,live_unpatched_same_model,1.2579027999890968
final_decision_continuous__minus__evaluation_continuous,reversed_directionality,6,373,278,5,-0.018213686275645343,-0.03337557346237632,-0.01516188718673098,23.346652243284765,live_unpatched_same_model,1.2572928000008687
final_decision_continuous__minus__evaluation_continuous,reversed_directionality,6,373,278,6,-0.018213686275645343,-0.044361121093775935,-0.02614743481813059,22.892058324021917,live_unpatched_same_model,1.2580621999804862
final_decision_continuous__minus__evaluation_continuous,reversed_directionality,6,373,278,7,-0.018213686275645343,-0.02486275188999683,-0.0066490656143514855,29.130652951378867,live_unpatched_same_model,1.2578171999775805
final_decision_continuous__minus__evaluation_continuous,reversed_directionality,6,373,278,8,-0.018213686275645343,-0.08045230808906381,-0.062238621813418465,32.43655197152955,live_unpatched_same_model,1.2563868999714032
final_decision_continuous__minus__evaluation_continuous,reversed_directionality,6,373,278,9,-0.018213686275645343,-0.07300268481882942,-0.05478899854318407,36.09929209914463,live_unpatched_same_model,1.2561375999939628
final_decision_continuous__minus__evaluation_continuous,reversed_directionality,6,373,278,10,-0.018213686275645343,-0.059893130284551344,-0.041679444008906,38.40895312508363,live_unpatched_same_model,1.2568171000457369
final_decision_continuous__minus__evaluation_continuous,reversed_directionality,6,373,278,11,-0.018213686275645343,-0.055639628804000786,-0.037425942528355446,43.56863434580324,live_unpatched_same_model,1.2571586000267416
final_decision_continuous__minus__evaluation_continuous,reversed_directionality,6,373,278,12,-0.018213686275645343,-0.041082272836169956,-0.022868586560524613,43.7460565678612,live_unpatched_same_model,1.256446400017012
final_decision_continuous__minus__evaluation_continuous,reversed_directionality,6,373,278,13,-0.018213686275645343,-0.02855511575856998,-0.010341429482924637,53.181581807161834,live_unpatched_same_model,1.2581436000182293
final_decision_continuous__minus__evaluation_continuous,reversed_directionality,6,373,278,14,-0.018213686275645343,-0.035042789256820805,-0.016829102981175462,54.05150429582375,live_unpatched_same_model,1.2594212000258267
final_decision_continuous__minus__evaluation_continuous,reversed_directionality,6,373,278,15,-0.018213686275645343,-0.01743198850231091,0.0007816977733344325,61.755515628269265,live_unpatched_same_model,1.2574449999956414
final_decision_continuous__minus__evaluation_continuous,reversed_directionality,6,373,278,16,-0.018213686275645343,0.018266883871342694,0.03648057014698804,76.41726624291802,live_unpatched_same_model,1.2592260999954306
final_decision_continuous__minus__evaluation_continuous,reversed_directionality,6,373,278,17,-0.018213686275645343,0.015727766609796547,0.03394145288544189,73.60080484265715,live_unpatched_same_model,1.2636092000175267
final_decision_continuous__minus__evaluation_continuous,reversed_directionality,6,373,278,18,-0.018213686275645343,0.04639615475524225,0.0646098410308876,87.11483709499554,live_unpatched_same_model,1.2573712000157684
final_decision_continuous__minus__evaluation_continuous,reversed_directionality,6,373,278,19,-0.018213686275645343,0.02216934209911793,0.04038302837476328,95.4793013849041,live_unpatched_same_model,1.257150100020226
final_decision_continuous__minus__evaluation_continuous,reversed_directionality,6,373,278,20,-0.018213686275645343,0.04333817568043395,0.0615518619560793,99.92707932887677,live_unpatched_same_model,1.2584784000064246
final_decision_continuous__minus__evaluation_continuous,reversed_directionality,6,373,278,21,-0.018213686275645343,0.0032473243174950114,0.021461010593140355,121.74067422667741,live_unpatched_same_model,1.257656899979338
final_decision_continuous__minus__evaluation_continuous,reversed_directionality,6,373,278,22,-0.018213686275645343,0.024518043294252046,0.04273172956989739,137.57502315200136,live_unpatched_same_model,1.2560957999667153
final_decision_continuous__minus__evaluation_continuous,reversed_directionality,6,373,278,23,-0.018213686275645343,-0.04781056067933269,-0.029596874403687346,149.85837143992046,live_unpatched_same_model,1.2572058999794535
final_decision_continuous__minus__evaluation_continuous,reversed_directionality,6,373,278,24,-0.018213686275645343,-0.014637956340620826,0.0035757299350245176,167.3089233274481,live_unpatched_same_model,1.2571837999857962
final_decision_continuous__minus__evaluation_continuous,reversed_directionality,6,373,278,25,-0.018213686275645343,-0.027401181455252173,-0.00918749517960683,60.091533971609124,live_unpatched_same_model,1.25675289996434
final_decision_continuous__minus__evaluation_continuous,reversed_directionality,7,99,322,0,-0.11738416059676274,-0.11308509160118058,0.0042990689955821615,33.41071290981169,live_unpatched_same_model,1.2334356000064872
final_decision_continuous__minus__evaluation_continuous,reversed_directionality,7,99,322,1,-0.11738416059676274,-0.11327505624422773,0.0041091043525350035,33.29290524847404,live_unpatched_same_model,1.2354755999986082
final_decision_continuous__minus__evaluation_continuous,reversed_directionality,7,99,322,2,-0.11738416059676274,-0.06211716178290145,0.05526699881386129,34.225870509370246,live_unpatched_same_model,1.2325336000067182
final_decision_continuous__minus__evaluation_continuous,reversed_directionality,7,99,322,3,-0.11738416059676274,-0.020888075448189422,0.09649608514857332,35.973424171814045,live_unpatched_same_model,1.231998500006739
final_decision_continuous__minus__evaluation_continuous,reversed_directionality,7,99,322,4,-0.11738416059676274,0.02712788129573002,0.14451204189249275,42.61888564599936,live_unpatched_same_model,1.2321263000485487
final_decision_continuous__minus__evaluation_continuous,reversed_directionality,7,99,322,5,-0.11738416059676274,0.051705213375138205,0.16908937397190094,47.16270912753405,live_unpatched_same_model,1.2368093999684788
final_decision_continuous__minus__evaluation_continuous,reversed_directionality,7,99,322,6,-0.11738416059676274,0.0834881666751934,0.20087232727195614,48.80159171569782,live_unpatched_same_model,1.234597600006964
final_decision_continuous__minus__evaluation_continuous,reversed_directionality,7,99,322,7,-0.11738416059676274,0.09776813685122104,0.21515229744798378,54.914453296357955,live_unpatched_same_model,1.233421900018584
final_decision_continuous__minus__evaluation_continuous,reversed_directionality,7,99,322,8,-0.11738416059676274,0.07982593681177277,0.1972100974085355,58.04962069198488,live_unpatched_same_model,1.2372160000377335
final_decision_continuous__minus__evaluation_continuous,reversed_directionality,7,99,322,9,-0.11738416059676274,0.07097680694928438,0.18836096754604711,61.28223890481197,live_unpatched_same_model,1.2330421999795362
final_decision_continuous__minus__evaluation_continuous,reversed_directionality,7,99,322,10,-0.11738416059676274,0.0736278296279713,0.19101199022473403,61.9598539347388,live_unpatched_same_model,1.2341232000035234
final_decision_continuous__minus__evaluation_continuous,reversed_directionality,7,99,322,11,-0.11738416059676274,0.06511400395222466,0.1824981645489874,66.71534750740243,live_unpatched_same_model,1.2346292999573052
final_decision_continuous__minus__evaluation_continuous,reversed_directionality,7,99,322,12,-0.11738416059676274,0.07539304118229961,0.19277720177906235,67.14191945381924,live_unpatched_same_model,1.2351969999726862
final_decision_continuous__minus__evaluation_continuous,reversed_directionality,7,99,322,13,-0.11738416059676274,0.07975756829041497,0.1971417288871777,76.09169363954912,live_unpatched_same_model,1.2343793000327423
final_decision_continuous__minus__evaluation_continuous,reversed_directionality,7,99,322,14,-0.11738416059676274,0.12031208030543346,0.2376962409021962,79.79524093259116,live_unpatched_same_model,1.233240499976091
final_decision_continuous__minus__evaluation_continuous,reversed_directionality,7,99,322,15,-0.11738416059676274,0.15897496443518652,0.27635912503194926,93.52122104174556,live_unpatched_same_model,1.2337749000289477
final_decision_continuous__minus__evaluation_continuous,reversed_directionality,7,99,322,16,-0.11738416059676274,0.15761146505490634,0.2749956256516691,101.8315621207741,live_unpatched_same_model,1.234700899978634
final_decision_continuous__minus__evaluation_continuous,reversed_directionality,7,99,322,17,-0.11738416059676274,0.21158804366509879,0.3289722042618615,109.82605123570359,live_unpatched_same_model,1.2328925000037998
final_decision_continuous__minus__evaluation_continuous,reversed_directionality,7,99,322,18,-0.11738416059676274,0.20910449412141482,0.32648865471817756,123.14766196689746,live_unpatched_same_model,1.235999200027436
final_decision_continuous__minus__evaluation_continuous,reversed_directionality,7,99,322,19,-0.11738416059676274,0.1992069947475259,0.3165911553442886,136.52107397394178,live_unpatched_same_model,1.2340058999834582
final_decision_continuous__minus__evaluation_continuous,reversed_directionality,7,99,322,20,-0.11738416059676274,0.17478992579894076,0.2921740863957035,151.29073950404992,live_unpatched_same_model,1.23256809997838
final_decision_continuous__minus__evaluation_continuous,reversed_directionality,7,99,322,21,-0.11738416059676274,0.2540027006230909,0.37138686121985365,176.43090886146834,live_unpatched_same_model,1.2328624000074342
final_decision_continuous__minus__evaluation_continuous,reversed_directionality,7,99,322,22,-0.11738416059676274,0.39603455309911273,0.5134187136958754,198.28576644419502,live_unpatched_same_model,1.2353620000067167
final_decision_continuous__minus__evaluation_continuous,reversed_directionality,7,99,322,23,-0.11738416059676274,0.42506242871862,0.5424465893153827,214.56935490322897,live_unpatched_same_model,1.2353741999831982
final_decision_continuous__minus__evaluation_continuous,reversed_directionality,7,99,322,24,-0.11738416059676274,0.5082602402719747,0.6256444008687374,247.88458143536374,live_unpatched_same_model,1.2330716000287794
final_decision_continuous__minus__evaluation_continuous,reversed_directionality,7,99,322,25,-0.11738416059676274,0.0860804443805853,0.20346460497734803,122.10792149193821,live_unpatched_same_model,1.234083899995312
final_decision_continuous__minus__evaluation_continuous,reversed_directionality,8,471,317,0,-0.03302344920578868,-0.0369896707624472,-0.003966221556658517,26.99642277989288,live_unpatched_same_model,1.2369217000086792
final_decision_continuous__minus__evaluation_continuous,reversed_directionality,8,471,317,1,-0.03302344920578868,-0.06865562691008625,-0.03563217770429757,28.910210863940613,live_unpatched_same_model,1.2368320999667048
final_decision_continuous__minus__evaluation_continuous,reversed_directionality,8,471,317,2,-0.03302344920578868,-0.05756629282925204,-0.02454284362346336,29.66056373239161,live_unpatched_same_model,1.2389312000013888
final_decision_continuous__minus__evaluation_continuous,reversed_directionality,8,471,317,3,-0.03302344920578868,-0.02235613063508693,0.010667318570701752,30.594664278596177,live_unpatched_same_model,1.2375175000051968
final_decision_continuous__minus__evaluation_continuous,reversed_directionality,8,471,317,4,-0.03302344920578868,-0.054120754399759025,-0.021097305193970343,37.270640906253014,live_unpatched_same_model,1.2365105000208132
final_decision_continuous__minus__evaluation_continuous,reversed_directionality,8,471,317,5,-0.03302344920578868,-0.07026234759984176,-0.03723889839405308,40.739768780708225,live_unpatched_same_model,1.2364205999765545
final_decision_continuous__minus__evaluation_continuous,reversed_directionality,8,471,317,6,-0.03302344920578868,-0.04939420406041515,-0.016370754854626468,40.522497571683914,live_unpatched_same_model,1.2366590999881737
final_decision_continuous__minus__evaluation_continuous,reversed_directionality,8,471,317,7,-0.03302344920578868,-0.09160100240810483,-0.05857755320231615,50.689349649685504,live_unpatched_same_model,1.2380170000251383
final_decision_continuous__minus__evaluation_continuous,reversed_directionality,8,471,317,8,-0.03302344920578868,-0.08924019039431329,-0.056216741188524606,50.05029036572004,live_unpatched_same_model,1.2378688999451697
final_decision_continuous__minus__evaluation_continuous,reversed_directionality,8,471,317,9,-0.03302344920578868,-0.05783564351435573,-0.02481219430856705,54.7239904999156,live_unpatched_same_model,1.236696199979633
final_decision_continuous__minus__evaluation_continuous,reversed_directionality,8,471,317,10,-0.03302344920578868,-0.04009150832101839,-0.007068059115229709,58.35328683982115,live_unpatched_same_model,1.2444858999806456
final_decision_continuous__minus__evaluation_continuous,reversed_directionality,8,471,317,11,-0.03302344920578868,-0.00726605084853059,0.025757398357258092,64.16258645127286,live_unpatched_same_model,1.2510001999908127
final_decision_continuous__minus__evaluation_continuous,reversed_directionality,8,471,317,12,-0.03302344920578868,-0.009999830510577528,0.023023618695211155,63.26174554109579,live_unpatched_same_model,1.2371788999880664
final_decision_continuous__minus__evaluation_continuous,reversed_directionality,8,471,317,13,-0.03302344920578868,-0.012439848219753623,0.02058360098603506,73.94802937092149,live_unpatched_same_model,1.2374777999939397
final_decision_continuous__minus__evaluation_continuous,reversed_directionality,8,471,317,14,-0.03302344920578868,-0.015033164910819382,0.0179902842949693,76.14663931315009,live_unpatched_same_model,1.2369328000349924
final_decision_continuous__minus__evaluation_continuous,reversed_directionality,8,471,317,15,-0.03302344920578868,-0.002050240016399152,0.03097320918938953,90.31680157023153,live_unpatched_same_model,1.2372270000050776
final_decision_continuous__minus__evaluation_continuous,reversed_directionality,8,471,317,16,-0.03302344920578868,-0.004647641964414054,0.028375807241374628,105.10253908928789,live_unpatched_same_model,1.237074099946767
final_decision_continuous__minus__evaluation_continuous,reversed_directionality,8,471,317,17,-0.03302344920578868,0.013981565363632485,0.04700501456942117,106.35423316957895,live_unpatched_same_model,1.2360937999910675
final_decision_continuous__minus__evaluation_continuous,reversed_directionality,8,471,317,18,-0.03302344920578868,0.03312020779487858,0.06614365700066727,120.91648192367201,live_unpatched_same_model,1.2380452000070363
final_decision_continuous__minus__evaluation_continuous,reversed_directionality,8,471,317,19,-0.03302344920578868,0.061834568155105574,0.09485801736089425,134.52648435915754,live_unpatched_same_model,1.2389654999715276
final_decision_continuous__minus__evaluation_continuous,reversed_directionality,8,471,317,20,-0.03302344920578868,0.08519433931414971,0.11821778851993839,147.23699776491645,live_unpatched_same_model,1.2371092999819666
final_decision_continuous__minus__evaluation_continuous,reversed_directionality,8,471,317,21,-0.03302344920578868,0.05605731540512446,0.08908076461091313,170.47899794680833,live_unpatched_same_model,1.2411311999894679
final_decision_continuous__minus__evaluation_continuous,reversed_directionality,8,471,317,22,-0.03302344920578868,0.014517685321364158,0.04754113452715284,189.6061527879046,live_unpatched_same_model,1.2366272999788634
final_decision_continuous__minus__evaluation_continuous,reversed_directionality,8,471,317,23,-0.03302344920578868,0.05444483071033168,0.08746827991612036,204.84630399761394,live_unpatched_same_model,1.2362932999967597
final_decision_continuous__minus__evaluation_continuous,reversed_directionality,8,471,317,24,-0.03302344920578868,0.07300062727010316,0.10602407647589185,237.32506324492053,live_unpatched_same_model,1.2370202000020072
final_decision_continuous__minus__evaluation_continuous,reversed_directionality,8,471,317,25,-0.03302344920578868,0.024150008032846088,0.05717345723863477,109.28749518921518,live_unpatched_same_model,1.2377143000485376
final_decision_continuous__minus__evaluation_continuous,reversed_directionality,9,13,390,0,-0.04985783556892516,-0.031410067376956355,0.018447768191968805,17.59610038091906,live_unpatched_same_model,1.2447671000263654
final_decision_continuous__minus__evaluation_continuous,reversed_directionality,9,13,390,1,-0.04985783556892516,-0.021979304218153597,0.027878531350771563,19.267221135973564,live_unpatched_same_model,1.2459305999800563
final_decision_continuous__minus__evaluation_continuous,reversed_directionality,9,13,390,2,-0.04985783556892516,0.00042604335474295715,0.05028387892366812,19.208681762808038,live_unpatched_same_model,1.2447511999635026
final_decision_continuous__minus__evaluation_continuous,reversed_directionality,9,13,390,3,-0.04985783556892516,-0.004453712437582747,0.045404123131342414,20.381889633620368,live_unpatched_same_model,1.2454929000232369
final_decision_continuous__minus__evaluation_continuous,reversed_directionality,9,13,390,4,-0.04985783556892516,-0.012716541444440137,0.037141294124485025,23.22309820920634,live_unpatched_same_model,1.2503236000193283
final_decision_continuous__minus__evaluation_continuous,reversed_directionality,9,13,390,5,-0.04985783556892516,0.029894508830966754,0.07975234439989191,25.93713254917946,live_unpatched_same_model,1.2468131000059657
final_decision_continuous__minus__evaluation_continuous,reversed_directionality,9,13,390,6,-0.04985783556892516,0.08399116452994099,0.13384900009886613,26.867869907023728,live_unpatched_same_model,1.2462196999695152
final_decision_continuous__minus__evaluation_continuous,reversed_directionality,9,13,390,7,-0.04985783556892516,0.027524109823957588,0.07738194539288275,34.16617441049049,live_unpatched_same_model,1.2474965000292286
final_decision_continuous__minus__evaluation_continuous,reversed_directionality,9,13,390,8,-0.04985783556892516,0.012014020640475269,0.06187185620940043,33.41932214844353,live_unpatched_same_model,1.2448278999654576
final_decision_continuous__minus__evaluation_continuous,reversed_directionality,9,13,390,9,-0.04985783556892516,-0.034337022666357186,0.015520812902567974,37.85174594779832,live_unpatched_same_model,1.2463787000160664
final_decision_continuous__minus__evaluation_continuous,reversed_directionality,9,13,390,10,-0.04985783556892516,-0.05169516835324017,-0.0018373327843150128,38.63902190276392,live_unpatched_same_model,1.2467556000337936
final_decision_continuous__minus__evaluation_continuous,reversed_directionality,9,13,390,11,-0.04985783556892516,-0.03396236725682489,0.015895468312100272,43.82818229133204,live_unpatched_same_model,1.2456732999999076
final_decision_continuous__minus__evaluation_continuous,reversed_directionality,9,13,390,12,-0.04985783556892516,-0.023449263292347956,0.026408572276577204,43.841232786562486,live_unpatched_same_model,1.2459805000107735
final_decision_continuous__minus__evaluation_continuous,reversed_directionality,9,13,390,13,-0.04985783556892516,-0.025289808201986695,0.024568027366938465,51.067971259956735,live_unpatched_same_model,1.2461487000109628
final_decision_continuous__minus__evaluation_continuous,reversed_directionality,9,13,390,14,-0.04985783556892516,-0.02632327741690141,0.023534558152023752,53.90444758785624,live_unpatched_same_model,1.2457143000210635
final_decision_continuous__minus__evaluation_continuous,reversed_directionality,9,13,390,15,-0.04985783556892516,0.03304591127476479,0.08290374684368995,59.83377036037906,live_unpatched_same_model,1.2469762000255287
final_decision_continuous__minus__evaluation_continuous,reversed_directionality,9,13,390,16,-0.04985783556892516,0.08958833989379406,0.1394461754627192,71.45845251315288,live_unpatched_same_model,1.2461185000138357
final_decision_continuous__minus__evaluation_continuous,reversed_directionality,9,13,390,17,-0.04985783556892516,0.13610833654870422,0.1859661721176294,72.4620701586536,live_unpatched_same_model,1.247540400014259
final_decision_continuous__minus__evaluation_continuous,reversed_directionality,9,13,390,18,-0.04985783556892516,0.18420363786590646,0.23406147343483164,84.75773909399202,live_unpatched_same_model,1.247264300007373
final_decision_continuous__minus__evaluation_continuous,reversed_directionality,9,13,390,19,-0.04985783556892516,0.23848328009892253,0.2883411156678477,92.9553122713437,live_unpatched_same_model,1.2456861000391655
final_decision_continuous__minus__evaluation_continuous,reversed_directionality,9,13,390,20,-0.04985783556892516,0.27584990250025054,0.3257077380691757,99.92989370374522,live_unpatched_same_model,1.2447820999659598
final_decision_continuous__minus__evaluation_continuous,reversed_directionality,9,13,390,21,-0.04985783556892516,0.325117341851443,0.3749751774203681,118.26117992309884,live_unpatched_same_model,1.2453680000035092
final_decision_continuous__minus__evaluation_continuous,reversed_directionality,9,13,390,22,-0.04985783556892516,0.32744916823146425,0.3773070038003894,133.2001360587404,live_unpatched_same_model,1.244735500018578
final_decision_continuous__minus__evaluation_continuous,reversed_directionality,9,13,390,23,-0.04985783556892516,0.3195750451215438,0.3694328806904689,144.8413583849049,live_unpatched_same_model,1.2479183999821544
final_decision_continuous__minus__evaluation_continuous,reversed_directionality,9,13,390,24,-0.04985783556892516,0.3076158663973012,0.35747370196622635,163.66614745744062,live_unpatched_same_model,1.2453397999634035
final_decision_continuous__minus__evaluation_continuous,reversed_directionality,9,13,390,25,-0.04985783556892516,0.062240411918937796,0.11209824748786296,65.07141161889348,live_unpatched_same_model,1.2454369000042789
final_decision_continuous__minus__evaluation_continuous,reversed_directionality,10,267,400,0,-0.07048462739383601,-0.043001913116709575,0.027482714277126438,32.68629337004089,live_unpatched_same_model,1.232573900022544
final_decision_continuous__minus__evaluation_continuous,reversed_directionality,10,267,400,1,-0.07048462739383601,-0.10242539132994426,-0.031940763936108243,35.75014818119644,live_unpatched_same_model,1.2339303999906406
final_decision_continuous__minus__evaluation_continuous,reversed_directionality,10,267,400,2,-0.07048462739383601,-0.02744682998655499,0.043037797407281024,35.129047282736906,live_unpatched_same_model,1.2385387999820523
final_decision_continuous__minus__evaluation_continuous,reversed_directionality,10,267,400,3,-0.07048462739383601,-0.01942620741785589,0.051058419975980124,37.49938248265852,live_unpatched_same_model,1.2321155000245199
final_decision_continuous__minus__evaluation_continuous,reversed_directionality,10,267,400,4,-0.07048462739383601,0.14491231091310688,0.2153969383069429,43.03263056714132,live_unpatched_same_model,1.2334196000010706
final_decision_continuous__minus__evaluation_continuous,reversed_directionality,10,267,400,5,-0.07048462739383601,0.2048642831937095,0.2753489105875455,46.9143777243651,live_unpatched_same_model,1.2314971999730915
final_decision_continuous__minus__evaluation_continuous,reversed_directionality,10,267,400,6,-0.07048462739383601,0.2751288316368945,0.3456134590307305,48.797214659908434,live_unpatched_same_model,1.2340494000236504
final_decision_continuous__minus__evaluation_continuous,reversed_directionality,10,267,400,7,-0.07048462739383601,0.27873968325840937,0.34922431065224535,53.98596771278458,live_unpatched_same_model,1.2326776999980211
final_decision_continuous__minus__evaluation_continuous,reversed_directionality,10,267,400,8,-0.07048462739383601,0.2539671026365854,0.3244517300304214,56.72987905054799,live_unpatched_same_model,1.2339745000354014
final_decision_continuous__minus__evaluation_continuous,reversed_directionality,10,267,400,9,-0.07048462739383601,0.29526933939498745,0.36575396678882344,61.05814139309868,live_unpatched_same_model,1.2326785000041127
final_decision_continuous__minus__evaluation_continuous,reversed_directionality,10,267,400,10,-0.07048462739383601,0.33034100289406365,0.40082563028789964,63.636215367076545,live_unpatched_same_model,1.2343814999912865
final_decision_continuous__minus__evaluation_continuous,reversed_directionality,10,267,400,11,-0.07048462739383601,0.3536562268121499,0.4241408542059859,69.05465499352898,live_unpatched_same_model,1.233700500044506
final_decision_continuous__minus__evaluation_continuous,reversed_directionality,10,267,400,12,-0.07048462739383601,0.3766092026550623,0.44709383004889836,72.15447762381429,live_unpatched_same_model,1.2327659000293352
final_decision_continuous__minus__evaluation_continuous,reversed_directionality,10,267,400,13,-0.07048462739383601,0.34986942214193884,0.4203540495357748,81.8684128995251,live_unpatched_same_model,1.2328877999680117
final_decision_continuous__minus__evaluation_continuous,reversed_directionality,10,267,400,14,-0.07048462739383601,0.2867140643310253,0.3571986917248613,83.94149297804815,live_unpatched_same_model,1.2321593000087887
final_decision_continuous__minus__evaluation_continuous,reversed_directionality,10,267,400,15,-0.07048462739383601,0.21782544382008318,0.28831007121391916,96.71025938719757,live_unpatched_same_model,1.2324390999856405
final_decision_continuous__minus__evaluation_continuous,reversed_directionality,10,267,400,16,-0.07048462739383601,0.22215537324641588,0.29264000064025186,109.76303225577605,live_unpatched_same_model,1.2331285999971442
final_decision_continuous__minus__evaluation_continuous,reversed_directionality,10,267,400,17,-0.07048462739383601,0.2221743616823038,0.29265898907613985,118.12984856645852,live_unpatched_same_model,1.233010700030718
final_decision_continuous__minus__evaluation_continuous,reversed_directionality,10,267,400,18,-0.07048462739383601,0.26386312110169174,0.33434774849552773,136.44870720697335,live_unpatched_same_model,1.232757199963089
final_decision_continuous__minus__evaluation_continuous,reversed_directionality,10,267,400,19,-0.07048462739383601,0.18068400333856663,0.25116863073240264,146.07047653335775,live_unpatched_same_model,1.2315931000048295
final_decision_continuous__minus__evaluation_continuous,reversed_directionality,10,267,400,20,-0.07048462739383601,0.22520565029471618,0.29569027768855216,163.2549202756734,live_unpatched_same_model,1.2323001000331715
final_decision_continuous__minus__evaluation_continuous,reversed_directionality,10,267,400,21,-0.07048462739383601,0.19624669431850691,0.26673132171234293,189.38024929401087,live_unpatched_same_model,1.2333938000374474
final_decision_continuous__minus__evaluation_continuous,reversed_directionality,10,267,400,22,-0.07048462739383601,0.20105250071206035,0.27153712810589636,201.521105485694,live_unpatched_same_model,1.2341594000463374
final_decision_continuous__minus__evaluation_continuous,reversed_directionality,10,267,400,23,-0.07048462739383601,0.21444067538024378,0.2849253027740798,217.2934699679252,live_unpatched_same_model,1.2335908999666572
final_decision_continuous__minus__evaluation_continuous,reversed_directionality,10,267,400,24,-0.07048462739383601,0.22450476837908753,0.29498939577292355,240.28275473060052,live_unpatched_same_model,1.232620200025849
final_decision_continuous__minus__evaluation_continuous,reversed_directionality,10,267,400,25,-0.07048462739383601,0.0189755328426991,0.08946016023653511,91.30105646240334,live_unpatched_same_model,1.23292430001311
final_decision_continuous__minus__evaluation_continuous,reversed_directionality,11,186,340,0,-0.07238775521631799,-0.18590098974301408,-0.1135132345266961,30.520381107446507,live_unpatched_same_model,1.2340087000047788
final_decision_continuous__minus__evaluation_continuous,reversed_directionality,11,186,340,1,-0.07238775521631799,-0.09724655776708654,-0.024858802550768555,32.02612122357113,live_unpatched_same_model,1.2337397999945097
final_decision_continuous__minus__evaluation_continuous,reversed_directionality,11,186,340,2,-0.07238775521631799,-0.13871748612836746,-0.06632973091204947,33.45201173129964,live_unpatched_same_model,1.2353306000004523
final_decision_continuous__minus__evaluation_continuous,reversed_directionality,11,186,340,3,-0.07238775521631799,-0.045508051852020184,0.026879703364297805,37.03177451761567,live_unpatched_same_model,1.2352739999769256
final_decision_continuous__minus__evaluation_continuous,reversed_directionality,11,186,340,4,-0.07238775521631799,-0.02807915196298917,0.04430860325332882,43.82739231994048,live_unpatched_same_model,1.237987999978941
final_decision_continuous__minus__evaluation_continuous,reversed_directionality,11,186,340,5,-0.07238775521631799,-0.02521370539369163,0.04717404982262636,47.769827488369145,live_unpatched_same_model,1.2364665000350215
final_decision_continuous__minus__evaluation_continuous,reversed_directionality,11,186,340,6,-0.07238775521631799,-0.0631270237618196,0.009260731454498392,48.33368264214177,live_unpatched_same_model,1.2360967000131495
final_decision_continuous__minus__evaluation_continuous,reversed_directionality,11,186,340,7,-0.07238775521631799,-0.029775028277441315,0.042612726938876674,51.480704057296286,live_unpatched_same_model,1.2352765999967232
final_decision_continuous__minus__evaluation_continuous,reversed_directionality,11,186,340,8,-0.07238775521631799,-0.00829146121237624,0.06409629400394175,52.37124009891735,live_unpatched_same_model,1.2357903000083752
final_decision_continuous__minus__evaluation_continuous,reversed_directionality,11,186,340,9,-0.07238775521631799,0.027129620689880278,0.09951737590619827,55.920150480745704,live_unpatched_same_model,1.2367032999754883
final_decision_continuous__minus__evaluation_continuous,reversed_directionality,11,186,340,10,-0.07238775521631799,0.046444644882103175,0.11883240009842116,57.66865367180684,live_unpatched_same_model,1.237597499974072
final_decision_continuous__minus__evaluation_continuous,reversed_directionality,11,186,340,11,-0.07238775521631799,0.03998090380648117,0.11236865902279916,61.314244267757736,live_unpatched_same_model,1.234219399979338
final_decision_continuous__minus__evaluation_continuous,reversed_directionality,11,186,340,12,-0.07238775521631799,0.06976835270942819,0.14215610792574618,60.74111716076689,live_unpatched_same_model,1.2339561999542639
final_decision_continuous__minus__evaluation_continuous,reversed_directionality,11,186,340,13,-0.07238775521631799,0.08566180423454159,0.15804955945085958,67.64541535014905,live_unpatched_same_model,1.2353669000440277
final_decision_continuous__minus__evaluation_continuous,reversed_directionality,11,186,340,14,-0.07238775521631799,0.10889185244864352,0.1812796076649615,72.1465807856808,live_unpatched_same_model,1.2390055000432767
final_decision_continuous__minus__evaluation_continuous,reversed_directionality,11,186,340,15,-0.07238775521631799,0.1354190825936657,0.20780683780998369,82.5130156210191,live_unpatched_same_model,1.235127999971155
final_decision_continuous__minus__evaluation_continuous,reversed_directionality,11,186,340,16,-0.07238775521631799,0.1682350314933748,0.24062278670969278,91.22155420908437,live_unpatched_same_model,1.2346244999789633
final_decision_continuous__minus__evaluation_continuous,reversed_directionality,11,186,340,17,-0.07238775521631799,0.22527361896559686,0.29766137418191485,100.86013301994177,live_unpatched_same_model,1.235159299976658
final_decision_continuous__minus__evaluation_continuous,reversed_directionality,11,186,340,18,-0.07238775521631799,0.2971474929225568,0.36953524813887484,110.47015154008825,live_unpatched_same_model,1.2342911000014283
final_decision_continuous__minus__evaluation_continuous,reversed_directionality,11,186,340,19,-0.07238775521631799,0.3375341967496379,0.40992195196595593,124.14250147738309,live_unpatched_same_model,1.234585700032767
final_decision_continuous__minus__evaluation_continuous,reversed_directionality,11,186,340,20,-0.07238775521631799,0.3943169265820511,0.4667046817983691,135.84329272285967,live_unpatched_same_model,1.2358242000336759
final_decision_continuous__minus__evaluation_continuous,reversed_directionality,11,186,340,21,-0.07238775521631799,0.4231476744575522,0.4955354296738702,156.7172635677118,live_unpatched_same_model,1.2345822000061162
final_decision_continuous__minus__evaluation_continuous,reversed_directionality,11,186,340,22,-0.07238775521631799,0.4645395474372819,0.5369273026535999,169.1301236945215,live_unpatched_same_model,1.2371433000080287
final_decision_continuous__minus__evaluation_continuous,reversed_directionality,11,186,340,23,-0.07238775521631799,0.43372842036400305,0.5061161755803211,182.02404432558106,live_unpatched_same_model,1.2362718000076711
final_decision_continuous__minus__evaluation_continuous,reversed_directionality,11,186,340,24,-0.07238775521631799,0.5495684035310996,0.6219561587474176,208.3962438867428,live_unpatched_same_model,1.2363927999977022
final_decision_continuous__minus__evaluation_continuous,reversed_directionality,11,186,340,25,-0.07238775521631799,0.10390716071319618,0.17629491592951418,102.24941825663315,live_unpatched_same_model,1.23492640000768
final_decision_continuous__minus__evaluation_continuous,reversed_directionality,12,181,136,0,-0.0007544091398908059,-0.019667659748171085,-0.01891325060828028,25.045063058341075,live_unpatched_same_model,1.2399057999718934
final_decision_continuous__minus__evaluation_continuous,reversed_directionality,12,181,136,1,-0.0007544091398908059,0.014900438069055383,0.01565484720894619,26.74833583220343,live_unpatched_same_model,1.241070199990645
final_decision_continuous__minus__evaluation_continuous,reversed_directionality,12,181,136,2,-0.0007544091398908059,-0.023900774779807305,-0.0231463656399165,27.295070893510385,live_unpatched_same_model,1.2466420999844559
final_decision_continuous__minus__evaluation_continuous,reversed_directionality,12,181,136,3,-0.0007544091398908059,-0.04345361541444677,-0.042699206274555965,29.12459146081405,live_unpatched_same_model,1.238551100017503
final_decision_continuous__minus__evaluation_continuous,reversed_directionality,12,181,136,4,-0.0007544091398908059,-0.0516704138169632,-0.05091600467707239,33.32191156540258,live_unpatched_same_model,1.2402792999637313
final_decision_continuous__minus__evaluation_continuous,reversed_directionality,12,181,136,5,-0.0007544091398908059,0.0023368743396440196,0.0030912834795348253,36.87906058234026,live_unpatched_same_model,1.2403273999807425
final_decision_continuous__minus__evaluation_continuous,reversed_directionality,12,181,136,6,-0.0007544091398908059,0.013302242326293548,0.014056651466184355,38.254754768042154,live_unpatched_same_model,1.2401963000302203
final_decision_continuous__minus__evaluation_continuous,reversed_directionality,12,181,136,7,-0.0007544091398908059,0.05847594959357606,0.05923035873346687,47.596440306926205,live_unpatched_same_model,1.239737799973227
final_decision_continuous__minus__evaluation_continuous,reversed_directionality,12,181,136,8,-0.0007544091398908059,0.034400452070789435,0.03515486121068024,49.42868212584002,live_unpatched_same_model,1.2400201999698766
final_decision_continuous__minus__evaluation_continuous,reversed_directionality,12,181,136,9,-0.0007544091398908059,0.011669793699756827,0.012424202839647633,54.207428353933366,live_unpatched_same_model,1.2401310999994166
final_decision_continuous__minus__evaluation_continuous,reversed_directionality,12,181,136,10,-0.0007544091398908059,-0.0023897527410430943,-0.0016353436011522884,58.28186684408418,live_unpatched_same_model,1.2381932999705896
final_decision_continuous__minus__evaluation_continuous,reversed_directionality,12,181,136,11,-0.0007544091398908059,0.018078973328232356,0.01883338246812316,65.112915858948,live_unpatched_same_model,1.2393911999533884
final_decision_continuous__minus__evaluation_continuous,reversed_directionality,12,181,136,12,-0.0007544091398908059,0.013779188869531734,0.014533598009422541,63.76948197702262,live_unpatched_same_model,1.2394088999717496
final_decision_continuous__minus__evaluation_continuous,reversed_directionality,12,181,136,13,-0.0007544091398908059,-0.02169885634562415,-0.020944447205733345,75.19699958844267,live_unpatched_same_model,1.240575700008776
final_decision_continuous__minus__evaluation_continuous,reversed_directionality,12,181,136,14,-0.0007544091398908059,-0.019788078842818278,-0.019033669702927473,78.51039383046843,live_unpatched_same_model,1.240441300033126
final_decision_continuous__minus__evaluation_continuous,reversed_directionality,12,181,136,15,-0.0007544091398908059,0.015833706310467127,0.016588115450357932,97.44094405724881,live_unpatched_same_model,1.2398822999675758
final_decision_continuous__minus__evaluation_continuous,reversed_directionality,12,181,136,16,-0.0007544091398908059,-0.03684808029977007,-0.03609367115987926,116.03163296880876,live_unpatched_same_model,1.2391120999818668
final_decision_continuous__minus__evaluation_continuous,reversed_directionality,12,181,136,17,-0.0007544091398908059,0.037685799911609,0.03844020905149981,122.67646432304292,live_unpatched_same_model,1.239920899970457
final_decision_continuous__minus__evaluation_continuous,reversed_directionality,12,181,136,18,-0.0007544091398908059,0.05723978088003594,0.05799419001992674,140.6596907411564,live_unpatched_same_model,1.239323100016918
final_decision_continuous__minus__evaluation_continuous,reversed_directionality,12,181,136,19,-0.0007544091398908059,0.031047795057396205,0.031802204197287014,156.65898946919893,live_unpatched_same_model,1.2395174000412226
final_decision_continuous__minus__evaluation_continuous,reversed_directionality,12,181,136,20,-0.0007544091398908059,0.05607553444321664,0.056829943583107445,169.72286680931444,live_unpatched_same_model,1.2392688999534585
final_decision_continuous__minus__evaluation_continuous,reversed_directionality,12,181,136,21,-0.0007544091398908059,0.026719587154055396,0.0274739962939462,199.13027486903138,live_unpatched_same_model,1.2394834999577142
final_decision_continuous__minus__evaluation_continuous,reversed_directionality,12,181,136,22,-0.0007544091398908059,-0.00015783980374045362,0.0005965693361503523,223.20431659815668,live_unpatched_same_model,1.2398331000003964
final_decision_continuous__minus__evaluation_continuous,reversed_directionality,12,181,136,23,-0.0007544091398908059,0.008433714750915573,0.00918812389080638,244.93759631824827,live_unpatched_same_model,1.2401558000128716
final_decision_continuous__minus__evaluation_continuous,reversed_directionality,12,181,136,24,-0.0007544091398908059,-0.05163712564519021,-0.05088271650529941,274.49746209380856,live_unpatched_same_model,1.2388886000262573
final_decision_continuous__minus__evaluation_continuous,reversed_directionality,12,181,136,25,-0.0007544091398908059,-0.015017765982348547,-0.01426335684245774,93.57129118350151,live_unpatched_same_model,1.2393448000075296
final_decision_continuous__minus__evaluation_continuous,reversed_directionality,13,70,135,0,0.3260313940895725,0.2511207435162155,-0.074910650573357,25.137764462337277,live_unpatched_same_model,1.23315939999884
final_decision_continuous__minus__evaluation_continuous,reversed_directionality,13,70,135,1,0.3260313940895725,0.23476815193476797,-0.09126324215480452,26.79693194201675,live_unpatched_same_model,1.2348102999967523
final_decision_continuous__minus__evaluation_continuous,reversed_directionality,13,70,135,2,0.3260313940895725,0.29002248192884716,-0.036008912160725326,27.385249045379165,live_unpatched_same_model,1.2345722999889404
final_decision_continuous__minus__evaluation_continuous,reversed_directionality,13,70,135,3,0.3260313940895725,0.2689934374245799,-0.05703795666499262,29.25199638492225,live_unpatched_same_model,1.2358715999871492
final_decision_continuous__minus__evaluation_continuous,reversed_directionality,13,70,135,4,0.3260313940895725,0.3155775992429415,-0.010453794846631004,34.29570462343907,live_unpatched_same_model,1.2368488000356592
final_decision_continuous__minus__evaluation_continuous,reversed_directionality,13,70,135,5,0.3260313940895725,0.25981763512320144,-0.06621375896637105,38.785120453504774,live_unpatched_same_model,1.2374398999963887
final_decision_continuous__minus__evaluation_continuous,reversed_directionality,13,70,135,6,0.3260313940895725,0.21666065240011254,-0.10937074168945995,40.19602842455678,live_unpatched_same_model,1.2350318999961019
final_decision_continuous__minus__evaluation_continuous,reversed_directionality,13,70,135,7,0.3260313940895725,0.1864705133937379,-0.13956088069583458,45.129288091953285,live_unpatched_same_model,1.2350234999903478
final_decision_continuous__minus__evaluation_continuous,reversed_directionality,13,70,135,8,0.3260313940895725,0.2391790669925776,-0.08685232709699489,46.808932850897804,live_unpatched_same_model,1.2358281000051647
final_decision_continuous__minus__evaluation_continuous,reversed_directionality,13,70,135,9,0.3260313940895725,0.21738978132931888,-0.10864161276025361,53.20243553167166,live_unpatched_same_model,1.2497335000080056
final_decision_continuous__minus__evaluation_continuous,reversed_directionality,13,70,135,10,0.3260313940895725,0.1967255012997599,-0.12930589278981258,55.58411258470834,live_unpatched_same_model,1.2342590999905951
final_decision_continuous__minus__evaluation_continuous,reversed_directionality,13,70,135,11,0.3260313940895725,0.2169595114299818,-0.1090718826595907,61.358254870164714,live_unpatched_same_model,1.2581310999812558
final_decision_continuous__minus__evaluation_continuous,reversed_directionality,13,70,135,12,0.3260313940895725,0.2214879182286512,-0.1045434758609213,61.14127235710111,live_unpatched_same_model,1.2445236999774352
final_decision_continuous__minus__evaluation_continuous,reversed_directionality,13,70,135,13,0.3260313940895725,0.26017929340203244,-0.06585210068754005,72.74873458980753,live_unpatched_same_model,1.2377858000108972
final_decision_continuous__minus__evaluation_continuous,reversed_directionality,13,70,135,14,0.3260313940895725,0.2424644885182262,-0.0835669055713463,74.81014126228564,live_unpatched_same_model,1.2346802999963984
final_decision_continuous__minus__evaluation_continuous,reversed_directionality,13,70,135,15,0.3260313940895725,0.30850375994067314,-0.01752763414889935,86.31837241619829,live_unpatched_same_model,1.241389699978754
final_decision_continuous__minus__evaluation_continuous,reversed_directionality,13,70,135,16,0.3260313940895725,0.24548952212531105,-0.08054187196426144,98.86628640118074,live_unpatched_same_model,1.2360173999913968
final_decision_continuous__minus__evaluation_continuous,reversed_directionality,13,70,135,17,0.3260313940895725,0.2439056946512373,-0.0821256994383352,106.04457144100333,live_unpatched_same_model,1.2581153999781236
final_decision_continuous__minus__evaluation_continuous,reversed_directionality,13,70,135,18,0.3260313940895725,0.15296625307302397,-0.17306514101654852,122.81877739166838,live_unpatched_same_model,1.23358850000659
final_decision_continuous__minus__evaluation_continuous,reversed_directionality,13,70,135,19,0.3260313940895725,0.09048068351029624,-0.23555071057927623,133.86533456399275,live_unpatched_same_model,1.2337626999942586
final_decision_continuous__minus__evaluation_continuous,reversed_directionality,13,70,135,20,0.3260313940895725,0.08153197409333471,-0.24449941999623778,144.54469502676466,live_unpatched_same_model,1.2355352999875322
final_decision_continuous__minus__evaluation_continuous,reversed_directionality,13,70,135,21,0.3260313940895725,0.07238471232534835,-0.2536466817642241,170.34806198996858,live_unpatched_same_model,1.2355518999975175
final_decision_continuous__minus__evaluation_continuous,reversed_directionality,13,70,135,22,0.3260313940895725,0.056475335465184184,-0.2695560586243883,186.0813155007088,live_unpatched_same_model,1.2350700999959372
final_decision_continuous__minus__evaluation_continuous,reversed_directionality,13,70,135,23,0.3260313940895725,0.030770727820824018,-0.2952606662687485,200.07427647427872,live_unpatched_same_model,1.2330710000242107
final_decision_continuous__minus__evaluation_continuous,reversed_directionality,13,70,135,24,0.3260313940895725,0.006190674373260415,-0.31984071971631206,219.76059441970227,live_unpatched_same_model,1.235243300034199
final_decision_continuous__minus__evaluation_continuous,reversed_directionality,13,70,135,25,0.3260313940895725,0.24030762152899707,-0.08572377256057542,77.94994795866997,live_unpatched_same_model,1.2348690999788232
final_decision_continuous__minus__evaluation_continuous,reversed_directionality,14,407,6,0,0.2684616533763441,0.23460581732597385,-0.033855836050370236,22.459829966270416,live_unpatched_same_model,1.236242900020443
final_decision_continuous__minus__evaluation_continuous,reversed_directionality,14,407,6,1,0.2684616533763441,0.23382872734093496,-0.03463292603540913,23.270529211259507,live_unpatched_same_model,1.2365826000459492
final_decision_continuous__minus__evaluation_continuous,reversed_directionality,14,407,6,2,0.2684616533763441,0.22706627412320754,-0.04139537925313655,24.515970963487145,live_unpatched_same_model,1.240748500043992
final_decision_continuous__minus__evaluation_continuous,reversed_directionality,14,407,6,3,0.2684616533763441,0.2346923958547874,-0.033769257521556684,26.396874219888165,live_unpatched_same_model,1.237651299976278
final_decision_continuous__minus__evaluation_continuous,reversed_directionality,14,407,6,4,0.2684616533763441,0.20366122411337279,-0.0648004292629713,30.71313654972895,live_unpatched_same_model,1.2377906999900006
final_decision_continuous__minus__evaluation_continuous,reversed_directionality,14,407,6,5,0.2684616533763441,0.18901953970413732,-0.07944211367220677,36.2014671016833,live_unpatched_same_model,1.2370331999845803
final_decision_continuous__minus__evaluation_continuous,reversed_directionality,14,407,6,6,0.2684616533763441,0.21133321717819675,-0.05712843619814734,35.635845319080104,live_unpatched_same_model,1.238079699978698
final_decision_continuous__minus__evaluation_continuous,reversed_directionality,14,407,6,7,0.2684616533763441,0.2381061220458052,-0.030355531330538893,41.17414749757062,live_unpatched_same_model,1.2365226999972947
final_decision_continuous__minus__evaluation_continuous,reversed_directionality,14,407,6,8,0.2684616533763441,0.22597159966319147,-0.04249005371315262,41.55404119993371,live_unpatched_same_model,1.2369717999827117
final_decision_continuous__minus__evaluation_continuous,reversed_directionality,14,407,6,9,0.2684616533763441,0.2059737609498344,-0.06248789242650968,47.77391874504619,live_unpatched_same_model,1.2408738000085577
final_decision_continuous__minus__evaluation_continuous,reversed_directionality,14,407,6,10,0.2684616533763441,0.21547926520918315,-0.05298238816716094,48.751789162480534,live_unpatched_same_model,1.237854300008621
final_decision_continuous__minus__evaluation_continuous,reversed_directionality,14,407,6,11,0.2684616533763441,0.181029151375716,-0.08743250200062808,54.40626821254715,live_unpatched_same_model,1.2392815999919549
final_decision_continuous__minus__evaluation_continuous,reversed_directionality,14,407,6,12,0.2684616533763441,0.20766223582923715,-0.06079941754710694,53.85444467591183,live_unpatched_same_model,1.2380064000026323
final_decision_continuous__minus__evaluation_continuous,reversed_directionality,14,407,6,13,0.2684616533763441,0.19302980789167845,-0.07543184548466564,62.27993472293842,live_unpatched_same_model,1.2373822999652475
final_decision_continuous__minus__evaluation_continuous,reversed_directionality,14,407,6,14,0.2684616533763441,0.17966853508840458,-0.08879311828793951,63.96493467993772,live_unpatched_same_model,1.2384117000037804
final_decision_continuous__minus__evaluation_continuous,reversed_directionality,14,407,6,15,0.2684616533763441,0.12008913238544346,-0.14837252099090065,73.72686827647391,live_unpatched_same_model,1.2377999000018463
final_decision_continuous__minus__evaluation_continuous,reversed_directionality,14,407,6,16,0.2684616533763441,0.13197403731491322,-0.13648761606143087,84.24165518958847,live_unpatched_same_model,1.2378909999970347
final_decision_continuous__minus__evaluation_continuous,reversed_directionality,14,407,6,17,0.2684616533763441,0.10269736960735264,-0.16576428376899144,88.77904816958701,live_unpatched_same_model,1.237544199975673
final_decision_continuous__minus__evaluation_continuous,reversed_directionality,14,407,6,18,0.2684616533763441,0.062062565805268324,-0.20639908757107578,99.69807161519218,live_unpatched_same_model,1.2375934000010602
final_decision_continuous__minus__evaluation_continuous,reversed_directionality,14,407,6,19,0.2684616533763441,0.06488354793322346,-0.20357810544312063,108.37033130190954,live_unpatched_same_model,1.2383227999671362
final_decision_continuous__minus__evaluation_continuous,reversed_directionality,14,407,6,20,0.2684616533763441,0.060585184902502975,-0.20787646847384111,119.21322106649123,live_unpatched_same_model,1.2375704000005499
final_decision_continuous__minus__evaluation_continuous,reversed_directionality,14,407,6,21,0.2684616533763441,0.009058025614515101,-0.259403627761829,138.08238514375114,live_unpatched_same_model,1.236038599978201
final_decision_continuous__minus__evaluation_continuous,reversed_directionality,14,407,6,22,0.2684616533763441,-0.027446069047227142,-0.2959077224235712,153.48549432430804,live_unpatched_same_model,1.2380386999575421
final_decision_continuous__minus__evaluation_continuous,reversed_directionality,14,407,6,23,0.2684616533763441,-0.012999400097782695,-0.2814610534741268,167.6735116112974,live_unpatched_same_model,1.2375625999993645
final_decision_continuous__minus__evaluation_continuous,reversed_directionality,14,407,6,24,0.2684616533763441,0.03128386422544202,-0.23717778915090207,189.44734771104243,live_unpatched_same_model,1.23736899998039
final_decision_continuous__minus__evaluation_continuous,reversed_directionality,14,407,6,25,0.2684616533763441,0.20560599984038688,-0.0628556535359572,70.88303860095762,live_unpatched_same_model,1.2382260999875143
final_decision_continuous__minus__evaluation_continuous,reversed_directionality,15,4,174,0,-0.029526539326238135,-0.03379515568342063,-0.004268616357182498,36.98043614221483,live_unpatched_same_model,1.2339821999776177
final_decision_continuous__minus__evaluation_continuous,reversed_directionality,15,4,174,1,-0.029526539326238135,-0.034252163504793945,-0.00472562417855581,38.17048885911548,live_unpatched_same_model,1.232285700039938
final_decision_continuous__minus__evaluation_continuous,reversed_directionality,15,4,174,2,-0.029526539326238135,0.03239548682652557,0.06192202615276371,40.1663064347661,live_unpatched_same_model,1.2331020000274293
final_decision_continuous__minus__evaluation_continuous,reversed_directionality,15,4,174,3,-0.029526539326238135,0.10663863244382288,0.13616517177006102,40.32438782297989,live_unpatched_same_model,1.2344362000003457
final_decision_continuous__minus__evaluation_continuous,reversed_directionality,15,4,174,4,-0.029526539326238135,0.14012557107318785,0.169652110399426,44.42563637485175,live_unpatched_same_model,1.233682400023099
final_decision_continuous__minus__evaluation_continuous,reversed_directionality,15,4,174,5,-0.029526539326238135,0.12301691431054872,0.15254345363678684,48.41204790954653,live_unpatched_same_model,1.2335148000274785
final_decision_continuous__minus__evaluation_continuous,reversed_directionality,15,4,174,6,-0.029526539326238135,0.13294156047320907,0.1624680997994472,48.60203683487621,live_unpatched_same_model,1.2344931999687105
final_decision_continuous__minus__evaluation_continuous,reversed_directionality,15,4,174,7,-0.029526539326238135,0.1334624181537621,0.16298895748000025,54.18299025977733,live_unpatched_same_model,1.2327616000548005
final_decision_continuous__minus__evaluation_continuous,reversed_directionality,15,4,174,8,-0.029526539326238135,0.1140752131372527,0.14360175246349083,55.89811688947446,live_unpatched_same_model,1.2339474000036716
final_decision_continuous__minus__evaluation_continuous,reversed_directionality,15,4,174,9,-0.029526539326238135,0.13340748666354005,0.1629340259897782,61.69409066148584,live_unpatched_same_model,1.236914600012824
final_decision_continuous__minus__evaluation_continuous,reversed_directionality,15,4,174,10,-0.029526539326238135,0.13003628061846226,0.1595628199447004,67.87174893475596,live_unpatched_same_model,1.2338012999971397
final_decision_continuous__minus__evaluation_continuous,reversed_directionality,15,4,174,11,-0.029526539326238135,0.16819863423342643,0.19772517355966457,79.23736484534315,live_unpatched_same_model,1.2367570999776945
final_decision_continuous__minus__evaluation_continuous,reversed_directionality,15,4,174,12,-0.029526539326238135,0.1258574231861508,0.15538396251238895,80.5922115057571,live_unpatched_same_model,1.2378521999926306
final_decision_continuous__minus__evaluation_continuous,reversed_directionality,15,4,174,13,-0.029526539326238135,0.10461952878761416,0.1341460681138523,81.15134321985354,live_unpatched_same_model,1.2378114000312053
final_decision_continuous__minus__evaluation_continuous,reversed_directionality,15,4,174,14,-0.029526539326238135,0.08997611913790905,0.11950265846414719,80.41159193967847,live_unpatched_same_model,1.2340526999905705
final_decision_continuous__minus__evaluation_continuous,reversed_directionality,15,4,174,15,-0.029526539326238135,0.12873683939827188,0.15826337872451002,96.26876822334717,live_unpatched_same_model,1.2357999000232667
final_decision_continuous__minus__evaluation_continuous,reversed_directionality,15,4,174,16,-0.029526539326238135,0.10571703483252957,0.1352435741587677,105.60069908155602,live_unpatched_same_model,1.2344441000022925
final_decision_continuous__minus__evaluation_continuous,reversed_directionality,15,4,174,17,-0.029526539326238135,0.1808123295240157,0.21033886885025385,110.29193618608348,live_unpatched_same_model,1.233752500033006
final_decision_continuous__minus__evaluation_continuous,reversed_directionality,15,4,174,18,-0.029526539326238135,0.17063382888768158,0.20016036821391972,124.62303181676114,live_unpatched_same_model,1.2342551999608986
final_decision_continuous__minus__evaluation_continuous,reversed_directionality,15,4,174,19,-0.029526539326238135,0.25694056869783705,0.28646710802407516,141.13183472222252,live_unpatched_same_model,1.2340369999874383
final_decision_continuous__minus__evaluation_continuous,reversed_directionality,15,4,174,20,-0.029526539326238135,0.3032981441586152,0.33282468348485333,152.7193039934101,live_unpatched_same_model,1.2339575000223704
final_decision_continuous__minus__evaluation_continuous,reversed_directionality,15,4,174,21,-0.029526539326238135,0.24175044785424343,0.27127698718048154,179.56942447075485,live_unpatched_same_model,1.2324531000340357
final_decision_continuous__minus__evaluation_continuous,reversed_directionality,15,4,174,22,-0.029526539326238135,0.1670084749387495,0.19653501426498765,202.28267900895185,live_unpatched_same_model,1.2346380000235513
final_decision_continuous__minus__evaluation_continuous,reversed_directionality,15,4,174,23,-0.029526539326238135,0.21598034086797324,0.24550688019421138,219.5987495810457,live_unpatched_same_model,1.2383173999842256
final_decision_continuous__minus__evaluation_continuous,reversed_directionality,15,4,174,24,-0.029526539326238135,0.22979122552046863,0.25931776484670677,243.427673574582,live_unpatched_same_model,1.2341215999913402
final_decision_continuous__minus__evaluation_continuous,reversed_directionality,15,4,174,25,-0.029526539326238135,0.04802018292747637,0.0775467222537145,98.03885031155652,live_unpatched_same_model,1.2343337000347674
