dimension,layer,token_id,token,corpus_count,filter_status,retained,mean_raw_logit,median_raw_logit,maximum_raw_logit,best_corpus_rank,median_corpus_rank,participants_top10,participants_top50,participants_top100
Evaluation,12,139,,35,unreadable,False,2.3588505279040572,4.803600283693591,12.743319176075106,115,458.5,0,0,0
Evaluation,12,473,in,1,frequency_below_5,False,1.7643903234318323,4.060199541818967,10.756939488073668,165,516.5,0,0,0
Evaluation,12,476,a,281,unreadable,False,6.216123995827871,13.052542690853269,21.42201885881213,15,74.5,0,160,290
Evaluation,12,485,s,2,frequency_below_5,False,4.735927722767119,5.892860876405692,11.32044923889533,125,370.0,0,0,0
Evaluation,12,489,th,2,frequency_below_5,False,-7.520459392931412,-4.552351123308038,2.609605034178885,724,1058.0,0,0,0
Evaluation,12,491,nd,3,frequency_below_5,False,-3.6678653038835964,-1.4865822401946218,3.0646266480888915,625,920.0,0,0,0
Evaluation,12,495,de,2,frequency_below_5,False,-5.481534052420745,-2.9473224342304416,4.259711607766693,573,995.0,0,0,0
Evaluation,12,496,i,44,unreadable,False,3.516698856691045,6.186440369585591,12.696436412058896,90,385.5,0,0,1
Evaluation,12,503,p,1,frequency_below_5,False,2.3385783619240534,4.644528095384599,11.923403246030311,190,478.0,0,0,0
Evaluation,12,509,ed,5,retained,True,2.9526068980141127,5.732540655441731,11.296668283637041,79,414.0,0,0,1
Evaluation,12,511,to,1,frequency_below_5,False,-0.9293143482280019,1.4569879734230184,8.121185840617871,277,708.5,0,0,0
Evaluation,12,524,ve,6,retained,True,0.32960622992816463,0.5869271415737127,5.107108270100077,250,691.5,0,0,0
Evaluation,12,529,ll,2,frequency_below_5,False,0.6404566851386149,0.7734914516684075,5.522785591462609,192,734.5,0,0,0
Evaluation,12,533,l,1,frequency_below_5,False,-0.6110554837020048,0.6772118032382904,9.283083214461094,332,745.0,0,0,0
Evaluation,12,556,na,1,frequency_below_5,False,-5.588960809089366,-2.359554913485539,4.355687595691401,615,970.5,0,0,0
Evaluation,12,573,the,511,non_content,False,7.022293378798006,11.150293605117934,22.285651482516815,15,132.5,0,53,182
Evaluation,12,574,ing,2,frequency_below_5,False,6.140499452259974,8.313301028038818,13.324869757567107,57,258.0,0,0,15
Evaluation,12,575,in,109,non_content,False,17.835973469566866,21.48140448744279,27.45981502740281,1,3.0,377,403,406
Evaluation,12,576,of,74,non_content,False,16.931172276094795,18.662526727872724,26.298612278687997,1,9.0,281,420,466
Evaluation,12,577,to,385,non_content,False,17.53054665102791,20.844574729438072,28.345084808489755,1,3.0,363,397,404
Evaluation,12,578,and,140,non_content,False,8.502394602270202,16.17376153036759,25.851753925155833,2,27.5,87,307,343
Evaluation,12,579,ent,1,frequency_below_5,False,-2.112747016298157,0.3315322658906324,5.65867167121391,471,803.0,0,0,0
Evaluation,12,586,A,6,unreadable,False,1.115961192525715,3.414181293231279,9.715363476190282,156,547.0,0,0,0
Evaluation,12,590,I,530,unreadable,False,9.153897188301098,13.12760677587303,23.7259566122045,2,76.0,13,165,288
Evaluation,12,591,(,12,unreadable,False,1.8423646178973048,8.187308892029165,15.186473203643436,52,269.0,0,0,13
Evaluation,12,598,ver,1,frequency_below_5,False,-0.5955085083789345,-0.4613302326469365,5.718289733539992,263,796.0,0,0,0
Evaluation,12,603,is,6,non_content,False,9.610638632926578,12.530598255876,21.660666776383795,9,85.0,2,96,301
Evaluation,12,604,for,58,non_content,False,16.26057503606779,18.934650990182718,26.34397651031363,1,8.0,325,401,405
Evaluation,12,607,ate,1,frequency_below_5,False,-4.031102355596375,-0.16750505638322621,5.421917393182465,508,833.0,0,0,0
Evaluation,12,611,on,84,non_content,False,14.387946296548368,18.788036214633514,25.675910593745066,2,8.0,276,378,390
Evaluation,12,614,be,21,non_content,False,7.9846481603802335,10.176163348802438,16.66734476738518,28,156.0,0,2,73
Evaluation,12,617,ts,1,frequency_below_5,False,-1.0599382083022044,1.4714055174104361,7.167288711321295,392,716.0,0,0,0
Evaluation,12,619,ue,1,frequency_below_5,False,-11.926444433031904,-9.302858371662534,-3.5204402232821317,1050,1127.5,0,0,0
Evaluation,12,626,ay,1,frequency_below_5,False,-5.078385335760285,-3.052116156608193,2.494826448157177,615,990.0,0,0,0
Evaluation,12,648,if,3,frequency_below_5,False,-3.2448257332782573,-0.9384867157101275,6.439147524255183,377,878.0,0,0,0
Evaluation,12,651,The,3,frequency_below_5,False,8.427469529434244,8.413795485719003,16.418872459766725,13,199.0,0,30,84
Evaluation,12,656,pro,1,frequency_below_5,False,3.169628560288385,4.0933778997164145,9.403069826594528,130,469.0,0,0,0
Evaluation,12,664,"""",11,unreadable,False,-1.0221589502076482,3.886474749674004,12.363133956729754,175,532.0,0,0,0
Evaluation,12,665,it,138,non_content,False,8.57230215186725,13.460554940652331,21.70575135242772,5,60.0,9,209,312
Evaluation,12,671,an,4,frequency_below_5,False,-0.9556300494983919,4.8924077685488845,12.616823204392233,169,466.0,0,0,0
Evaluation,12,674,that,146,non_content,False,12.299224098918227,16.30198890092033,22.919993062700662,3,23.0,60,347,377
Evaluation,12,675,with,156,non_content,False,13.648036840440586,17.46980194538816,22.924239038587444,3,17.0,128,371,390
Evaluation,12,682,me,89,non_content,False,0.9414972158476652,4.604031507954245,11.965877288804446,185,485.0,0,0,0
Evaluation,12,685,as,53,non_content,False,12.49421524676167,16.144312998453145,22.864170308478876,5,25.0,20,363,381
Evaluation,12,689,or,39,non_content,False,7.676238790038049,12.441667719230049,21.41082738033384,6,91.0,4,124,262
Evaluation,12,692,you,11,non_content,False,9.548281093091195,15.402781302475827,22.53907835494246,4,37.0,36,292,350
Evaluation,12,693,he,9,non_content,False,0.8900743029763,4.373237966463064,11.334023742418042,210,498.5,0,0,0
Evaluation,12,696,at,34,non_content,False,14.099612774493966,18.040043101555508,24.066639686514087,3,12.0,191,380,394
Evaluation,12,708,are,3,frequency_below_5,False,4.847743348778927,8.25363939980144,15.136428840199695,53,258.0,0,0,6
Evaluation,12,712,so,32,non_content,False,9.265764970841765,13.290320812089641,19.6433331684472,24,66.5,0,147,335
Evaluation,12,714,The,3,frequency_below_5,False,-4.130946415212961,-1.1031129185407749,6.311210874650861,400,889.0,0,0,0
Evaluation,12,728,-,71,unreadable,False,1.8118621638825132,4.938053362885766,11.435604426575027,138,450.0,0,0,0
Evaluation,12,729,was,155,non_content,False,11.8152839179387,13.084286827789088,21.80526703002465,4,71.5,10,145,346
Evaluation,12,731,by,12,non_content,False,11.335035344243224,15.17486470485939,20.811703120076153,7,36.0,4,326,373
Evaluation,12,736,this,5,non_content,False,8.542310901492916,11.833061970288389,19.192001497288828,27,109.0,0,37,223
Evaluation,12,746,for,2,frequency_below_5,False,-0.7679740820666483,0.8444170485723229,6.665022517631865,302,749.5,0,0,0
Evaluation,12,749,do,7,retained,True,6.598012829604084,10.357320764452181,18.170736454704592,24,157.5,0,7,92
Evaluation,12,774,from,15,non_content,False,14.440631648314554,17.51791732718067,23.97423728122836,3,15.0,125,388,397
Evaluation,12,777,',2,frequency_below_5,False,1.8275686759208138,4.373870007906146,10.60104885342652,190,494.0,0,0,0
Evaluation,12,780,not,63,non_content,False,10.448438821062659,13.386291677874553,21.964665788563757,6,66.0,4,183,341
Evaluation,12,783,we,6,non_content,False,6.086768878408038,10.728999970913499,17.747561096860014,29,138.0,0,13,150
Evaluation,12,791,have,17,non_content,False,10.745340114595516,13.119544714611349,19.349134093559723,10,74.0,1,118,346
Evaluation,12,793,no,130,non_content,False,12.61295506464257,14.31074899889403,21.530627081381812,6,46.0,13,293,431
Evaluation,12,794,--,1,frequency_below_5,False,1.822207176801483,4.1740633347153855,10.199315427349848,215,511.0,0,0,0
Evaluation,12,798,can,1,frequency_below_5,False,7.266247426312203,10.526964652568019,16.29735081628684,35,156.0,0,2,87
Evaluation,12,800,sed,1,frequency_below_5,False,-2.522369035132182,-1.6864139518214483,3.086548463136725,571,868.5,0,0,0
Evaluation,12,802,tic,1,frequency_below_5,False,-7.406241751832702,-3.9986120022140312,0.6524619547691641,798,1041.0,0,0,0
Evaluation,12,823,"),",1,frequency_below_5,False,-5.756704316476368,-4.59942836078683,1.3441055367659032,578,1030.0,0,0,0
Evaluation,12,832,all,12,retained,True,11.706835095780383,16.17509876836594,22.46185916123456,4,26.0,24,345,374
Evaluation,12,840,ated,2,frequency_below_5,False,-1.5525046714417534,1.5387408806930867,5.387670221294769,407,716.5,0,0,0
Evaluation,12,842,per,1,frequency_below_5,False,3.1136494365138314,5.892032760643749,11.928943973557319,149,397.0,0,0,0
Evaluation,12,846,).,4,frequency_below_5,False,-8.886127201413586,-7.1158967232165296,-0.39096161453726097,721,1103.0,0,0,0
Evaluation,12,854,red,1,frequency_below_5,False,-4.673402391358532,-3.3457613609364723,1.2158739917860455,710,980.0,0,0,0
Evaluation,12,871,go,15,retained,True,10.781965657666483,12.049440184521982,17.8245252560298,24,93.0,0,46,284
Evaluation,12,877,will,2,frequency_below_5,False,3.2204510547922247,6.689277001725209,13.38739260765256,98,351.5,0,0,1
Evaluation,12,878,In,5,non_content,False,2.1015505978259994,4.027402007268739,9.738652472954309,161,526.5,0,0,0
Evaluation,12,886,In,3,frequency_below_5,False,9.916451681617566,9.881344523926522,16.497945616612913,7,161.5,2,65,159
Evaluation,12,888,new,7,retained,True,8.978980606435059,10.241184975387398,16.531883206725364,21,155.0,0,14,95
Evaluation,12,901,but,34,non_content,False,5.200653654613922,9.339644260046763,17.361449091594707,32,201.0,0,3,48
Evaluation,12,908,up,15,retained,True,13.911964004467126,17.030627464573936,24.256617065809976,2,19.0,97,370,387
Evaluation,12,917,us,1,frequency_below_5,False,-1.8761705008279546,1.7851895748175832,8.766153849038819,310,681.5,0,0,0
Evaluation,12,921,out,25,retained,True,13.120899807482036,16.764252318754266,22.37076007715899,4,20.0,53,361,375
Evaluation,12,931,so,1,frequency_below_5,False,-4.986870105409009,-2.8246726933758417,1.7574339403727193,700,989.5,0,0,0
Evaluation,12,947,get,17,retained,True,10.706621434192714,13.184009664229979,20.15304248247885,13,68.0,0,141,343
Evaluation,12,948,which,21,retained,True,7.655570785901369,10.319889434708049,15.508936172463764,29,172.0,0,5,90
Evaluation,12,955,...,4,frequency_below_5,False,-0.7295147872421244,2.717567703410234,10.798251501666803,223,608.0,0,0,0
Evaluation,12,956,no,60,non_content,False,0.05260057238298768,1.0674607292584712,7.055632074803547,119,689.5,0,0,0
Evaluation,12,959,ti,1,frequency_below_5,False,-7.267835582509433,-4.494474352310302,1.9807772123814005,765,1057.0,0,0,0
Evaluation,12,963,+,15,unreadable,False,0.8614852692746645,3.591312195536765,10.823000301707433,149,550.0,0,0,0
Evaluation,12,970,my,50,non_content,False,5.052718336350347,10.227006077648758,16.61783489548024,27,172.0,0,4,95
Evaluation,12,974,one,151,non_content,False,12.635661931596937,16.245867772200167,21.45572541713084,5,28.0,19,364,381
Evaluation,12,978,more,73,retained,True,11.19913029168286,14.65183217355031,21.579609838391317,4,47.0,5,263,363
Evaluation,12,984,they,73,non_content,False,8.358212585253444,10.982963221582612,17.95122897593714,17,129.0,0,28,177
Evaluation,12,989,dis,2,frequency_below_5,False,-0.6158097236974948,1.7710247730495876,7.0784352407029045,391,688.0,0,0,0
Evaluation,12,1009,some,8,retained,True,11.732037588399166,15.722173015745248,23.249177209673608,1,31.0,23,331,373
Evaluation,12,1013,if,73,non_content,False,8.21019439120794,11.913222387614983,21.034964846381538,5,105.0,3,89,233
Evaluation,12,1024,their,2,frequency_below_5,False,3.279647161640607,6.529392358579781,13.346253974745377,91,360.0,0,0,2
Evaluation,12,1043,ish,1,frequency_below_5,False,-1.515734444790557,1.502452687253475,8.471234532372462,291,716.0,0,0,0
Evaluation,12,1049,were,28,non_content,False,8.834431099937618,9.887463410509596,16.077396322813666,31,173.5,0,6,45
Evaluation,12,1064,who,32,retained,True,4.45720626688887,7.684030427627599,17.1301927445196,14,295.0,0,6,36
Evaluation,12,1069,time,30,non_content,False,10.091697611658143,12.14258118564112,17.09722313597949,16,96.5,0,43,259
Evaluation,12,1089,any,20,retained,True,2.931433825540949,6.1849633126634025,13.548507425880578,100,390.5,0,0,1
Evaluation,12,1093,had,37,non_content,False,8.376715880051385,9.925824563474597,18.463626033861445,15,177.5,0,8,55
Evaluation,12,1104,there,22,non_content,False,6.534761620175922,9.562723878451521,16.329717607805907,29,198.0,0,2,59
Evaluation,12,1105,about,12,non_content,False,10.672220183773867,13.464921791262391,20.97687720888126,14,64.0,0,126,359
Evaluation,12,1125,been,3,frequency_below_5,False,7.104336877424986,9.513042406825587,15.172038932052821,64,199.0,0,0,19
Evaluation,12,1134,would,112,non_content,False,7.388012918411683,9.509262071265788,17.671114292121548,21,196.5,0,8,74
Evaluation,12,1142,set,1,frequency_below_5,False,4.762370857809536,8.022027755635518,13.376182224513697,99,273.0,0,0,2
Evaluation,12,1144,am,1,frequency_below_5,False,4.728738757734984,5.299156650410394,12.323115229262903,83,397.5,0,0,1
Evaluation,12,1150,mu,1,frequency_below_5,False,-0.28376661325532354,-0.20253252096966143,5.417394145178633,266,762.5,0,0,0
Evaluation,12,1154,like,14,retained,True,14.645904298138277,18.55893003700699,24.97996680835903,1,9.0,262,378,388
Evaluation,12,1156,other,26,retained,True,11.065351078334128,11.20344842042542,16.118206673570597,6,123.0,2,105,189
Evaluation,12,1160,work,13,retained,True,8.957331562810701,10.518811739773964,16.394988979416407,22,152.5,0,23,112
Evaluation,12,1163,over,13,retained,True,14.301147037268548,16.784270167603005,21.97672120717342,2,21.0,49,385,405
Evaluation,12,1165,It,6,non_content,False,-1.7123262088624338,1.138696124894597,9.559320136406669,225,724.0,0,0,0
Evaluation,12,1170,also,8,retained,True,-3.359705876459988,1.2215533523420468,10.657618230530543,219,726.5,0,0,0
Evaluation,12,1173,".,",2,frequency_below_5,False,-7.716967943587696,-5.1739414823886065,-1.0375242064564825,867,1070.0,0,0,0
Evaluation,12,1174,them,22,retained,True,4.612070070258153,7.369208404707024,13.937713573321039,72,297.0,0,0,5
Evaluation,12,1175,the,2,frequency_below_5,False,1.6253366107365093,4.380853292346527,10.367289185177825,208,495.5,0,0,0
Evaluation,12,1178,than,25,retained,True,4.44314864176902,6.93140991004363,13.503305360728106,74,334.5,0,0,1
Evaluation,12,1185,when,57,non_content,False,12.717815667194088,14.921133203271879,20.525629209791553,2,40.0,10,309,392
Evaluation,12,1212,what,11,retained,True,5.247940223698116,9.596337543617553,18.542027280195935,33,185.0,0,5,65
Evaluation,12,1230,know,3,frequency_below_5,False,5.9659448308764365,6.875472128179737,14.684645584295547,10,328.5,1,2,10
Evaluation,12,1249,may,2,frequency_below_5,False,3.4531017566369346,5.9044042560665915,12.215282791974305,137,398.5,0,0,0
Evaluation,12,1274,Q,1,frequency_below_5,False,-7.49748671478431,-5.66129273454191,0.3790473677063525,841,1066.0,0,0,0
Evaluation,12,1277,its,1,frequency_below_5,False,1.4570458507843915,4.574533454211604,10.310886678164653,188,483.5,0,0,0
Evaluation,12,1280,into,6,retained,True,10.792919859955765,12.89340832717258,17.57971238412097,15,82.0,0,91,317
Evaluation,12,1281,use,12,retained,True,6.794174392038672,8.74536988509615,15.196365558621814,21,231.5,0,3,27
Evaluation,12,1285,bet,1,frequency_below_5,False,-2.647433411013867,0.6115881465002363,5.2921114313224935,494,790.0,0,0,0
Evaluation,12,1294,No,42,non_content,False,2.121221112163872,2.2470933920150213,11.456498719236242,15,650.0,0,16,20
Evaluation,12,1297,only,7,retained,True,9.832487045018897,13.721189528652847,19.830406350538617,8,60.5,1,194,333
Evaluation,12,1307,No,155,non_content,False,-2.6747178064084465,-1.4223886925056055,6.971901768981386,145,869.0,0,0,0
Evaluation,12,1317,just,95,non_content,False,11.107633225395018,16.933776213124855,24.31331057844718,1,20.0,118,347,370
Evaluation,12,1354,else,6,retained,True,5.2411209173645545,5.197582342365537,14.24417563180521,16,452.0,0,9,77
Evaluation,12,1355,back,24,retained,True,13.547417206481692,15.498541042958653,22.11955188570353,4,34.0,25,337,405
Evaluation,12,1357,him,4,frequency_below_5,False,-1.074441296491195,0.49254655216545074,7.391715590079788,382,756.5,0,0,0
Evaluation,12,1368,how,7,retained,True,7.089716489114609,8.873239683642876,19.57022790751631,14,232.0,0,11,37
Evaluation,12,1370,first,25,retained,True,11.795663798499008,13.858475315739915,19.970182732947784,7,57.5,5,206,360
Evaluation,12,1377,tive,1,frequency_below_5,False,-5.804728428540683,-3.2324020396902453,1.2688144949616893,800,1005.0,0,0,0
Evaluation,12,1378,two,42,retained,True,7.469055803242723,9.996611199872687,15.015462228974693,34,187.0,0,8,59
Evaluation,12,1382,true,1,frequency_below_5,False,-0.38920905507362613,1.4011003097354395,6.801443422935513,402,702.5,0,0,0
Evaluation,12,1401,off,6,retained,True,6.921300861977668,9.419851187566362,15.94500243962529,35,204.0,0,2,40
Evaluation,12,1417,This,1,frequency_below_5,False,-2.0608679701665036,0.8944558158120772,6.693749035081685,365,756.0,0,0,0
Evaluation,12,1426,good,31,retained,True,8.648612581920732,11.02588485064882,18.33403425526067,12,129.5,0,17,153
Evaluation,12,1443,see,23,retained,True,5.52317848553592,6.982361229359979,12.636729130508968,74,321.5,0,0,2
Evaluation,12,1447,hed,1,frequency_below_5,False,-6.56645415595787,-4.531216495642241,0.5842425344048957,844,1049.0,0,0,0
Evaluation,12,1452,after,35,retained,True,11.617446773802678,14.020563620074814,20.03738802933481,7,53.5,3,221,374
Evaluation,12,1453,don,13,retained,True,6.103396692543556,8.74063644878876,15.471220772044731,42,237.0,0,1,14
Evaluation,12,1461,people,22,retained,True,9.938992982275165,10.753189547526624,18.623333548071084,10,125.0,1,29,155
Evaluation,12,1474,And,1,frequency_below_5,False,-4.554933639885652,-0.6840592541534445,5.346313370218369,481,871.0,0,0,0
Evaluation,12,1476,need,1,frequency_below_5,False,7.0756887356775815,8.029912155211386,13.938039533494644,26,249.5,0,3,23
Evaluation,12,1486,ting,1,frequency_below_5,False,-3.9664026464673294,-1.0332402561024214,3.919409617185633,598,898.0,0,0,0
Evaluation,12,1490,now,1,frequency_below_5,False,6.167569289510807,8.787572812941306,14.423352483443763,44,234.5,0,1,10
Evaluation,12,1492,then,86,retained,True,5.179205376403587,8.226368998343837,15.922906115320494,36,259.0,0,7,59
Evaluation,12,1497,long,12,retained,True,8.923838593563772,11.628932845228018,16.88885948885813,26,120.0,0,10,173
Evaluation,12,1498,did,43,retained,True,5.281231817334857,7.926620667640216,17.634476754027347,18,290.0,0,5,15
Evaluation,12,1500,show,2,frequency_below_5,False,11.423887760092809,11.637600172018562,17.015976730085256,8,106.0,6,133,229
Evaluation,12,1501,make,2,frequency_below_5,False,6.233233286585947,9.270422683499923,14.976026913684045,80,205.5,0,0,6
Evaluation,12,1508,very,7,retained,True,8.935724622883885,12.868723209386278,20.361470231319636,5,80.0,1,134,293
Evaluation,12,1535,every,9,retained,True,10.76614218079937,14.635110212603488,20.175425516215245,3,46.0,7,265,354
Evaluation,12,1536,high,2,frequency_below_5,False,4.70293376833304,6.907750147324588,11.895962008636735,95,333.0,0,0,1
Evaluation,12,1538,could,6,retained,True,3.206699752477036,6.2968991840104795,13.057352205339797,121,374.0,0,0,0
Evaluation,12,1541,sti,1,frequency_below_5,False,-2.1801771830660037,-1.270670420110244,4.1980098958614755,507,849.0,0,0,0
Evaluation,12,1546,most,43,retained,True,4.639860203772377,8.203775538161395,15.991323089807478,48,270.5,0,1,13
Evaluation,12,1552,person,95,retained,True,0.9592156457600685,2.085730114036831,10.27731783337215,198,644.0,0,0,0
Evaluation,12,1563,med,1,frequency_below_5,False,-5.632795091311945,-4.069445675204397,0.3155361693452916,778,1013.0,0,0,0
Evaluation,12,1570,where,9,retained,True,6.58561264297926,10.201315880181609,16.257619827821998,19,163.0,0,4,79
Evaluation,12,1578,well,11,retained,True,6.481851279075419,9.331701240144938,16.49447344344142,47,199.5,0,1,42
Evaluation,12,1580,end,4,frequency_below_5,False,6.11182926312178,6.813031651470342,11.206093817291478,70,309.5,0,0,3
Evaluation,12,1582,such,1,frequency_below_5,False,1.1081180954158636,4.333012880959899,11.394692109859113,100,496.5,0,0,1
Evaluation,12,1584,na,1,frequency_below_5,False,-1.4233979791865157,0.24414932318568383,6.382333769694522,410,784.5,0,0,0
Evaluation,12,1593,through,4,frequency_below_5,False,10.855030121770762,13.424740804385573,20.105592891936954,10,67.0,1,150,327
Evaluation,12,1611,follow,5,retained,True,8.476481092073376,9.641126818656844,16.790874277117513,10,190.0,1,1,35
Evaluation,12,1612,look,6,retained,True,9.196121942035656,11.452646013217224,19.4488561783656,2,120.0,4,36,176
Evaluation,12,1618,value,6,retained,True,2.283103668322197,4.712658777054755,11.045420364372667,155,471.0,0,0,0
Evaluation,12,1625,count,2,frequency_below_5,False,-1.7803475372110287,-0.6346209217541263,5.141943914468361,426,822.5,0,0,0
Evaluation,12,1634,hand,4,frequency_below_5,False,5.382037993019022,8.294111198537486,12.876791389512405,68,261.5,0,0,3
Evaluation,12,1644,made,2,frequency_below_5,False,4.775181323417492,8.96768990431783,15.394387220567932,52,218.0,0,0,10
Evaluation,12,1653,again,23,retained,True,9.85168835454425,11.711149549070553,18.239752327748832,20,110.0,0,45,213
Evaluation,12,1665,not,7,non_content,False,-3.940351227624097,-2.0166082107986565,3.4773737089724612,409,945.5,0,0,0
Evaluation,12,1671,used,8,retained,True,8.369686774958227,10.28708994807002,16.77109492362126,14,164.5,0,5,64
Evaluation,12,1681,tem,1,frequency_below_5,False,-9.697788785218588,-5.63578652120418,0.049331984487184455,884,1090.0,0,0,0
Evaluation,12,1683,much,21,retained,True,7.975162801011067,9.72806725766512,14.924957133243275,37,182.0,0,1,36
Evaluation,12,1693,even,8,retained,True,12.634703702414969,15.660430558926652,22.77631321045189,1,31.0,45,323,379
Evaluation,12,1700,#,1,frequency_below_5,False,3.568607176598149,5.419828449116132,11.529031505551465,77,410.0,0,0,1
Evaluation,12,1702,part,3,frequency_below_5,False,2.49133795495719,5.789077411409549,11.710159122588022,194,399.5,0,0,0
Evaluation,12,1703,way,1,frequency_below_5,False,6.745872559788944,10.533022376744835,16.109749238228808,53,146.0,0,0,71
Evaluation,12,1704,So,2,frequency_below_5,False,-4.722840403527808,-1.866063216846438,3.9044548075945573,552,948.0,0,0,0
Evaluation,12,1706,down,4,frequency_below_5,False,7.033541488070226,10.29934281695953,15.54137367097424,48,162.0,0,1,80
Evaluation,12,1707,help,7,retained,True,5.215489130518215,6.554872752428674,11.408610343548695,79,353.0,0,0,1
Evaluation,12,1717,find,43,retained,True,1.825672381142834,4.394253466099652,11.341483668988438,71,503.0,0,0,1
Evaluation,12,1718,It,1,frequency_below_5,False,7.943863686187548,8.086331045153365,15.548814255395854,16,223.0,0,20,52
Evaluation,12,1720,pos,1,frequency_below_5,False,-2.626438670420234,-0.7472361685940553,3.5519439017969083,567,866.0,0,0,0
Evaluation,12,1721,does,1,frequency_below_5,False,2.8852123433525936,5.461256800081834,12.09608034874088,89,433.0,0,0,1
Evaluation,12,1723,my,2,frequency_below_5,False,-2.2787600133066044,1.7163277606558331,7.315837762185594,317,697.0,0,0,0
Evaluation,12,1742,think,19,retained,True,7.1270997159047695,9.4505177943151,17.673983905754433,27,201.0,0,6,58
Evaluation,12,1744,day,4,frequency_below_5,False,8.525207865914137,8.761055602268922,13.29528954796414,26,226.0,0,39,88
Evaluation,12,1758,number,8,retained,True,11.61480767855515,11.036883211107511,19.760050860037275,3,131.5,29,124,187
Evaluation,12,1767,many,12,retained,True,7.691313256270132,10.459304162967026,17.09618155411887,46,161.0,0,1,75
Evaluation,12,1794,before,13,retained,True,12.097737850779128,13.225522072721644,18.539846891467707,4,64.0,2,166,354
Evaluation,12,1809,same,73,retained,True,4.347429546903571,5.295069043247067,12.770731301670022,33,417.0,0,1,4
Evaluation,12,1811,back,1,frequency_below_5,False,0.6834567397128648,2.0695452096525004,8.04531242934673,233,655.0,0,0,0
Evaluation,12,1815,work,1,frequency_below_5,False,0.2950400370375276,0.9622684417902454,6.614794240530663,157,686.5,0,0,0
Evaluation,12,1833,right,12,retained,True,11.210083518934727,13.246440879032457,18.050136118028593,18,70.0,0,103,346
Evaluation,12,1853,each,15,retained,True,10.391526912455037,12.518548519481058,20.23351695295331,4,88.5,5,100,278
Evaluation,12,1855,being,7,retained,True,6.496509056946175,10.244111224353894,16.00808594513363,53,168.0,0,0,78
Evaluation,12,1860,But,2,frequency_below_5,False,3.6790380657434474,3.957632548736618,11.561465619987983,57,463.0,0,0,2
Evaluation,12,1861,because,11,retained,True,11.736436327056172,13.727605899408545,19.482980687744632,7,61.0,2,184,369
Evaluation,12,1865,between,12,retained,True,9.087321183745601,11.503217662278793,18.577730983590975,4,119.0,1,36,182
Evaluation,12,1877,As,2,frequency_below_5,False,-2.189910794767344,0.19688274219576393,5.579648423598379,377,812.0,0,0,0
Evaluation,12,1879,real,2,frequency_below_5,False,5.330179030839319,7.981859927481871,14.334191484729622,96,273.0,0,0,1
Evaluation,12,1887,To,1,frequency_below_5,False,-1.189191399068738,0.5549032132456956,6.739281918068804,326,774.5,0,0,0
Evaluation,12,1924,rd,1,frequency_below_5,False,-8.604295781050842,-6.68242511726959,0.23471093778801233,834,1090.0,0,0,0
Evaluation,12,1927,If,9,non_content,False,-0.9710009240302329,1.5281515121230784,9.867491123485163,221,703.0,0,0,0
Evaluation,12,1941,those,2,frequency_below_5,False,5.764796649958268,7.828046883921578,14.734635186083887,83,281.0,0,0,3
Evaluation,12,1942,found,31,retained,True,4.823021275169116,7.270338704763807,13.21366613137021,67,324.0,0,0,6
Evaluation,12,1963,best,21,retained,True,9.263256588009034,10.61375228219813,18.732996904192053,9,145.0,1,29,114
Evaluation,12,1980,too,8,retained,True,5.916429762421634,10.912135370416326,18.891604389776834,12,132.0,0,17,152
Evaluation,12,1987,take,1,frequency_below_5,False,6.946065688693412,10.435603958133019,16.337528389484763,40,147.0,0,1,86
Evaluation,12,1993,On,1,frequency_below_5,False,-1.0794367782757588,1.3887435697670099,7.003369915272733,433,707.0,0,0,0
Evaluation,12,1997,own,1,frequency_below_5,False,2.751199127714142,5.161394972469239,10.860554305262076,132,442.0,0,0,0
Evaluation,12,2001,last,14,retained,True,14.592641237293229,14.9252258999796,23.1214591772583,2,38.0,51,354,467
Evaluation,12,2005,But,1,frequency_below_5,False,-2.8923920558591516,-0.9406812879690746,6.398721240736461,300,881.5,0,0,0
Evaluation,12,2035,sign,3,frequency_below_5,False,0.7534770319030853,1.4249070306534244,7.04986552595521,189,653.0,0,0,0
Evaluation,12,2060,run,1,frequency_below_5,False,6.514206775274954,7.155231654745146,11.893768566930317,73,280.0,0,0,1
Evaluation,12,2063,come,2,frequency_below_5,False,6.451544237027183,9.248919727228134,15.026750839272708,89,212.0,0,0,7
Evaluation,12,2076,still,3,frequency_below_5,False,4.876451530464082,7.7868249247208565,13.906723606788082,66,284.0,0,0,3
Evaluation,12,2113,information,1,frequency_below_5,False,0.8363240121544245,2.910687452901284,9.588651655506556,102,592.0,0,0,0
Evaluation,12,2121,test,2,frequency_below_5,False,3.100784281649002,3.2920942737765895,9.948550106849913,125,512.0,0,0,0
Evaluation,12,2142,let,1,frequency_below_5,False,5.497288991744096,8.794062910423122,13.903031805663575,97,238.5,0,0,2
Evaluation,12,2149,three,6,retained,True,6.693966648646892,9.013024289870456,13.785776628912352,37,230.5,0,2,22
Evaluation,12,2161,;,486,unreadable,False,-1.8365453924472859,-1.9515551759361172,4.519050822660683,231,896.5,0,0,0
Evaluation,12,2166,far,1,frequency_below_5,False,6.0817179575015325,8.233814422804862,13.247792368694729,93,261.5,0,0,1
Evaluation,12,2167,different,31,retained,True,6.17715578993927,7.995258657506766,14.7172624691384,6,274.0,1,2,15
Evaluation,12,2169,As,1,frequency_below_5,False,5.2364630283286235,5.399853810110252,11.623159722605802,56,380.5,0,0,4
Evaluation,12,2172,row,62,retained,True,-2.739109803143568,-1.8214578736177747,3.4424524647952994,478,895.0,0,0,0
Evaluation,12,2173,non,1,frequency_below_5,False,0.1070680443439473,2.9504123721382056,7.972313645454286,349,594.0,0,0,0
Evaluation,12,2177,using,3,frequency_below_5,False,8.382292499532472,10.346743477855401,17.604580396489034,21,169.0,0,15,98
Evaluation,12,2183,while,6,retained,True,7.1616357802805055,9.613577816531418,15.63909177823319,35,186.5,0,6,85
Evaluation,12,2184,order,2,frequency_below_5,False,-1.069253749056888,1.0711762279178196,5.415816481316313,318,741.5,0,0,0
Evaluation,12,2185,process,4,frequency_below_5,False,1.296136504564339,1.3856052100734684,7.729273476531557,131,642.5,0,0,0
Evaluation,12,2195,test,1,frequency_below_5,False,-0.6991054390244362,0.18526863194210613,6.928645348433924,307,751.5,0,0,0
Evaluation,12,2196,result,4,frequency_below_5,False,-1.7197096255299489,-1.1872178300524348,4.649084545900048,396,829.0,0,0,0
Evaluation,12,2238,start,3,frequency_below_5,False,12.273585255935217,13.650106952445789,18.996678764929264,9,61.5,1,170,385
Evaluation,12,2247,full,1,frequency_below_5,False,7.8413697204628905,10.959440827645093,17.35854423340242,22,134.5,0,15,147
Evaluation,12,2249,stand,1,frequency_below_5,False,7.792300496305965,8.046579408477749,12.35740826366807,34,237.0,0,2,31
Evaluation,12,2257,second,8,retained,True,10.617528766340408,10.566200000632236,17.288638125308808,12,125.0,0,55,188
Evaluation,12,2270,case,2,frequency_below_5,False,3.2185483578312146,4.141554280544698,9.869166456078334,213,472.0,0,0,0
Evaluation,12,2273,from,1,frequency_below_5,False,5.770615635822533,5.978697691653271,13.097793445831032,13,353.0,0,3,17
Evaluation,12,2277,really,66,retained,True,13.567306817228792,16.475400275640457,27.057396887608782,1,22.5,120,356,383
Evaluation,12,2290,during,1,frequency_below_5,False,8.587916427830201,11.11224354250636,16.519638772533373,26,134.0,0,28,154
Evaluation,12,2319,going,18,retained,True,12.228223981893018,14.944534608640607,21.183340452404938,6,42.0,4,287,373
Evaluation,12,2330,.),4,frequency_below_5,False,-10.367941578871998,-8.546205780829744,-2.8343649273877456,947,1115.5,0,0,0
Evaluation,12,2339,So,1,frequency_below_5,False,1.6316279168689567,2.4021521892839477,7.766468577141912,235,594.0,0,0,0
Evaluation,12,2346,without,2,frequency_below_5,False,9.467431623972448,11.52712101211582,15.847288882972405,26,116.5,0,20,183
Evaluation,12,2351,next,27,retained,True,12.2127881122625,12.619338176000824,19.13418879819554,7,63.0,4,163,358
Evaluation,12,2356,little,6,retained,True,11.392645113034188,12.261753954977744,19.274523300585717,3,82.0,3,80,307
Evaluation,12,2371,got,46,retained,True,10.688125387317355,13.013823592191581,18.755919750223427,14,73.0,0,117,318
Evaluation,12,2375,feel,5,retained,True,8.753739123415404,10.146920222588204,15.556701817128257,38,165.0,0,6,75
Evaluation,12,2377,point,4,frequency_below_5,False,2.6170764830626196,5.224128503811475,10.554789406887943,168,437.0,0,0,0
Evaluation,12,2398,game,35,retained,True,3.2092498590734495,3.858630584817784,9.901910133219925,66,476.0,0,0,2
Evaluation,12,2409,call,1,frequency_below_5,False,4.874037274332956,5.638717043428898,9.735112074258597,147,372.0,0,0,0
Evaluation,12,2412,following,1,frequency_below_5,False,9.790204767337652,9.810080196977841,18.566901952098057,4,173.0,1,86,134
Evaluation,12,2416,image,1,frequency_below_5,False,1.4021468334715494,1.6100364693440077,7.5039821084910345,127,629.5,0,0,0
Evaluation,12,2440,Not,13,non_content,False,0.7144689366676589,1.1372557114510997,9.462646496293234,69,678.0,0,0,2
Evaluation,12,2447,never,1,frequency_below_5,False,7.858681939899431,10.853828432362802,18.286522690738884,10,144.0,1,12,119
Evaluation,12,2449,around,9,retained,True,9.691403853622523,13.504977557566413,19.74523184907015,6,65.0,1,162,335
Evaluation,12,2456,There,1,frequency_below_5,False,-1.179870125799084,0.45198164130786306,7.083064193720449,267,784.0,0,0,0
Evaluation,12,2474,current,4,frequency_below_5,False,3.326304530763595,3.5107728203687585,10.399666669171044,32,498.0,0,1,1
Evaluation,12,2495,If,29,non_content,False,6.677613003836323,6.850510900093723,12.917446807605025,22,285.0,0,5,20
Evaluation,12,2523,pay,2,frequency_below_5,False,4.291868385910288,5.410714292046345,10.433615016986959,135,402.0,0,0,0
Evaluation,12,2525,better,7,retained,True,8.407126800529735,10.723257381344624,16.91414941488122,12,144.5,0,12,138
Evaluation,12,2550,another,39,retained,True,7.3698373229869665,9.044432812190578,16.423193874270027,35,222.0,0,9,58
Evaluation,12,2551,Can,1,frequency_below_5,False,-3.4693760351765146,-1.388926576705686,3.779324787959532,419,908.0,0,0,0
Evaluation,12,2593,always,7,retained,True,10.228011814066713,11.974361791163172,22.497978751031294,2,102.5,1,55,235
Evaluation,12,2613,might,6,retained,True,5.216587324118924,8.16157063445467,14.557907088780546,50,271.5,0,1,9
Evaluation,12,2619,few,9,retained,True,8.424217326933856,11.475652376781579,16.75727544809593,22,119.0,0,17,188
Evaluation,12,2625,At,3,frequency_below_5,False,0.04731010328783991,1.3430746024278242,6.7246476182858075,173,678.0,0,0,0
Evaluation,12,2644,less,4,frequency_below_5,False,7.065509111147845,8.779221517776872,14.123718509212928,62,226.0,0,0,11
Evaluation,12,2656,black,7,retained,True,0.7215631948097972,2.9047600697565743,7.298027434999965,318,602.5,0,0,0
Evaluation,12,2669,change,23,retained,True,8.845885382057284,9.144871498891947,19.222893533588955,1,188.5,3,11,102
Evaluation,12,2691,against,2,frequency_below_5,False,5.017311801741268,8.09532178045352,13.11331987241561,46,284.5,0,1,6
Evaluation,12,2701,check,4,frequency_below_5,False,4.480223666297974,6.337670995929617,11.776871009074247,103,366.0,0,0,0
Evaluation,12,2705,days,1,frequency_below_5,False,7.451284212873866,7.3530197495571095,11.155291085310335,34,309.0,0,56,85
Evaluation,12,2731,left,6,retained,True,5.16601883006626,7.213847154329335,11.78749267567126,96,319.5,0,0,1
Evaluation,12,2734,give,19,retained,True,7.082309721209352,10.326367139836076,18.821491970157517,7,165.0,1,12,72
Evaluation,12,2745,keep,14,retained,True,7.176773626043502,8.862609636900899,16.723154819342255,48,223.0,0,2,21
Evaluation,12,2754,since,2,frequency_below_5,False,7.131261962145053,9.483741128538579,14.58042073605207,57,203.0,0,0,28
Evaluation,12,2755,plus,3,frequency_below_5,False,3.8803206429633383,5.900191488555276,11.706114635245536,114,392.0,0,0,0
Evaluation,12,2761,At,5,non_content,False,4.257305825907598,4.4666441775347705,10.603382112053037,14,447.5,0,1,5
Evaluation,12,2764,given,4,frequency_below_5,False,4.277750960299388,5.857977672394497,10.708895611346238,106,395.0,0,0,0
Evaluation,12,2765,allow,1,frequency_below_5,False,-2.5715161644511135,0.9560259785085377,6.35303830385123,381,751.5,0,0,0
Evaluation,12,2775,something,3,frequency_below_5,False,4.203187063262371,9.114577347851526,16.226848662540444,39,219.0,0,4,71
Evaluation,12,2776,""".",3,frequency_below_5,False,-10.36813581892023,-8.70101098950234,-2.782075487057589,899,1117.0,0,0,0
Evaluation,12,2785,four,2,frequency_below_5,False,4.551864495760185,6.270973056489884,10.863789587046426,98,380.5,0,0,1
Evaluation,12,2792,won,4,frequency_below_5,False,8.935926718960769,9.635117860092583,15.08178111920213,31,166.0,0,4,46
Evaluation,12,2804,...,4,frequency_below_5,False,-6.241406058915328,-1.4190617863859645,6.943023159577809,462,901.0,0,0,0
Evaluation,12,2811,hard,2,frequency_below_5,False,11.454967185348021,12.69518512744121,18.96513706522101,14,77.0,0,89,360
Evaluation,12,2819,within,1,frequency_below_5,False,7.2103519417535695,8.876667243767198,14.456152415406494,42,224.0,0,3,30
Evaluation,12,2821,sure,4,frequency_below_5,False,2.459063706459165,3.615644701461595,11.333301632529174,165,509.0,0,0,0
Evaluation,12,2858,kind,5,retained,True,7.0873265172779565,9.856142831754969,16.681621650019153,39,179.0,0,3,50
Evaluation,12,2862,though,3,frequency_below_5,False,0.2945490194484813,4.304308260316521,11.232814782121196,175,503.5,0,0,0
Evaluation,12,2872,question,1,frequency_below_5,False,7.777353647978079,7.023252834387296,14.787795595131072,10,324.0,1,97,113
Evaluation,12,2881,color,4,frequency_below_5,False,-0.944314015026393,0.2808456374289583,6.271004510034165,124,767.5,0,0,0
Evaluation,12,2894,turn,3,frequency_below_5,False,6.409031908409658,8.798144267482147,14.907097448405839,57,236.0,0,0,6
Evaluation,12,2910,large,1,frequency_below_5,False,5.156536344328518,6.357671679175733,11.364213700518723,88,353.0,0,0,2
Evaluation,12,2926,My,3,frequency_below_5,False,-0.09541402528535993,2.285369113945186,7.722155580135601,242,648.0,0,0,0
Evaluation,12,2940,lot,2,frequency_below_5,False,0.610737731622886,3.1219472308597016,8.56825429838982,300,576.5,0,0,0
Evaluation,12,2968,max,2,frequency_below_5,False,1.6076179531345833,3.843996842846282,10.296857638833085,188,539.5,0,0,0
Evaluation,12,2995,That,1,frequency_below_5,False,-1.9470047441001632,1.6584348387999208,6.3016423941431325,373,705.5,0,0,0
Evaluation,12,3015,done,1,frequency_below_5,False,8.66916974822253,9.646686737266622,17.67321271579208,17,174.0,0,4,41
Evaluation,12,3023,times,48,retained,True,2.7226414348296184,5.06794476764561,11.793780161310941,75,454.0,0,0,1
Evaluation,12,3024,away,3,frequency_below_5,False,11.07372632401862,11.761656957158188,16.679279003135004,19,96.0,0,27,275
Evaluation,12,3041,with,1,frequency_below_5,False,-0.04381994996193261,1.3331053361058527,6.419339943244473,263,698.0,0,0,0
Evaluation,12,3051,total,1,frequency_below_5,False,2.590920159203513,3.4018781761402828,8.335755875819089,167,526.5,0,0,0
Evaluation,12,3074,Count,1,frequency_below_5,False,-9.351580400842467,-7.583785697289819,-1.1149484423458653,796,1106.0,0,0,0
Evaluation,12,3077,possible,7,retained,True,-1.977551802390597,1.0766747596724922,6.806779464702613,329,736.5,0,0,0
Evaluation,12,3118,red,8,retained,True,5.133498509564408,5.9016821174935625,10.366509628091915,112,366.0,0,0,0
Evaluation,12,3123,tag,1,frequency_below_5,False,-8.610276835324866,-6.089867689843969,-0.4202600435022612,887,1093.0,0,0,0
Evaluation,12,3124,move,15,retained,True,5.748906018055551,7.441312011826723,11.945705763784984,107,305.5,0,0,0
Evaluation,12,3131,above,8,retained,True,4.207303494431155,5.953722325821704,10.651437742067637,76,384.0,0,0,1
Evaluation,12,3135,Click,1,frequency_below_5,False,-0.30567795249157237,1.666646392228331,8.175565516725388,153,693.0,0,0,0
Evaluation,12,3166,thing,4,frequency_below_5,False,6.883255528617485,8.98300548988626,13.962492740832923,60,226.5,0,0,10
Evaluation,12,3171,That,1,frequency_below_5,False,4.45415005260198,5.698131349299817,9.781919420750409,107,408.5,0,0,0
Evaluation,12,3178,low,2,frequency_below_5,False,2.1894175463142087,5.583284729918872,11.779822923554283,118,421.5,0,0,0
Evaluation,12,3190,results,13,retained,True,0.3024037189327456,1.0552101307621344,6.355532544124322,231,687.5,0,0,0
Evaluation,12,3194,When,6,non_content,False,0.048823756312917445,1.3679012131071855,6.923968743851234,243,699.0,0,0,0
Evaluation,12,3205,course,2,frequency_below_5,False,-1.446106735180158,-0.2058350195724807,4.733800180553402,500,779.0,0,0,0
Evaluation,12,3232,Not,28,non_content,False,-4.874482014586189,-3.03378236555779,4.5333401988331925,352,974.0,0,0,0
Evaluation,12,3255,offer,1,frequency_below_5,False,0.9697184826365063,3.0474812647117555,9.99065364674589,194,597.0,0,0,0
Evaluation,12,3274,until,129,retained,True,8.836296931596896,10.793519090378908,17.67692866020454,6,150.0,2,37,147
Evaluation,12,3276,yes,6,retained,True,-0.799459756762621,-0.3440911153434266,10.616139235791024,45,828.0,0,1,1
Evaluation,12,3279,With,2,frequency_below_5,False,-2.7340439458687533,-0.5958140081227999,3.1907605020974272,521,867.5,0,0,0
Evaluation,12,3285,character,2,frequency_below_5,False,-1.7730344472370851,-0.4648925054742329,4.398944505286356,420,824.0,0,0,0
Evaluation,12,3287,example,1,frequency_below_5,False,-1.357805371410679,0.5349861544569019,4.668958317288889,440,762.0,0,0,0
Evaluation,12,3293,begin,1,frequency_below_5,False,8.568602552237886,8.553606585532348,13.973551587809833,33,227.0,0,23,111
Evaluation,12,3298,bit,6,retained,True,4.146872349453654,6.577178463469766,12.988333491337263,135,358.0,0,0,0
Evaluation,12,3303,already,2,frequency_below_5,False,2.964066509739479,7.622793756809283,14.120286319148972,66,295.0,0,0,2
Evaluation,12,3309,short,1,frequency_below_5,False,6.239314504497292,9.269969680499901,16.574533757075404,43,217.0,0,1,12
Evaluation,12,3326,able,1,frequency_below_5,False,-1.6352463211764745,1.3795544596323173,6.585167804354587,380,720.0,0,0,0
Evaluation,12,3333,error,1,frequency_below_5,False,-3.2195511020430496,-1.3950993985699285,4.744562046844949,584,906.0,0,0,0
Evaluation,12,3338,bad,26,retained,True,14.273012340108663,14.090359302577218,22.752328708319197,2,53.0,77,234,416
Evaluation,12,3358,sw,1,frequency_below_5,False,-4.680846191624121,-1.5840534220005171,3.165271016360871,607,934.0,0,0,0
Evaluation,12,3361,success,2,frequency_below_5,False,6.4773077655225135,5.954997756163692,13.853101365830684,11,391.0,0,73,96
Evaluation,12,3364,ever,3,frequency_below_5,False,7.824368206150111,9.489354937185507,16.453332236516573,24,195.5,0,3,24
Evaluation,12,3370,money,1,frequency_below_5,False,5.04088249978731,5.082137563257923,12.53855760683499,83,391.5,0,0,5
Evaluation,12,3372,having,1,frequency_below_5,False,7.323634238725249,8.995879750861356,13.582075723530222,45,221.0,0,1,7
Evaluation,12,3376,break,2,frequency_below_5,False,1.4527047473368613,4.524145320382965,10.915897629605158,208,494.5,0,0,0
Evaluation,12,3383,certain,6,retained,True,3.0341481669472636,5.227440654420169,13.710004464164918,79,439.5,0,0,3
Evaluation,12,3385,hold,2,frequency_below_5,False,-0.33571261907130984,2.430786716719803,8.245212393474638,304,640.0,0,0,0
Evaluation,12,3387,close,1,frequency_below_5,False,4.943598127550339,7.6395902535630835,12.710510861874466,109,291.5,0,0,0
Evaluation,12,3392,came,5,retained,True,4.908580802010354,7.5174761441453,12.778892010051365,108,315.5,0,0,0
Evaluation,12,3402,due,1,frequency_below_5,False,4.013523712042762,6.109251096631619,12.11784326668601,120,378.5,0,0,0
Evaluation,12,3403,mind,1,frequency_below_5,False,2.5817595885242866,5.415428068548406,10.55252818118167,197,426.0,0,0,0
Evaluation,12,3416,later,4,frequency_below_5,False,3.642345501294659,5.220421566349826,12.906260035509904,76,437.0,0,0,1
Evaluation,12,3418,try,25,retained,True,8.692856945634436,10.608387379883983,18.3298781366485,8,149.0,1,24,132
Evaluation,12,3421,thought,8,retained,True,4.537912104012838,6.9030309839044985,14.108870393228482,72,332.5,0,0,1
Evaluation,12,3422,most,2,frequency_below_5,False,-4.375627728096331,-2.4049941978796467,2.9594756518242464,597,964.0,0,0,0
Evaluation,12,3428,One,1,frequency_below_5,False,0.49785161892938284,2.33058462370711,6.588971297423678,306,635.5,0,0,0
Evaluation,12,3433,past,1,frequency_below_5,False,5.892291827004689,7.814337878669166,14.997096083134567,53,291.5,0,0,8
Evaluation,12,3434,working,9,retained,True,8.583996485674664,10.31979902803777,16.24303785548532,20,158.0,0,5,72
Evaluation,12,3448,answer,2,frequency_below_5,False,7.4494281408961935,7.647748990864459,14.760467310704191,15,271.0,0,9,90
Evaluation,12,3464,original,3,frequency_below_5,False,0.1820415891739091,2.5022279840460735,8.469702512940673,230,648.5,0,0,0
Evaluation,12,3476,least,7,retained,True,-1.8219162548197663,-1.467596851473545,4.44047407534753,155,855.0,0,0,0
Evaluation,12,3482,based,5,retained,True,5.2674722010747566,7.733747690048132,14.856734210948016,9,292.5,1,3,9
Evaluation,12,3528,didn,30,retained,True,10.56396390374716,12.18972946204061,23.115073915370374,4,96.0,1,76,254
Evaluation,12,3545,services,1,frequency_below_5,False,-1.9026218071754066,-1.5741885808557476,5.088550314836786,357,854.0,0,0,0
Evaluation,12,3547,making,2,frequency_below_5,False,6.726231511820424,9.676352633518544,14.200614557220565,78,187.5,0,0,20
Evaluation,12,3553,Yes,21,retained,True,7.015351438476662,6.249541272352542,19.155173696011268,3,359.0,15,85,95
Evaluation,12,3566,wer,1,frequency_below_5,False,-4.732215550914561,-3.413890938776845,2.5792796158418274,599,982.0,0,0,0
Evaluation,12,3588,others,8,retained,True,5.389390857372261,5.613063501430204,11.176195457471852,29,387.0,0,5,50
Evaluation,12,3590,response,1,frequency_below_5,False,-2.5995700250420333,-1.473935038502494,3.347528299494874,439,876.0,0,0,0
Evaluation,12,3594,enough,3,frequency_below_5,False,6.283976255006407,11.20359306713851,18.028876262094464,25,129.0,0,32,183
Evaluation,12,3604,From,1,frequency_below_5,False,2.5001782858761024,3.0286947213829922,8.079457404230348,83,543.0,0,0,1
Evaluation,12,3619,amount,3,frequency_below_5,False,6.767839121578876,6.057605827281015,14.314944282641823,8,385.5,1,84,97
Evaluation,12,3624,seen,1,frequency_below_5,False,2.8769466431629107,4.099364722710762,9.335576007323283,200,501.0,0,0,0
Evaluation,12,3631,once,14,retained,True,7.230395983467157,10.15180663947923,15.178458315994789,26,173.0,0,1,48
Evaluation,12,3648,looking,3,frequency_below_5,False,11.180255819454333,13.675913978792245,19.373284544659192,7,63.0,5,159,368
Evaluation,12,3652,cut,1,frequency_below_5,False,8.039120621992351,9.716501583107323,15.792395400088992,54,191.5,0,0,38
Evaluation,12,3666,particular,10,retained,True,-6.612246842516432,-3.140141684678417,5.145195606631067,460,1004.0,0,0,0
Evaluation,12,3695,often,15,retained,True,2.1552660291636374,5.408893774337795,11.701190689085456,120,437.0,0,0,0
Evaluation,12,3712,price,1,frequency_below_5,False,-2.169895511146662,-0.10169895207274798,4.5157002379351905,516,829.0,0,0,0
Evaluation,12,3724,specific,6,retained,True,-6.8169753901437335,-2.9003133624033235,4.7000186413447596,521,1000.0,0,0,0
Evaluation,12,3733,whole,5,retained,True,6.448395452519381,7.214925223102934,14.048568090202162,91,276.5,0,0,1
Evaluation,12,3757,several,5,retained,True,3.8642985265610506,6.374131643848017,11.127301392901185,148,370.5,0,0,0
Evaluation,12,3778,members,1,frequency_below_5,False,1.6203903731347238,1.803785543431749,8.237260788472195,52,675.5,0,0,8
Evaluation,12,3782,points,81,retained,True,-4.710217372752215,-1.5296302515273315,4.861295346722447,547,927.0,0,0,0
Evaluation,12,3811,individual,1,frequency_below_5,False,0.5974983097830529,2.5054154388590626,8.56217741344078,197,640.5,0,0,0
Evaluation,12,3815,went,34,retained,True,11.177170479261484,12.560782277102454,19.806530008026737,5,91.0,2,74,280
Evaluation,12,3831,become,1,frequency_below_5,False,5.164925932558332,7.026424578854063,13.13467225367621,106,329.0,0,0,0
Evaluation,12,3868,blue,4,frequency_below_5,False,4.5825652558373635,5.225596976441851,10.001965910884557,125,393.5,0,0,0
Evaluation,12,3890,simple,1,frequency_below_5,False,2.2907581786748543,5.413456630814738,12.602121871411699,149,433.5,0,0,0
Evaluation,12,3895,took,2,frequency_below_5,False,7.522513287602448,10.12448041409542,15.442562312876992,37,174.5,0,5,44
Evaluation,12,3900,doing,5,retained,True,7.992217699196263,10.951583384344232,16.931480948395986,37,133.5,0,6,133
Evaluation,12,3906,either,3,frequency_below_5,False,2.4431898785867388,7.46099218675673,15.462659706676428,45,324.0,0,3,34
Evaluation,12,3907,words,1,frequency_below_5,False,7.636040727201879,7.574695235894069,11.657039930482226,16,292.0,0,7,96
Evaluation,12,3909,used,1,frequency_below_5,False,2.7296255400901286,2.4585324458921543,9.714464471394155,34,638.0,0,1,27
Evaluation,12,3933,half,6,retained,True,4.62893060255226,6.930666130112229,14.462036697056794,92,349.0,0,0,2
Evaluation,12,3936,future,1,frequency_below_5,False,-1.635537426725629,-1.1013947338892502,6.003907932019737,300,834.5,0,0,0
Evaluation,12,3974,rate,1,frequency_below_5,False,2.7867338115039497,2.9826608123886253,7.340059646096116,104,538.0,0,0,0
Evaluation,12,4024,further,1,frequency_below_5,False,0.2999148311559305,1.3709010385284992,8.780304312679483,177,670.0,0,0,0
Evaluation,12,4035,values,1,frequency_below_5,False,-4.176283179554082,-2.086100332546258,3.7993212169747244,285,938.0,0,0,0
Evaluation,12,4061,early,1,frequency_below_5,False,10.978621674431347,11.588863664675198,16.044167823960798,15,94.5,0,52,266
Evaluation,12,4065,step,2,frequency_below_5,False,-0.07882923220916531,2.998323015342924,7.978407947080753,361,599.5,0,0,0
Evaluation,12,4076,card,21,retained,True,0.28849574768129105,0.7123604562627304,5.4890984216055,329,701.0,0,0,0
Evaluation,12,4084,analysis,1,frequency_below_5,False,2.3377880754370692,2.1321291774527467,9.52849365101746,33,651.5,0,2,10
Evaluation,12,4115,When,7,non_content,False,7.619871140030329,7.501401190327124,12.769905766393137,14,303.0,0,72,113
Evaluation,12,4191,length,1,frequency_below_5,False,-3.186910517734354,-1.3330708859395999,3.4769483431529777,612,898.5,0,0,0
Evaluation,12,4203,told,1,frequency_below_5,False,1.1503065118140163,3.720867098538377,9.835638677931513,257,541.5,0,0,0
Evaluation,12,4209,each,1,frequency_below_5,False,-2.2383731655957697,-2.4065787073689573,5.478017902117704,165,970.0,0,0,0
Evaluation,12,4213,Some,1,frequency_below_5,False,2.5321466797210754,3.7572380732313153,10.344837280263105,173,524.0,0,0,0
Evaluation,12,4225,getting,13,retained,True,12.85665901178541,15.034261761736598,21.873684283217692,5,40.0,6,312,392
Evaluation,12,4232,effect,1,frequency_below_5,False,-3.0009749738140394,-1.1845208377380065,5.488387270203241,265,884.5,0,0,0
Evaluation,12,4234,watch,1,frequency_below_5,False,0.00929966816382087,2.056589803965196,8.084250220876454,337,663.5,0,0,0
Evaluation,12,4247,actually,1,frequency_below_5,False,12.646856807166513,14.749399468397755,21.902834150995073,2,42.5,17,277,372
Evaluation,12,4267,just,4,frequency_below_5,False,-0.5065924205996271,2.6359005202404506,9.447193802562278,231,622.0,0,0,0
Evaluation,12,4268,idea,1,frequency_below_5,False,4.69785586782167,4.952844575570447,15.268640646683696,5,409.0,1,3,7
Evaluation,12,4270,whether,1,frequency_below_5,False,2.2098424528812117,4.622326194268571,10.99465880818044,90,490.5,0,0,1
Evaluation,12,4286,cy,1,frequency_below_5,False,-3.2697866649142022,-3.2477787330294854,2.204570482164815,207,986.0,0,0,0
Evaluation,12,4287,favor,1,frequency_below_5,False,2.8140416908438146,2.6815031672765066,10.66659871232252,81,577.5,0,0,2
Evaluation,12,4297,draw,1,frequency_below_5,False,0.05856793331760188,1.8123901130345206,5.6465050391617435,387,683.0,0,0,0
Evaluation,12,4307,wait,5,retained,True,5.654646727176327,6.1338610311972275,12.472773786908412,35,345.0,0,1,7
Evaluation,12,4308,number,1,frequency_below_5,False,5.045102052411595,4.056299534633465,14.70320803120308,7,528.0,8,70,93
Evaluation,12,4318,moment,1,frequency_below_5,False,7.612334638239548,7.478105870175957,12.555694365167367,23,298.5,0,54,84
Evaluation,12,4337,section,2,frequency_below_5,False,-1.9496552027137632,-0.659665034108398,3.591652036200727,514,817.0,0,0,0
Evaluation,12,4381,cases,1,frequency_below_5,False,-1.9882504390422429,-1.6218316216509154,2.9034392654449515,348,876.0,0,0,0
Evaluation,12,4391,matter,1,frequency_below_5,False,7.68420970295598,6.322436222973655,19.52127042289085,3,384.5,51,103,117
Evaluation,12,4433,green,4,frequency_below_5,False,1.2656905222243282,1.2634984249308778,6.078453821442533,249,660.5,0,0,0
Evaluation,12,4445,soon,7,retained,True,6.694107839311086,6.787276506472713,12.564628095425675,71,283.5,0,0,7
Evaluation,12,4461,almost,1,frequency_below_5,False,5.6567897277077686,9.80414442640384,15.852395590473236,58,186.0,0,0,51
Evaluation,12,4485,probably,2,frequency_below_5,False,2.9959620223659584,6.501514165227645,13.724974964650022,86,363.5,0,0,3
Evaluation,12,4500,normal,1,frequency_below_5,False,6.902681389706669,7.231610324965271,13.201333641988704,38,276.0,0,1,9
Evaluation,12,4509,previous,1,frequency_below_5,False,6.359581661363978,6.475932950329327,11.728337078971672,41,347.0,0,9,66
Evaluation,12,4530,decision,2,frequency_below_5,False,-0.7250104087206856,-0.7034707041322881,10.41131966160424,99,832.0,0,0,1
Evaluation,12,4553,everything,1,frequency_below_5,False,11.097380331769905,14.743230091844179,20.3976176615158,4,45.0,9,283,359
Evaluation,12,4557,cause,1,frequency_below_5,False,3.093734739874889,4.431699158329902,8.795889312267683,185,486.0,0,0,0
Evaluation,12,4559,changes,2,frequency_below_5,False,5.491520443512102,5.69073792832546,16.870518124381256,2,403.0,1,2,17
Evaluation,12,4560,However,1,frequency_below_5,False,-6.900615319745664,-5.568855284238969,1.0088459600282111,675,1052.0,0,0,0
Evaluation,12,4561,options,1,frequency_below_5,False,-0.2833737115939232,2.0713419494709067,7.799650358706534,255,660.5,0,0,0
Evaluation,12,4581,lower,1,frequency_below_5,False,-0.8624734812004164,1.1930130044704557,5.238992921987934,294,733.5,0,0,0
Evaluation,12,4600,held,1,frequency_below_5,False,1.6256988760581015,3.447161503092387,8.17446178106937,280,560.0,0,0,0
Evaluation,12,4604,started,29,retained,True,11.86936014402317,13.960908784088337,18.990501199109513,9,60.0,3,173,378
Evaluation,12,4630,someone,16,retained,True,10.106389984071674,11.577173509377028,18.429753494584485,6,115.5,1,56,200
Evaluation,12,4644,rather,1,frequency_below_5,False,0.7870809740381282,5.921780471503078,13.74026227098681,76,391.0,0,0,1
Evaluation,12,4646,provided,2,frequency_below_5,False,1.042146034760631,1.857925756462608,7.20847778704176,67,628.0,0,0,1
Evaluation,12,4660,After,3,frequency_below_5,False,-0.9487368045355317,1.2611551366525227,7.1088748003246,280,721.0,0,0,0
Evaluation,12,4665,performance,3,frequency_below_5,False,1.2662439486720465,2.5013720153531773,8.338473953166433,209,609.5,0,0,0
Evaluation,12,4692,stay,13,retained,True,8.602936506944149,9.962671676902708,16.444580006636965,5,181.0,1,18,68
Evaluation,12,4703,comments,1,frequency_below_5,False,3.5022774318627894,3.2290799150584,8.504730386773593,54,565.0,0,0,19
Evaluation,12,4740,increase,1,frequency_below_5,False,2.2313962797664844,2.3676589092922056,7.114776857292667,93,634.5,0,0,1
Evaluation,12,4747,you,1,frequency_below_5,False,-1.6317655552927248,2.150633800825095,8.003206823748638,268,673.0,0,0,0
Evaluation,12,4756,quite,1,frequency_below_5,False,4.741079884066369,9.615266176186221,16.606228403613983,40,199.5,0,2,52
Evaluation,12,4779,See,1,frequency_below_5,False,2.8460848911286383,3.034079606359759,6.672609501165851,159,546.5,0,0,0
Evaluation,12,4783,loss,2,frequency_below_5,False,-2.564473651782767,-1.7215900372920165,4.068046429291695,476,863.0,0,0,0
Evaluation,12,4786,pretty,14,retained,True,3.453723883786108,7.522556196621942,15.22916728860714,74,309.5,0,0,10
Evaluation,12,4788,pick,8,retained,True,7.123990882079731,8.324170233750626,14.893628161699205,46,252.5,0,1,13
Evaluation,12,4805,entire,3,frequency_below_5,False,7.307321483267434,7.57608782378658,14.537054545885692,46,255.0,0,1,18
Evaluation,12,4818,saw,12,retained,True,5.225491359139771,5.916003666547002,13.355692864125645,33,352.0,0,1,2
Evaluation,12,4845,From,1,frequency_below_5,False,-1.7536135306530074,0.5134666226583418,4.762630042083237,404,784.0,0,0,0
Evaluation,12,4859,See,1,frequency_below_5,False,-2.3613061457741042,-1.1719750124431347,3.06688144369763,480,855.5,0,0,0
Evaluation,12,4871,higher,2,frequency_below_5,False,6.316498616911466,7.546108744725766,13.229420613519393,64,286.0,0,0,3
Evaluation,12,4880,needed,4,frequency_below_5,False,5.699985537066823,7.6997004989978155,13.579787669779734,37,285.5,0,1,3
Evaluation,12,4887,hit,7,retained,True,-1.4318745484224555,3.0106340352932,9.69928712993657,272,606.0,0,0,0
Evaluation,12,4906,third,1,frequency_below_5,False,4.813461187993916,4.874165327898294,10.420717895947638,55,431.0,0,0,10
Evaluation,12,4915,happy,1,frequency_below_5,False,7.644800135116425,9.255903179391428,13.549823035453622,27,211.0,0,2,23
Evaluation,12,4930,seems,1,frequency_below_5,False,3.9676543174990955,7.268918189162101,15.42082881699167,71,316.0,0,0,2
Evaluation,12,4942,parts,1,frequency_below_5,False,-0.7882859813536217,2.578438716084161,8.457992280877395,287,622.0,0,0,0
Evaluation,12,4956,received,4,frequency_below_5,False,1.5421629228792033,2.2568810613273316,8.20518493466218,193,597.0,0,0,0
Evaluation,12,4984,option,4,frequency_below_5,False,3.998183179685162,4.708855969493557,9.603919067430608,112,425.0,0,0,0
Evaluation,12,4998,taking,2,frequency_below_5,False,7.637015016040013,10.11374691689261,15.267496640663515,56,164.0,0,0,30
Evaluation,12,5023,like,1,frequency_below_5,False,0.7769516076261679,2.388445245024858,7.258447401757652,306,628.0,0,0,0
Evaluation,12,5040,Then,11,retained,True,-4.246655990578596,-3.485681231750165,3.0681394463277867,495,958.0,0,0,0
Evaluation,12,5041,Note,2,frequency_below_5,False,1.750022423803193,1.4385742868138247,8.830689167399651,36,730.0,0,7,21
Evaluation,12,5043,expected,1,frequency_below_5,False,1.4713969526135082,1.570735857654013,5.815051216718835,220,659.5,0,0,0
Evaluation,12,5065,switch,3,frequency_below_5,False,-0.04510490670892996,0.8525273813039259,10.190580571001808,94,707.0,0,0,1
Evaluation,12,5074,hot,1,frequency_below_5,False,-5.702618060677848,-4.424801853604857,0.8785961166145404,725,1025.0,0,0,0
Evaluation,12,5094,round,16,retained,True,3.4168891339305403,5.134802597388726,10.461527058229846,117,454.0,0,0,0
Evaluation,12,5112,correct,5,retained,True,7.60730456437778,7.862998666435526,12.512436370822005,23,249.0,0,4,25
Evaluation,12,5123,worth,1,frequency_below_5,False,3.0512638244457215,5.238156466621418,11.339917639719062,155,440.5,0,0,0
Evaluation,12,5135,vs,2,frequency_below_5,False,4.283047417086212,4.54823517777116,10.349685930686128,74,432.0,0,0,3
Evaluation,12,5163,coming,1,frequency_below_5,False,4.1421503025183615,7.412666877159369,13.76204531084354,117,309.5,0,0,0
Evaluation,12,5178,games,2,frequency_below_5,False,-0.28824460860407425,0.8934184892628325,6.781932714949385,289,698.0,0,0,0
Evaluation,12,5184,well,1,frequency_below_5,False,-2.782797756208592,-2.0342518553572715,9.169149522557928,58,886.5,0,0,1
Evaluation,12,5199,especially,2,frequency_below_5,False,-0.9595381582556858,4.470036784917715,12.610815019898947,121,481.0,0,0,0
Evaluation,12,5206,wrong,5,retained,True,10.197456491927312,9.938079517291879,19.277657849713357,5,169.0,9,101,141
Evaluation,12,5229,sense,1,frequency_below_5,False,5.7568041619257,4.966874480676378,13.213158924836051,25,463.0,0,59,92
Evaluation,12,5250,usually,8,retained,True,4.57826663918276,6.153472652509995,12.532369694376175,104,367.5,0,0,0
Evaluation,12,5278,wa,1,frequency_below_5,False,-4.394577585608443,-1.5941585251748123,3.667755932781681,625,931.0,0,0,0
Evaluation,12,5316,average,1,frequency_below_5,False,5.760503903869984,6.5819211407415565,11.162370391666958,73,322.0,0,0,2
Evaluation,12,5326,trying,12,retained,True,12.307490278433304,13.503645115929755,20.718662689562162,7,62.5,8,171,360
Evaluation,12,5331,Let,1,frequency_below_5,False,2.3735701210303946,3.0030863141047943,7.650714417935077,197,541.0,0,0,0
Evaluation,12,5342,hot,5,retained,True,-1.1795635225875865,1.6052822622848486,7.331654300385384,331,710.0,0,0,0
Evaluation,12,5349,NO,5,non_content,False,-4.417417264480869,-4.156420750907882,3.4428621535067783,157,1034.0,0,0,0
Evaluation,12,5374,continue,5,retained,True,5.4803659041848825,6.937073012889183,13.261233898321843,92,326.0,0,0,2
Evaluation,12,5398,player,13,retained,True,-3.7807933222918573,-3.2945726081055353,5.281679691282621,424,970.0,0,0,0
Evaluation,12,5434,remember,3,frequency_below_5,False,7.096604869337823,7.2920002603925145,12.767894655621612,60,275.5,0,0,15
Evaluation,12,5440,None,1,frequency_below_5,False,2.0953296232169136,0.7278530268955653,19.289484091752986,5,772.5,7,13,80
Evaluation,12,5466,wanted,3,frequency_below_5,False,7.578228238079174,8.108807343932881,13.342298187167897,45,239.5,0,1,10
Evaluation,12,5476,likely,9,retained,True,-6.312556833851208,-2.636664289435997,7.617118532874859,307,979.5,0,0,0
Evaluation,12,5489,occur,1,frequency_below_5,False,3.75401604134288,3.356595991711189,10.558611078147152,63,559.0,0,0,67
Evaluation,12,5499,click,6,retained,True,1.6446048554582675,5.025793390253689,11.018979920157605,69,463.0,0,0,1
Evaluation,12,5501,lost,5,retained,True,2.762108180119607,4.5736727496133875,9.592346489179114,206,490.5,0,0,0
Evaluation,12,5514,After,1,frequency_below_5,False,5.70127959670221,5.489043199486908,11.01809560080794,49,365.0,0,1,15
Evaluation,12,5525,till,6,retained,True,1.9922267392999995,4.669852851364546,11.447088953319842,82,486.0,0,0,1
Evaluation,12,5543,longer,6,retained,True,7.739249136451324,7.994059586098624,13.966783745315166,19,238.0,0,1,50
Evaluation,12,5563,First,1,frequency_below_5,False,-4.3816088150167865,-0.8136746871917657,5.298893023564865,527,884.0,0,0,0
Evaluation,12,5566,instance,1,frequency_below_5,False,2.666497363111179,2.822841887777953,7.898013206619233,102,589.5,0,0,0
Evaluation,12,5567,knowledge,1,frequency_below_5,False,0.20730219768398653,1.0566021038509734,10.47944846422105,30,688.5,0,1,2
Evaluation,12,5591,couple,5,retained,True,8.948972990540131,9.542991531978991,14.553837264495233,23,164.0,0,11,59
Evaluation,12,5616,isn,1,frequency_below_5,False,9.54932164472249,10.59177608878333,18.4658796192128,11,143.0,0,26,135
Evaluation,12,5645,gave,51,retained,True,7.167309350010189,8.651851748880567,16.38693177658272,15,254.5,0,6,32
Evaluation,12,5688,approach,1,frequency_below_5,False,3.941899868215291,4.890295124807059,12.873188126048909,26,451.5,0,1,7
Evaluation,12,5748,regular,1,frequency_below_5,False,3.6212519887410357,5.598311328450709,11.522189695192534,138,411.0,0,0,0
Evaluation,12,5774,figure,12,retained,True,0.5921982238491863,0.9133558644754256,6.876223387274409,280,684.0,0,0,0
Evaluation,12,5787,click,2,frequency_below_5,False,-1.5549527454528351,0.052752183402654404,5.884052228504449,226,799.5,0,0,0
Evaluation,12,5798,shirt,1,frequency_below_5,False,-3.359572227778634,-3.3504904484378533,0.43873321816259514,321,1000.0,0,0,0
Evaluation,12,5852,therefore,1,frequency_below_5,False,-2.7250014839853063,-1.300358686806685,6.515362913573664,352,867.5,0,0,0
Evaluation,12,5910,cked,1,frequency_below_5,False,-7.776112413326367,-4.626408765502452,-0.030753708029647164,875,1056.5,0,0,0
Evaluation,12,5913,student,6,retained,True,1.3853486294732453,1.5073293182221938,7.077378375361734,196,642.0,0,0,0
Evaluation,12,5918,instead,1,frequency_below_5,False,-0.38273994692821833,2.8676788465682344,10.107627840698115,150,604.0,0,0,0
Evaluation,12,5967,fail,4,frequency_below_5,False,-1.6205520178268777,-1.4778255784184697,2.8907543025386016,419,869.5,0,0,0
Evaluation,12,5968,numbers,3,frequency_below_5,False,0.7814709103442171,1.6938000895362215,7.095760722667814,125,647.0,0,0,0
Evaluation,12,5972,Just,8,non_content,False,6.59560295946194,7.115555758369579,14.539076107496616,16,284.5,0,5,22
Evaluation,12,5981,became,10,retained,True,6.132833722875882,7.421441839247876,12.64355298320181,81,305.0,0,0,2
Evaluation,12,5985,safe,1,frequency_below_5,False,-1.1374658790326047,0.8246099716121517,6.502666074632058,411,747.0,0,0,0
Evaluation,12,5988,difficult,3,frequency_below_5,False,-0.5089826114361528,2.5802610587740515,9.360986948628948,307,630.0,0,0,0
Evaluation,12,6055,gain,1,frequency_below_5,False,-1.8671796131985843,-0.6004370782380821,5.573058085384705,384,821.0,0,0,0
Evaluation,12,6086,button,1,frequency_below_5,False,-0.3379955489666689,0.4373854276500861,7.122709884234897,212,733.0,0,0,0
Evaluation,12,6143,altern,2,frequency_below_5,False,-1.2950946827150371,-1.1090579628438766,6.629816196829843,127,893.0,0,0,0
Evaluation,12,6156,gives,4,frequency_below_5,False,2.503049457145934,5.197360780956444,11.174902649509326,113,449.5,0,0,0
Evaluation,12,6162,ones,6,retained,True,3.6998513447248254,6.440281057696149,12.232047288823383,125,360.0,0,0,0
Evaluation,12,6173,luck,2,frequency_below_5,False,1.039757778522555,2.95172505902912,9.80247614552087,51,596.0,0,0,1
Evaluation,12,6179,Well,1,frequency_below_5,False,1.9864571789015353,2.098819633577949,14.739170693828362,12,598.0,0,1,1
Evaluation,12,6220,felt,7,retained,True,1.7426360439772344,4.98808613877873,11.372074259602357,134,470.5,0,0,0
Evaluation,12,6222,positive,20,retained,True,-0.14029724452943604,1.5207600831461798,7.1005280105611135,256,696.5,0,0,0
Evaluation,12,6241,choice,19,retained,True,1.1877091508141338,3.0049296404420067,8.421810525984561,178,597.0,0,0,0
Evaluation,12,6253,random,11,retained,True,7.482823713305325,9.667964056822186,17.224542109053257,26,202.0,0,4,56
Evaluation,12,6281,looked,11,retained,True,3.5724395050624405,6.877351984351005,13.497126490289263,64,337.5,0,0,2
Evaluation,12,6287,Yes,37,retained,True,1.8947251878969524,2.43202910781671,12.73451629439936,30,594.0,0,1,3
Evaluation,12,6343,began,3,frequency_below_5,False,7.841825735440181,7.825065324332718,13.678419270735198,24,238.0,0,7,64
Evaluation,12,6372,Just,3,frequency_below_5,False,-1.671733192897431,1.5279565631314869,8.739644414654178,311,719.5,0,0,0
Evaluation,12,6390,NO,4,frequency_below_5,False,-3.1960496232094506,-2.8342761420790055,5.90791281589417,93,978.0,0,0,3
Evaluation,12,6410,selected,3,frequency_below_5,False,-0.11941010591056822,1.8122975932237857,8.489661151641432,187,674.5,0,0,0
Evaluation,12,6423,tried,107,retained,True,6.497765002689592,9.05539775592046,16.91825592712282,34,231.5,0,6,39
Evaluation,12,6443,Change,1,frequency_below_5,False,-0.3671050246827981,-0.3133947983624178,11.888714149548063,13,834.0,0,1,1
Evaluation,12,6475,choose,8,retained,True,2.359831770868816,4.839499764137002,10.224459959325133,170,468.5,0,0,0
Evaluation,12,6547,described,1,frequency_below_5,False,-1.2146769242963937,0.5724533588638008,6.107637040148726,376,769.0,0,0,0
Evaluation,12,6561,greater,1,frequency_below_5,False,3.335523734262484,3.368965268435806,9.293614617075564,103,520.0,0,0,0
Evaluation,12,6574,simply,5,retained,True,5.365364437781454,9.640661446166927,15.899055640647303,45,206.0,0,4,48
Evaluation,12,6608,knew,4,frequency_below_5,False,4.172635200143933,4.410298562635029,10.27237404014045,68,448.5,0,0,2
Evaluation,12,6616,select,4,frequency_below_5,False,2.6902594021391923,3.884004924894696,9.200787396676073,133,516.5,0,0,0
Evaluation,12,6640,players,3,frequency_below_5,False,-2.324683291677662,-1.4406743396495247,5.690631321506139,368,853.5,0,0,0
Evaluation,12,6643,towards,1,frequency_below_5,False,10.951768569767507,12.624521965063616,17.808171598467883,19,84.0,0,89,298
Evaluation,12,6644,pin,1,frequency_below_5,False,-2.3037714872586723,-1.8089147249604034,2.8517357085907284,455,881.0,0,0,0
Evaluation,12,6645,easily,1,frequency_below_5,False,2.2906942269914263,5.377586267680916,11.03876197757405,163,439.5,0,0,0
Evaluation,12,6664,involved,1,frequency_below_5,False,4.188377134392012,4.96428640618964,9.717888273151013,149,407.5,0,0,0
Evaluation,12,6733,multiple,7,retained,True,2.0661858670651596,4.6355616729274285,12.505229929369428,108,488.5,0,0,0
Evaluation,12,6787,turned,9,retained,True,6.772252576241527,10.456731159285791,16.328123700141155,42,159.0,0,3,77
Evaluation,12,6793,Also,1,frequency_below_5,False,-7.916716525738862,-6.370797496838806,0.33688427631553397,773,1079.0,0,0,0
Evaluation,12,6800,worked,6,retained,True,6.020491872646422,7.888370509136696,12.719372910308143,65,279.0,0,0,3
Evaluation,12,6836,myself,4,frequency_below_5,False,2.8500616867042075,7.200638883005698,12.768774567699065,85,345.0,0,0,1
Evaluation,12,6858,avoid,2,frequency_below_5,False,-3.9027441674183905,-1.8853584391581215,3.4417343830255196,652,931.0,0,0,0
Evaluation,12,6883,pattern,35,retained,True,-1.364625346943222,-0.14769268630543383,10.42022122639095,65,802.0,0,0,1
Evaluation,12,6900,throughout,15,retained,True,5.148089313417365,6.456976862743264,15.669765372957812,47,346.5,0,1,11
Evaluation,12,6911,task,2,frequency_below_5,False,-9.833742395296449,-6.373223869023654,-0.8953859572403775,895,1098.5,0,0,0
Evaluation,12,6929,limited,1,frequency_below_5,False,-2.46889310291806,0.15715374264878812,5.679738196675003,452,802.0,0,0,0
Evaluation,12,6947,sometimes,4,frequency_below_5,False,9.572540961166494,12.909389894674323,20.37042383082115,4,79.5,5,135,285
Evaluation,12,6990,developed,1,frequency_below_5,False,-0.22124491700513574,2.0030616889358157,8.008195025377413,216,668.5,0,0,0
Evaluation,12,6991,played,2,frequency_below_5,False,2.604475171866759,4.567602076433236,10.405499578629447,130,485.5,0,0,0
Evaluation,12,7017,effective,1,frequency_below_5,False,-5.752417601291779,-4.0446912468365035,4.244750530549667,501,1017.0,0,0,0
Evaluation,12,7029,track,3,frequency_below_5,False,-1.7672199360395802,1.4985794007271698,5.967855739613,414,705.5,0,0,0
Evaluation,12,7034,obtained,1,frequency_below_5,False,1.1271037505480868,1.0556661736271375,5.36776753855163,139,711.5,0,0,0
Evaluation,12,7039,spot,1,frequency_below_5,False,2.251745607446177,4.395639004523999,9.693661759428716,162,506.0,0,0,0
Evaluation,12,7052,changed,33,retained,True,5.6036938103181,6.692168456750035,11.527498686789064,24,326.0,0,1,2
Evaluation,12,7059,associated,1,frequency_below_5,False,2.2571224266179906,2.6362503754414623,7.63364577380746,126,560.0,0,0,0
Evaluation,12,7068,chance,9,retained,True,4.117051292701161,4.856305864349826,10.439178388201944,42,431.0,0,1,1
Evaluation,12,7100,look,1,frequency_below_5,False,-2.370943877375796,-1.231102424668339,7.257516082164879,213,869.0,0,0,0
Evaluation,12,7166,thinking,2,frequency_below_5,False,9.042681134246955,10.214121690201743,16.430635295216383,18,163.0,0,8,74
Evaluation,12,7185,middle,7,retained,True,8.478137675603266,8.343086507377638,15.761686254592789,11,254.0,0,47,117
Evaluation,12,7290,quickly,3,frequency_below_5,False,8.235441755860077,10.796546574742878,15.945613003973591,29,144.5,0,12,130
Evaluation,12,7323,tend,2,frequency_below_5,False,0.10202092893488693,3.602759647583961,9.147548406838244,301,557.0,0,0,0
Evaluation,12,7332,wasn,10,retained,True,10.36650351758344,10.742240459203991,23.404607664075492,3,117.0,4,57,165
Evaluation,12,7340,projects,2,frequency_below_5,False,-4.241389610965057,-0.8257372269721954,5.007448437266334,416,885.0,0,0,0
Evaluation,12,7354,Best,1,frequency_below_5,False,-2.919534002663753,-1.6275948921205523,4.300252281512043,472,889.5,0,0,0
Evaluation,12,7385,giving,27,retained,True,6.743732439821333,8.98122150012022,16.29589491004436,16,225.0,0,3,25
Evaluation,12,7409,Then,2,frequency_below_5,False,-0.37745587451292356,-0.39821962985871895,5.5699146043134835,283,772.0,0,0,0
Evaluation,12,7464,guess,5,retained,True,6.585065145659138,8.136116294288119,15.983208873427465,11,265.0,0,7,20
Evaluation,12,7489,beginning,6,retained,True,9.033313093721409,8.940910296329466,13.676974241340098,18,222.5,0,91,121
Evaluation,12,7522,happened,3,frequency_below_5,False,9.356357564596467,9.434571648801501,16.133888015175554,8,169.0,1,15,132
Evaluation,12,7544,immediately,7,retained,True,6.830302311480869,8.137404875402524,13.82274735888475,53,253.0,0,0,17
Evaluation,12,7554,notice,2,frequency_below_5,False,5.883194932734979,6.009845449240213,10.829229322127206,51,392.5,0,0,68
Evaluation,12,7571,wild,1,frequency_below_5,False,0.5371179551396945,1.7525163397546795,6.268561361835768,253,653.5,0,0,0
Evaluation,12,7599,followed,1,frequency_below_5,False,3.784334353296969,6.442987272347601,11.353108665079143,112,375.5,0,0,0
Evaluation,12,7669,maybe,2,frequency_below_5,False,6.709651276318599,10.711271747232544,19.653743217310463,12,148.5,0,57,168
Evaluation,12,7679,patient,1,frequency_below_5,False,2.6403423749993795,2.4857871744139057,8.321386116761342,93,610.5,0,0,2
Evaluation,12,7694,except,2,frequency_below_5,False,3.057184362522385,4.577892176263468,11.16093344127415,117,484.0,0,0,0
Evaluation,12,7697,decided,2,frequency_below_5,False,3.713730611791099,6.285741865792762,10.77231277561486,120,381.0,0,0,0
Evaluation,12,7705,guy,2,frequency_below_5,False,4.149026908471792,6.403552717864629,12.12669736348998,104,372.0,0,0,0
Evaluation,12,7716,score,20,retained,True,0.8999801304599041,1.8774243358907508,6.974699850433591,339,641.5,0,0,0
Evaluation,12,7739,balance,1,frequency_below_5,False,-0.38143127700235063,1.1545681576837192,6.228817584615351,348,716.0,0,0,0
Evaluation,12,7769,which,1,frequency_below_5,False,1.2919803672661476,1.7043697635089419,6.480616167357759,118,652.5,0,0,0
Evaluation,12,7778,yes,20,retained,True,10.290030150592145,10.652393101060909,19.38217960040856,4,126.0,3,87,188
Evaluation,12,7781,beyond,1,frequency_below_5,False,6.710912491876932,8.923133228094091,15.091435875130353,29,224.5,0,2,14
Evaluation,12,7783,generally,4,frequency_below_5,False,-3.5300888853882353,0.4005461781987384,8.767253626087872,259,794.0,0,0,0
Evaluation,12,7786,sweet,1,frequency_below_5,False,6.301933588706646,6.439764980336426,10.667187488630239,40,328.0,0,2,11
Evaluation,12,7822,continued,9,retained,True,2.3757873882672387,3.8317131471142387,10.028030250958127,173,526.5,0,0,0
Evaluation,12,7856,trial,1,frequency_below_5,False,2.169091871340628,2.8190119726920435,6.995173695145684,225,553.5,0,0,0
Evaluation,12,7910,earlier,1,frequency_below_5,False,6.99089050252139,8.464916146060283,13.886460083693379,53,249.0,0,0,14
Evaluation,12,7929,entry,1,frequency_below_5,False,3.0065142938684777,2.047132934484967,10.934979047646271,35,665.0,0,18,72
Evaluation,12,7930,trust,4,frequency_below_5,False,-1.7078986686984754,0.8793450688890958,7.095801566075493,333,755.5,0,0,0
Evaluation,12,8001,kept,45,retained,True,10.599624843322713,11.380627591329858,18.055367829661314,9,112.0,1,34,191
Evaluation,12,8031,none,5,retained,True,3.0510450443787827,4.058865498995965,10.185411079408766,38,490.5,0,6,7
Evaluation,12,8091,particularly,4,frequency_below_5,False,-4.863412274211059,-0.23539131581840272,8.9828457024783,209,832.5,0,0,0
Evaluation,12,8096,moving,5,retained,True,2.62319493308986,4.713654431297938,9.835991290530263,157,482.5,0,0,0
Evaluation,12,8105,aware,2,frequency_below_5,False,5.280840339271537,5.219339765418644,11.682450410461819,22,439.5,0,6,67
Evaluation,12,8199,zero,1,frequency_below_5,False,1.3930023386227515,4.142276408522283,11.95298521423634,142,509.5,0,0,0
Evaluation,12,8266,switch,51,retained,True,6.174999668138264,7.229272134681434,16.477159230384004,7,305.0,1,4,5
Evaluation,12,8280,dont,1,frequency_below_5,False,-1.60501673310662,0.0426381279685665,8.410641721287154,195,811.5,0,0,0
Evaluation,12,8322,negative,63,retained,True,4.370470719254223,4.831309740041252,10.326071114520573,100,407.0,0,0,1
Evaluation,12,8363,determine,3,frequency_below_5,False,0.8279001116523348,0.725536692947987,6.312372316491873,177,715.5,0,0,0
Evaluation,12,8382,perhaps,2,frequency_below_5,False,1.828199835504857,4.628556211094907,14.384778762913728,27,470.0,0,1,4
Evaluation,12,8385,successful,12,retained,True,2.3959143638762366,2.506485738788356,7.590139884979451,76,620.0,0,0,2
Evaluation,12,8409,behavior,3,frequency_below_5,False,-0.2893654817954685,-0.07273710659978894,5.865338119868296,172,760.5,0,0,0
Evaluation,12,8481,otherwise,3,frequency_below_5,False,6.779969817489463,6.976321757120506,12.665308876895358,21,277.0,0,1,2
Evaluation,12,8492,selection,6,retained,True,1.6886309327408426,1.7236967972820654,9.928223267066215,23,685.5,0,2,4
Evaluation,12,8493,trend,1,frequency_below_5,False,-18.21381647436728,-12.527469566382013,-5.342823041515239,1082,1139.0,0,0,0
Evaluation,12,8509,moved,24,retained,True,2.420351546738429,4.7473622846309045,8.932658346264313,156,482.0,0,0,0
Evaluation,12,8520,failed,14,retained,True,-0.17302994166268235,0.5234593625853295,6.845927905308387,306,730.0,0,0,0
Evaluation,12,8588,showed,3,frequency_below_5,False,7.120068412128915,7.15982794128667,11.706441203064143,66,278.0,0,0,24
Evaluation,12,8603,testing,1,frequency_below_5,False,0.6295054095890444,0.6793270174349632,5.060902605414082,185,731.0,0,0,0
Evaluation,12,8672,made,1,frequency_below_5,False,-4.944116563102996,-3.302257400081885,1.8946366170437652,604,996.5,0,0,0
Evaluation,12,8691,overall,1,frequency_below_5,False,3.1169644543376,4.584685283456302,11.162862029399646,146,468.5,0,0,0
Evaluation,12,8697,attempt,1,frequency_below_5,False,-2.370210923543799,0.274241819292422,6.1242757022882035,373,810.5,0,0,0
Evaluation,12,8786,Only,9,retained,True,-1.6712642652496006,0.37045987976917155,6.1785603312288675,395,800.0,0,0,0
Evaluation,12,8787,partners,20,retained,True,1.0218927494133747,1.8591085815219741,8.907198265273008,47,614.0,0,1,1
Evaluation,12,8792,variable,1,frequency_below_5,False,-0.2692920025927022,0.9127165406236701,5.9135996485028315,262,718.5,0,0,0
Evaluation,12,8830,caused,3,frequency_below_5,False,2.4226315777160994,4.119825237843914,9.220569573558759,158,509.0,0,0,0
Evaluation,12,8841,unless,5,retained,True,3.028429771673354,4.292511583718939,12.357402775394291,61,481.5,0,0,1
Evaluation,12,8876,ran,2,frequency_below_5,False,3.1731334829464366,3.186231441779266,8.452022231359875,116,548.5,0,0,0
Evaluation,12,8906,toward,2,frequency_below_5,False,9.20820624043095,9.918475247836504,17.037703539130895,28,160.0,0,9,67
Evaluation,12,8908,cards,16,retained,True,0.692992973835383,1.0819645910136877,6.802217682758509,286,682.0,0,0,0
Evaluation,12,8951,reached,1,frequency_below_5,False,1.2254388779969787,3.297665124296615,7.393477053636785,285,580.0,0,0,0
Evaluation,12,8961,couldn,2,frequency_below_5,False,0.7370256805127483,3.8897697639912026,10.416887416071805,147,531.0,0,0,0
Evaluation,12,9032,sets,1,frequency_below_5,False,-0.7781994883700838,0.2878530833762061,4.311260836163505,407,749.0,0,0,0
Evaluation,12,9041,some,1,frequency_below_5,False,-0.0015908649771025432,1.571729577283695,10.406061313480441,151,693.0,0,0,0
Evaluation,12,9065,benefit,2,frequency_below_5,False,-5.2099423982152295,-2.2456906599371003,3.6998975581406253,529,958.0,0,0,0
Evaluation,12,9083,Find,1,frequency_below_5,False,0.23518075082355938,1.1962536018845715,9.455415105635694,89,683.0,0,0,1
Evaluation,12,9096,aim,1,frequency_below_5,False,7.283876507110252,7.518750123333399,14.422670306636675,7,295.0,1,8,77
Evaluation,12,9102,proof,1,frequency_below_5,False,-5.197718836616195,-3.0993525013870906,1.3564794513553986,731,996.5,0,0,0
Evaluation,12,9108,persons,1,frequency_below_5,False,-4.985130270277459,-4.917964923565275,1.9870696516104616,395,1058.0,0,0,0
Evaluation,12,9151,providing,2,frequency_below_5,False,1.4136228358198726,1.8667296286396775,8.456595374950377,99,611.0,0,0,1
Evaluation,12,9168,remains,1,frequency_below_5,False,-0.592797633429357,0.7320760619159079,4.8683083400592,330,733.0,0,0,0
Evaluation,12,9174,wouldn,3,frequency_below_5,False,7.577372871733662,8.705642470835471,16.463139423428117,24,227.0,0,7,38
Evaluation,12,9175,rapid,1,frequency_below_5,False,0.8790928352549294,3.9329480265614962,7.684122930846334,301,540.5,0,0,0
Evaluation,12,9223,appeared,1,frequency_below_5,False,-2.1689936899500535,-0.4105125059284995,5.611599642659139,457,830.0,0,0,0
Evaluation,12,9238,seemed,41,retained,True,5.02121731163153,8.07310049769551,16.214069017270013,41,272.5,0,1,12
Evaluation,12,9276,colors,3,frequency_below_5,False,-2.621980970637134,-2.5029546992950022,4.405033919097859,217,960.5,0,0,0
Evaluation,12,9277,bad,1,frequency_below_5,False,-3.288764029757249,-3.125102967050735,1.5722609233623648,315,981.5,0,0,0
Evaluation,12,9288,stick,28,retained,True,2.2404321288689366,3.3777216881019196,9.601694221611435,202,526.5,0,0,0
Evaluation,12,9295,random,1,frequency_below_5,False,-0.29276763121048127,0.9177594739654056,6.340529927275274,320,716.5,0,0,0
Evaluation,12,9336,offered,1,frequency_below_5,False,1.574080840454676,3.8178620672322348,9.642601899482525,205,544.5,0,0,0
Evaluation,12,9393,highest,4,frequency_below_5,False,4.622329783024762,4.343963586877971,9.476402693389124,60,446.5,0,0,18
Evaluation,12,9458,yield,2,frequency_below_5,False,-3.0236762712327696,-2.4755070275307327,1.9114502658993593,426,935.5,0,0,0
Evaluation,12,9537,ratio,1,frequency_below_5,False,-3.600706344043407,-3.567838806223654,0.4707010048953869,428,990.0,0,0,0
Evaluation,12,9550,whatever,1,frequency_below_5,False,5.230870733675694,8.019307138599181,15.314537679861509,47,272.5,0,1,21
Evaluation,12,9562,samples,1,frequency_below_5,False,-4.611984633683082,-3.895926633231253,0.9821853151870541,594,1007.5,0,0,0
Evaluation,12,9601,seeing,3,frequency_below_5,False,8.724820466521152,9.540814180412942,17.4433207701533,33,178.0,0,2,37
Evaluation,12,9611,noted,2,frequency_below_5,False,-3.689960910738465,-1.3686208447365678,4.555629798449425,435,911.0,0,0,0
Evaluation,12,9614,fal,1,frequency_below_5,False,-5.206198253212931,-4.270384132191545,0.7436064330420965,751,1013.5,0,0,0
Evaluation,12,9629,minor,1,frequency_below_5,False,-2.7475116505939887,-0.716746068347077,4.325510193782207,476,859.0,0,0,0
Evaluation,12,9633,failure,1,frequency_below_5,False,-1.1948188513386515,-1.3101755091212053,3.8714730972426614,278,861.0,0,0,0
Evaluation,12,9670,partner,89,retained,True,0.06289373641014778,2.055318418448311,7.568976163050266,113,677.0,0,0,0
Evaluation,12,9691,Many,1,frequency_below_5,False,7.71544231194464,7.057481825768539,13.65868841490809,11,329.0,0,99,119
Evaluation,12,9693,Although,1,frequency_below_5,False,-2.7151272137590885,-1.4340214265598128,5.264730949438919,321,888.0,0,0,0
Evaluation,12,9701,category,1,frequency_below_5,False,-2.21953527023381,-1.3998315005101343,4.021795730193476,366,866.5,0,0,0
Evaluation,12,9721,two,1,frequency_below_5,False,0.019836120877879854,0.1322793281332794,6.130946374341737,287,726.5,0,0,0
Evaluation,12,9763,listed,1,frequency_below_5,False,-0.6916977095037411,1.6842379341167373,6.142256320524266,402,701.0,0,0,0
Evaluation,12,9771,survey,1,frequency_below_5,False,-8.219531752856879,-7.251342325502072,-2.3509466203656197,730,1101.0,0,0,0
Evaluation,12,9803,strategy,88,retained,True,7.704433561625085,6.19178103473592,29.91637634505839,2,374.0,25,102,120
Evaluation,12,9902,jump,3,frequency_below_5,False,4.439169402996691,5.939689897912277,11.176139438088194,104,387.5,0,0,0
Evaluation,12,9993,roll,2,frequency_below_5,False,-0.43327402785432445,-0.05427750404880537,4.42227877951573,391,775.0,0,0,0
Evaluation,12,10055,helpful,10,retained,True,0.9935054732339815,2.501583799935319,8.511043720827418,309,624.0,0,0,0
Evaluation,12,10067,previously,1,frequency_below_5,False,3.4632131353954825,4.46788892425928,9.915570069090471,192,463.0,0,0,0
Evaluation,12,10088,helped,1,frequency_below_5,False,4.199329720878524,5.512630289404402,11.455533207936648,132,414.5,0,0,0
Evaluation,12,10127,broken,1,frequency_below_5,False,1.0005229251564274,3.863852226130141,8.964347538505317,266,538.0,0,0,0
Evaluation,12,10205,shift,1,frequency_below_5,False,4.1771457923695285,4.840803118844941,9.641695290962343,142,424.0,0,0,0
Evaluation,12,10225,lose,2,frequency_below_5,False,-2.876261757891728,-0.48414231717446266,5.017998096989507,415,852.5,0,0,0
Evaluation,12,10368,Their,1,frequency_below_5,False,-5.637753388107775,-4.37029840352659,1.6058235152138458,610,1026.0,0,0,0
Evaluation,12,10382,tow,1,frequency_below_5,False,-4.419986361648951,-4.343288366747434,0.5058599638765428,504,1030.0,0,0,0
Evaluation,12,10474,frequency,2,frequency_below_5,False,-0.908848049671563,-0.6764102363773157,6.323598151975851,254,773.0,0,0,0
Evaluation,12,10478,drawing,1,frequency_below_5,False,-2.459386105043578,-0.4328760816773004,3.46914871282383,571,848.5,0,0,0
Evaluation,12,10488,finding,3,frequency_below_5,False,1.8513832251079791,3.1199474239948968,9.513775703686361,159,571.5,0,0,0
Evaluation,12,10523,answers,2,frequency_below_5,False,-1.358994624319719,-0.18677967380099111,5.9440922084357215,292,786.5,0,0,0
Evaluation,12,10528,maintain,1,frequency_below_5,False,-0.03817676877348959,1.2687307459173067,7.06630254938301,359,702.0,0,0,0
Evaluation,12,10552,Search,1,frequency_below_5,False,-3.88891648577126,-2.95965016731403,4.31893209193711,410,961.0,0,0,0
Evaluation,12,10588,agent,1,frequency_below_5,False,-0.5306887604915255,-1.0352153032934721,6.006436889946258,136,883.5,0,0,0
Evaluation,12,10617,extent,1,frequency_below_5,False,-1.8832747624282964,-2.518970476257265,5.497359551910349,109,979.0,0,0,0
Evaluation,12,10629,sequence,1,frequency_below_5,False,-4.907004694180008,-2.4506086090246817,4.105234693457497,371,972.5,0,0,0
Evaluation,12,10652,fell,1,frequency_below_5,False,8.724932905200552,8.80111528363884,13.147708303275932,29,202.5,0,6,99
Evaluation,12,10662,gonna,1,frequency_below_5,False,3.3894250221270075,4.097272943086698,11.38911779788033,133,471.5,0,0,0
Evaluation,12,10745,grade,1,frequency_below_5,False,-4.671083634453634,-4.011138216429567,1.1564050975410922,576,1008.0,0,0,0
Evaluation,12,10763,none,9,retained,True,-1.4897013586732608,-1.604654243616713,13.454025023716225,12,908.5,0,6,7
Evaluation,12,10808,after,1,frequency_below_5,False,1.2035010582343362,1.30642130183594,6.320766804081812,170,655.5,0,0,0
Evaluation,12,11041,watching,1,frequency_below_5,False,4.867221883145466,5.931701515619059,11.526930611889826,123,371.0,0,0,0
Evaluation,12,11048,there,1,frequency_below_5,False,-4.532797770861054,-3.5812494832213195,1.8191637255943012,627,986.0,0,0,0
Evaluation,12,11117,changing,5,retained,True,5.610567906229125,6.654478095490056,12.678480715585962,10,333.0,1,2,4
Evaluation,12,11127,than,1,frequency_below_5,False,-13.92958659737239,-12.425348476165452,-5.751582169917079,1000,1137.0,0,0,0
Evaluation,12,11128,forth,6,retained,True,-0.856851674478393,-0.10118221183841103,5.813559506041077,258,767.5,0,0,0
Evaluation,12,11288,drawn,1,frequency_below_5,False,-0.3308832893238193,0.6832323632987475,5.51858063677081,413,709.0,0,0,0
Evaluation,12,11309,desk,1,frequency_below_5,False,2.7943265913526902,2.048827607061047,12.120823164505541,32,669.0,0,4,74
Evaluation,12,11316,ride,1,frequency_below_5,False,-1.2762797645861166,0.6632611054153923,5.571852744653883,473,770.5,0,0,0
Evaluation,12,11429,discussed,1,frequency_below_5,False,-0.0230074856261672,1.0860900302275611,5.617861585821414,273,717.5,0,0,0
Evaluation,12,11441,identify,2,frequency_below_5,False,1.0280655474494973,1.578098758644502,9.104990078852845,129,633.5,0,0,0
Evaluation,12,11548,remaining,3,frequency_below_5,False,1.0445253050974543,1.3214120170229233,7.381668186482262,255,623.0,0,0,0
Evaluation,12,11594,twice,19,retained,True,7.259979156251127,8.52910443755377,13.526046330772406,51,242.5,0,0,15
Evaluation,12,11633,vary,1,frequency_below_5,False,4.695357317426537,4.7353134353294255,11.183412535951291,66,433.0,0,0,11
Evaluation,12,11702,circumstances,1,frequency_below_5,False,-1.7309529944898825,-0.644535381134759,5.103728811933726,364,822.0,0,0,0
Evaluation,12,11799,Once,3,frequency_below_5,False,-2.4862941332272332,-0.9107375627323373,4.2115985678923655,352,866.0,0,0,0
Evaluation,12,11807,ended,1,frequency_below_5,False,4.89147793765369,7.783195812111701,12.714465694834857,98,292.0,0,0,1
Evaluation,12,11892,stopped,8,retained,True,9.96340382277641,10.020723307100472,14.740266459690929,17,162.0,0,71,143
Evaluation,12,11900,mostly,7,retained,True,7.1381429078748955,11.0667013401909,17.719807618140873,2,140.0,2,31,169
Evaluation,12,12013,decisions,3,frequency_below_5,False,0.5486342058812846,0.6024614444824576,10.723681929171759,49,766.0,0,1,3
Evaluation,12,12070,percentage,3,frequency_below_5,False,5.270738885325357,5.0795028053612326,13.979777149853746,28,449.0,0,10,88
Evaluation,12,12136,patterns,20,retained,True,1.670448061638783,1.5020749459128868,15.388855876594446,18,627.0,0,2,5
Evaluation,12,12181,indicate,1,frequency_below_5,False,-2.914680602222301,-2.4607305779036386,2.0696233189791213,334,925.0,0,0,0
Evaluation,12,12267,once,1,frequency_below_5,False,-3.6945021749931897,-3.657747302092421,3.502853451836219,403,1000.5,0,0,0
Evaluation,12,12272,tested,3,frequency_below_5,False,-1.138466025640972,0.49206063911636716,5.562427995813923,429,773.5,0,0,0
Evaluation,12,12283,frequently,4,frequency_below_5,False,-0.6267325628586937,1.86922425856222,8.22385848800089,306,688.5,0,0,0
Evaluation,12,12302,worse,1,frequency_below_5,False,14.180534061447975,12.604322937389366,30.940542027323286,2,88.0,110,166,268
Evaluation,12,12345,serial,1,frequency_below_5,False,-0.9353668996408108,-1.3185527127712562,4.109705525276743,135,902.0,0,0,0
Evaluation,12,12392,confirmed,1,frequency_below_5,False,0.12980369114207554,0.7874140359123836,5.981268669815615,296,696.0,0,0,0
Evaluation,12,12393,helping,1,frequency_below_5,False,5.637554802539495,6.455526828246812,10.691942031315545,82,339.0,0,0,2
Evaluation,12,12414,occurred,1,frequency_below_5,False,1.5148016214668147,1.716562621410267,6.190780737688821,189,632.0,0,0,0
Evaluation,12,12722,turns,3,frequency_below_5,False,4.514653347783731,7.1668781645669775,12.491119325185984,113,332.0,0,0,0
Evaluation,12,12777,employed,1,frequency_below_5,False,-1.1574521789413044,0.21600212882126646,5.537566477361165,300,770.0,0,0,0
Evaluation,12,12792,gut,1,frequency_below_5,False,-7.073613462691851,-4.3963899352573765,0.05018240253942363,839,1049.5,0,0,0
Evaluation,12,12810,Keep,1,frequency_below_5,False,1.260889390582483,0.9973404531761887,6.397919480871596,154,674.5,0,0,0
Evaluation,12,12879,significantly,1,frequency_below_5,False,-4.855953516399054,-1.8454239642606063,7.055540381034157,311,946.0,0,0,0
Evaluation,12,13021,keep,1,frequency_below_5,False,0.0676605217254406,0.059685716613254974,6.2918567478674365,306,742.0,0,0,0
Evaluation,12,13105,somewhat,1,frequency_below_5,False,1.234057170559432,4.844103750209417,12.689053412235504,116,457.0,0,0,0
Evaluation,12,13221,committed,1,frequency_below_5,False,4.719063628431496,4.641635901487591,10.354448810969243,66,443.0,0,0,23
Evaluation,12,13230,passing,1,frequency_below_5,False,4.295558552166733,4.378580146102512,8.416445761936618,93,474.5,0,0,6
Evaluation,12,13237,carefully,4,frequency_below_5,False,5.282742756712928,6.63616085636062,11.978500789894012,69,328.5,0,0,1
Evaluation,12,13315,repeated,3,frequency_below_5,False,3.709980477766446,3.6958049843396017,9.66848317877316,156,476.5,0,0,0
Evaluation,12,13333,tasks,2,frequency_below_5,False,-8.415701132059612,-5.372377025442866,2.3386371332424085,632,1077.5,0,0,0
Evaluation,12,13339,eventually,2,frequency_below_5,False,6.608267292536856,7.495397528335291,14.207057612611942,40,272.5,0,1,8
Evaluation,12,13410,stack,2,frequency_below_5,False,0.6893781808973183,1.8588740404183322,7.178353416557505,251,654.5,0,0,0
Evaluation,12,13478,depending,1,frequency_below_5,False,8.429261526623305,9.561429184821417,16.082628789708604,32,188.5,0,10,64
Evaluation,12,13484,remained,2,frequency_below_5,False,4.258145725791937,4.563611903541872,9.440986624420862,79,435.0,0,0,1
Evaluation,12,13670,chose,18,retained,True,0.6982415551212823,2.5796190985358454,7.609964186526329,290,626.0,0,0,0
Evaluation,12,13791,mainly,2,frequency_below_5,False,2.2590249492986985,5.57607343844131,11.98012390776337,91,425.0,0,0,2
Evaluation,12,13858,directed,1,frequency_below_5,False,-3.7479948977083604,-2.0863835356657106,2.8273230151985986,547,938.0,0,0,0
Evaluation,12,13879,possibility,2,frequency_below_5,False,0.1691100528672943,0.0577019352340471,4.453163692899871,137,803.0,0,0,0
Evaluation,12,14030,turning,1,frequency_below_5,False,4.272380826600215,5.887951073848852,10.752669335855103,171,395.5,0,0,0
Evaluation,12,14051,receiving,1,frequency_below_5,False,3.1656987005149313,2.9509204811217753,9.886767287393793,76,596.0,0,0,17
Evaluation,12,14069,noticed,12,retained,True,-0.5088311761362768,1.37761135652325,7.016936266274268,370,712.5,0,0,0
Evaluation,12,14097,consistent,12,retained,True,3.6875961844555123,4.454703057565435,10.907583810685244,125,463.0,0,0,0
Evaluation,12,14196,planned,1,frequency_below_5,False,2.3156004459985304,2.80703308463183,7.29724592617298,142,556.5,0,0,0
Evaluation,12,14222,valuable,2,frequency_below_5,False,-3.1159553539600013,-0.6758889537038144,5.007193104327406,510,861.5,0,0,0
Evaluation,12,14238,even,1,frequency_below_5,False,0.5859924035997499,1.1175746467504832,6.322813860410196,251,678.5,0,0,0
Evaluation,12,14239,instruction,1,frequency_below_5,False,-2.6028717397913375,-2.5418839861102187,5.7158857877097935,211,960.0,0,0,0
Evaluation,12,14326,Once,2,frequency_below_5,False,1.3916629774687121,1.6881885788881035,8.2046270100208,154,627.5,0,0,0
Evaluation,12,14372,waters,1,frequency_below_5,False,-0.775923950014367,-0.7792662622175173,3.1853707572314014,164,861.5,0,0,0
Evaluation,12,14461,estimate,1,frequency_below_5,False,2.3662474364905637,2.49261652064794,6.932754190605752,150,586.5,0,0,0
Evaluation,12,14518,suddenly,3,frequency_below_5,False,9.533905259047732,9.804517651956214,15.698066705114678,18,141.0,0,18,116
Evaluation,12,14557,winning,5,retained,True,5.349771662716815,5.126129835983189,12.22337521564404,22,442.5,0,7,81
Evaluation,12,14562,anyway,2,frequency_below_5,False,7.1246100109411135,10.023713961637316,17.92387286387236,15,178.5,0,27,122
Evaluation,12,14621,proved,1,frequency_below_5,False,-0.2346974088436188,0.5589568233864726,5.150096559534298,389,722.0,0,0,0
Evaluation,12,14653,knowing,2,frequency_below_5,False,7.778657680959567,8.038656547539041,13.838268197315163,57,233.0,0,0,21
Evaluation,12,14685,algorithm,2,frequency_below_5,False,0.10485071922186093,-0.6366038323595249,11.406334337261487,61,865.5,0,0,16
Evaluation,12,14703,answered,1,frequency_below_5,False,1.561995840325995,1.486124675069841,7.350717675335187,166,636.0,0,0,0
Evaluation,12,14779,focused,2,frequency_below_5,False,1.1935782305535327,5.264855623199528,12.096309923662224,16,441.5,0,1,2
Evaluation,12,14800,earn,1,frequency_below_5,False,-2.7051950913095832,-0.5438177401104776,3.7389286053179416,590,844.5,0,0,0
Evaluation,12,14827,duration,1,frequency_below_5,False,-1.9134643490333436,-1.8546684483129843,2.9448835611016757,282,916.5,0,0,0
Evaluation,12,14833,deck,40,retained,True,-4.956891010771463,-4.782616335422398,1.4051927147855479,504,1043.5,0,0,0
Evaluation,12,14869,strategies,10,retained,True,3.8739806870175832,3.1634153110801595,22.145190032861876,3,576.0,10,27,47
Evaluation,12,14966,fairly,2,frequency_below_5,False,2.137479274367709,6.125993964968833,13.275134095536739,99,392.0,0,0,1
Evaluation,12,15062,checked,1,frequency_below_5,False,0.32860703324847973,2.074158815584438,6.4297737595172215,336,659.0,0,0,0
Evaluation,12,15133,interval,1,frequency_below_5,False,-6.028899162999517,-5.415896493073172,-1.0182482492663762,619,1053.5,0,0,0
Evaluation,12,15143,dropped,2,frequency_below_5,False,4.9213898376058545,6.2952483932917085,10.517177543434139,138,374.5,0,0,0
Evaluation,12,15208,basically,5,retained,True,2.5439366539849644,8.187756681547896,17.18492511179153,37,272.0,0,3,34
Evaluation,12,15404,happening,1,frequency_below_5,False,8.418979992442358,8.399693816080587,16.10553949776002,43,211.0,0,2,65
Evaluation,12,15532,picked,7,retained,True,5.798782898447423,7.447482488735329,12.618245527513078,90,310.0,0,0,2
Evaluation,12,15576,paying,2,frequency_below_5,False,2.560799244262797,4.617777659966864,11.210210838187928,210,488.0,0,0,0
Evaluation,12,15623,maintained,1,frequency_below_5,False,-1.6850359111046826,-0.5708095459246598,6.330477094129072,417,818.5,0,0,0
Evaluation,12,15639,fault,1,frequency_below_5,False,2.2306430702299895,2.5058949107683084,8.983925298935901,173,560.0,0,0,0
Evaluation,12,15641,responses,1,frequency_below_5,False,-3.3256654213785195,-2.8256523237730646,2.294179264553197,357,949.0,0,0,0
Evaluation,12,15725,Yeah,2,frequency_below_5,False,5.619326400709646,5.375012592398941,16.66137597391723,9,410.0,2,17,80
Evaluation,12,15728,anymore,1,frequency_below_5,False,3.3350330950576423,3.524563019034356,9.219149017129501,92,526.0,0,0,2
Evaluation,12,15815,assumed,1,frequency_below_5,False,-0.8255502457009521,-0.5376018484963838,4.159104574917809,249,810.5,0,0,0
Evaluation,12,15917,necessarily,1,frequency_below_5,False,-1.3535138507719093,-0.5988933204670068,8.111011608124205,247,778.5,0,0,0
Evaluation,12,15945,Three,1,frequency_below_5,False,3.0938269508077485,3.0886830606644793,8.5015369492003,115,547.0,0,0,0
Evaluation,12,15976,typically,2,frequency_below_5,False,0.6833733287194331,3.4625163782584147,9.750781395966003,189,561.5,0,0,0
Evaluation,12,15992,amounts,1,frequency_below_5,False,0.6227862743737451,0.08671712887744021,8.733338903798439,70,815.0,0,0,3
Evaluation,12,16105,correctly,2,frequency_below_5,False,2.2905955783381544,3.6935207169763578,9.891341926901047,80,539.0,0,0,1
Evaluation,12,16219,Switch,1,frequency_below_5,False,-7.291412450484858,-5.5499180098048635,2.2361573228113745,601,1069.5,0,0,0
Evaluation,12,16263,constantly,1,frequency_below_5,False,9.905294238481694,11.827226064805632,17.675519900798506,20,107.0,0,53,220
Evaluation,12,16342,normally,1,frequency_below_5,False,8.583972355664391,8.927893961378196,14.81160268727283,36,184.5,0,3,51
Evaluation,12,16358,choices,5,retained,True,1.2812644144719871,2.334647837163799,8.590783511510256,106,595.5,0,0,0
Evaluation,12,16382,scores,18,retained,True,-3.182432599919311,-2.8701886273851325,1.9520576921975636,423,937.5,0,0,0
Evaluation,12,16455,reliable,5,retained,True,-5.4389026715805215,-2.939851626552821,4.204288160726844,575,989.0,0,0,0
Evaluation,12,16585,worker,2,frequency_below_5,False,-1.6886818543477622,-1.6559303532714273,9.344182743436738,177,884.0,0,0,0
Evaluation,12,16609,"""+",1,frequency_below_5,False,-5.433142336826089,-4.747182112722923,-0.041052361497852186,614,1037.0,0,0,0
Evaluation,12,16656,struggle,1,frequency_below_5,False,2.16095248768043,2.8913365196028495,7.108400806684626,242,551.5,0,0,0
Evaluation,12,16706,proven,2,frequency_below_5,False,-6.430647417858946,-4.4806212308059425,2.2473037203242363,693,1044.0,0,0,0
Evaluation,12,16729,realized,7,retained,True,3.868963841957093,3.687972560265969,9.871578630619842,77,513.5,0,0,11
Evaluation,12,16788,watched,1,frequency_below_5,False,-1.4586084880769763,0.16194548001285214,4.50899911460745,451,812.5,0,0,0
Evaluation,12,16832,vice,1,frequency_below_5,False,1.8392491903979307,1.2853258028929107,10.880029234678247,62,729.5,0,0,27
Evaluation,12,17026,losing,8,retained,True,1.410225746219714,2.0197254407898964,7.729394601656488,253,593.0,0,0,0
Evaluation,12,17318,causing,1,frequency_below_5,False,4.567323776453629,5.79507220473274,10.525316734511593,95,392.5,0,0,2
Evaluation,12,17322,dependent,1,frequency_below_5,False,-6.129974511226777,-2.2491052885147798,3.7149397349195445,529,963.0,0,0,0
Evaluation,12,17362,focus,1,frequency_below_5,False,-5.381882426056235,-4.640252129897869,8.890967823784088,41,1038.0,0,1,2
Evaluation,12,17377,risks,1,frequency_below_5,False,-8.116878080779184,-6.307326648766299,-1.2046962845696867,916,1081.5,0,0,0
Evaluation,12,17399,repeat,7,retained,True,6.828435068678898,5.965550596219894,18.68684556326008,17,398.5,0,84,101
Evaluation,12,17402,suppose,2,frequency_below_5,False,3.9880514755614613,3.7727020818327706,9.744853226399435,62,495.5,0,0,19
Evaluation,12,17526,outcome,3,frequency_below_5,False,-0.4938426253153978,-0.5286835236522733,6.54100764238319,73,851.5,0,0,1
Evaluation,12,17530,stuck,55,retained,True,11.475367974980674,12.230285644336496,19.013740860732877,8,80.0,1,76,311
Evaluation,12,17545,Based,1,frequency_below_5,False,1.4915030814441101,0.5263880213381696,12.46612971093947,17,792.0,0,7,62
Evaluation,12,17760,trick,1,frequency_below_5,False,4.203202760135111,4.890804455148089,9.856416734908185,106,416.5,0,0,0
Evaluation,12,17839,producing,2,frequency_below_5,False,2.6300483097281444,3.2176848695715217,8.189519783772427,173,517.5,0,0,0
Evaluation,12,18095,earing,1,frequency_below_5,False,5.936483151552047,4.491033156517622,20.710251326612592,6,498.0,9,86,104
Evaluation,12,18251,losses,7,retained,True,-1.0275275506914898,-0.8989075176312953,4.207017531117636,191,871.0,0,0,0
Evaluation,12,18260,"""-",1,frequency_below_5,False,-8.921773725922302,-6.5824369804621075,-1.8644563776363854,995,1096.0,0,0,0
Evaluation,12,18264,whenever,5,retained,True,7.395655544378996,8.405481672143866,16.05187514030768,27,241.0,0,4,27
Evaluation,12,18282,bias,1,frequency_below_5,False,-2.6789265216286715,-2.5576473976208183,2.852028434932734,250,964.5,0,0,0
Evaluation,12,18549,pairs,2,frequency_below_5,False,0.11240046245206217,0.017218359500811888,5.901913277926877,182,755.0,0,0,0
Evaluation,12,18567,modify,1,frequency_below_5,False,0.7962771480874339,1.5484403448937418,5.43558550603017,278,643.0,0,0,0
Evaluation,12,18596,tering,1,frequency_below_5,False,-3.216990312361193,-1.4186507197884848,2.886754185052187,635,889.0,0,0,0
Evaluation,12,18604,checking,1,frequency_below_5,False,3.9727325804602267,4.376447288495886,9.237593243750826,162,438.0,0,0,0
Evaluation,12,18644,recall,1,frequency_below_5,False,-0.8789921909532422,-0.9260963179054383,3.2311439338515733,226,859.0,0,0,0
Evaluation,12,18664,attempts,1,frequency_below_5,False,-3.4324543181954827,-1.9971987211224018,4.148627234222042,499,923.5,0,0,0
Evaluation,12,18701,outcomes,3,frequency_below_5,False,-0.502948653162623,-0.5274152207769118,8.167890136364955,42,832.0,0,1,1
Evaluation,12,18818,hypot,1,frequency_below_5,False,-0.4425935702360813,-0.9038499336477366,9.314660465836717,84,873.0,0,0,12
Evaluation,12,18843,interest,1,frequency_below_5,False,-2.8593689224234815,-3.2342086367679723,11.008098728426466,25,1008.0,0,1,1
Evaluation,12,18925,Would,1,frequency_below_5,False,4.47081964815319,4.451117555154651,9.161482469639514,68,473.0,0,0,10
Evaluation,12,19219,holy,1,frequency_below_5,False,1.247249277111026,1.855642247892659,5.609236556726771,306,623.5,0,0,0
Evaluation,12,19233,tracking,1,frequency_below_5,False,0.8318586729552802,2.705560334456245,7.633512735994171,259,597.0,0,0,0
Evaluation,12,19330,performing,2,frequency_below_5,False,-2.5800175209739855,-1.762847254633265,4.065000023342224,398,887.0,0,0,0
Evaluation,12,19499,resulted,3,frequency_below_5,False,-5.984726095938563,-4.424904274154548,1.0119470113536542,679,1036.0,0,0,0
Evaluation,12,19735,optimal,1,frequency_below_5,False,-4.213496584894021,-2.248917861738664,3.668470437972749,594,948.0,0,0,0
Evaluation,12,19788,Nothing,2,frequency_below_5,False,4.753139059291238,4.479201356690944,17.948611307784173,5,470.0,3,14,25
Evaluation,12,19814,decent,1,frequency_below_5,False,5.118161312098529,7.0719970079133745,12.783957897708667,119,329.5,0,0,0
Evaluation,12,19852,Sometimes,4,frequency_below_5,False,3.240272872949093,4.166421093527459,10.481075710111494,145,463.0,0,0,0
Evaluation,12,19991,programming,1,frequency_below_5,False,-1.1809225787891076,-0.48706415258463265,4.928580795550897,224,796.0,0,0,0
Evaluation,12,20050,drew,1,frequency_below_5,False,0.18139320956742105,0.4961698387003748,5.114905223634591,260,710.0,0,0,0
Evaluation,12,20354,loyal,1,frequency_below_5,False,-3.1491719636617206,-0.19585923888988174,5.038556297538331,448,839.0,0,0,0
Evaluation,12,20430,contributed,1,frequency_below_5,False,-3.63811476659714,-2.7836494950673014,2.337476177198231,419,953.5,0,0,0
Evaluation,12,20452,predict,2,frequency_below_5,False,-0.306032736980927,-0.690317058138083,8.44945669462848,92,874.0,0,0,1
Evaluation,12,20596,Used,1,frequency_below_5,False,0.09456734579895482,-0.12502947732862735,7.27552274895132,96,814.0,0,0,1
Evaluation,12,20614,ultimately,1,frequency_below_5,False,-4.989962875949584,-3.031445188072448,6.737605224813547,339,988.5,0,0,0
Evaluation,12,20687,Perhaps,1,frequency_below_5,False,-4.511884786525624,-3.0343533471223907,2.9957104568802397,534,970.0,0,0,0
Evaluation,12,20914,gradually,1,frequency_below_5,False,5.670523449803823,6.213885246925383,11.778194468409545,78,333.0,0,0,10
Evaluation,12,21083,minus,2,frequency_below_5,False,6.28050596702405,6.793298255972248,12.409344190762374,62,319.0,0,0,45
Evaluation,12,21166,initially,1,frequency_below_5,False,4.650976811679778,6.806775031277134,13.389106155990403,70,355.0,0,0,1
Evaluation,12,21213,varied,1,frequency_below_5,False,1.1958442815794976,1.4366398412169106,8.421391886093675,198,649.0,0,0,0
Evaluation,12,21288,dude,1,frequency_below_5,False,2.885419827362557,3.873452195934067,9.708968264619907,179,498.5,0,0,0
Evaluation,12,21326,fails,1,frequency_below_5,False,-6.013625734013785,-5.947835340178364,-2.2667162897720434,510,1076.5,0,0,0
Evaluation,12,21352,stayed,21,retained,True,10.845324166267503,10.903640838815232,22.496993533800634,1,115.0,7,85,214
Evaluation,12,21381,sour,1,frequency_below_5,False,-0.4532126914436205,-0.6379664976398468,3.47749413013556,182,869.0,0,0,0
Evaluation,12,21447,continued,1,frequency_below_5,False,-0.07031981616041524,-0.6495878797442378,7.635387213615907,94,874.0,0,0,1
Evaluation,12,21459,desert,1,frequency_below_5,False,-1.049225315547748,-1.1878558552362812,3.5506099917260627,223,884.0,0,0,0
Evaluation,12,21581,chances,2,frequency_below_5,False,3.521451085114383,3.620343279592915,8.551852569685826,80,491.5,0,0,1
Evaluation,12,21854,challenging,1,frequency_below_5,False,-3.3480421959011193,-0.33572771077202146,4.0780975541669795,557,846.5,0,0,0
Evaluation,12,21869,YES,1,frequency_below_5,False,0.1698929898072404,-0.47845662593751076,15.336564479505942,7,833.5,1,10,14
Evaluation,12,22092,searching,1,frequency_below_5,False,4.665929732816644,5.313229654695368,11.491172873345239,50,401.0,0,1,1
Evaluation,12,22215,attempted,1,frequency_below_5,False,-4.807024765126208,-3.5621838599672415,1.8346324272806336,646,979.0,0,0,0
Evaluation,12,22312,assignment,1,frequency_below_5,False,-5.172155794326862,-4.7822672554493035,0.2783826265103129,347,1041.5,0,0,0
Evaluation,12,22358,steady,3,frequency_below_5,False,6.848297141382759,7.552241668467442,13.949564253318586,43,259.0,0,2,8
Evaluation,12,22599,adjacent,1,frequency_below_5,False,-0.2833073862504517,-0.13677670599745384,6.489153314080292,217,763.0,0,0,0
Evaluation,12,22623,choosing,18,retained,True,3.0243418906933606,3.7112579176049754,9.557762919265683,69,496.0,0,0,1
Evaluation,12,22759,rejected,1,frequency_below_5,False,0.09448028493300308,0.1645980867985566,4.349050954814685,266,764.0,0,0,0
Evaluation,12,22830,'-,2,frequency_below_5,False,-3.5610935987823296,-3.5027223585654133,0.8278810300209032,467,989.5,0,0,0
Evaluation,12,23213,staying,4,frequency_below_5,False,9.240163194676429,9.788449398331498,17.49049048075576,2,167.5,1,25,94
Evaluation,12,23217,honestly,1,frequency_below_5,False,6.4707029500920985,8.281706519534985,14.103763782249917,65,258.0,0,0,10
Evaluation,12,23223,occasions,2,frequency_below_5,False,-8.175463520984174,-6.319721651144692,0.6890852579345781,817,1086.0,0,0,0
Evaluation,12,23456,ignored,1,frequency_below_5,False,7.131858375219739,6.6834830838145205,16.13832309326927,19,353.0,0,85,104
Evaluation,12,23721,tries,2,frequency_below_5,False,3.7320142556323352,3.799981137401169,10.610552701345819,127,470.0,0,0,0
Evaluation,12,23905,searched,2,frequency_below_5,False,2.025202493449641,2.21345355053867,11.817230053572809,45,592.0,0,1,1
Evaluation,12,23988,Later,1,frequency_below_5,False,-7.606614762013992,-7.558984707746402,-0.6625963374784952,630,1097.0,0,0,0
Evaluation,12,24160,Therefore,1,frequency_below_5,False,-1.1835193554638812,-1.5676178067998463,6.930529234086052,118,923.5,0,0,0
Evaluation,12,24212,clicking,9,retained,True,0.9265712052311953,1.8065500894724882,8.78415714946267,186,637.0,0,0,0
Evaluation,12,24259,besides,1,frequency_below_5,False,0.00040031131457137447,1.860843640085123,6.95691224924067,393,665.0,0,0,0
Evaluation,12,24654,occasionally,2,frequency_below_5,False,3.8942882927436298,6.852988534571998,13.213171135663707,69,350.5,0,0,5
Evaluation,12,24740,flip,3,frequency_below_5,False,-2.66353997967829,-0.9434015180933852,5.56982493359446,376,865.5,0,0,0
Evaluation,12,24780,"""-",1,frequency_below_5,False,-12.298739974605258,-11.241630335253443,-6.799677100930365,980,1133.0,0,0,0
Evaluation,12,25343,indicator,1,frequency_below_5,False,-3.139425585159345,-2.94505921528584,1.4648710170788874,398,954.5,0,0,0
Evaluation,12,25540,lessly,1,frequency_below_5,False,-0.1649613744741539,1.163195561816286,7.134829245274754,367,705.5,0,0,0
Evaluation,12,25973,pile,1,frequency_below_5,False,-1.6183657435105534,-1.2082856620910545,3.102342616193367,302,864.5,0,0,0
Evaluation,12,26014,beneficial,1,frequency_below_5,False,-4.11337162656098,-2.3753605419381696,3.5017470408978313,549,952.5,0,0,0
Evaluation,12,26055,sufficiently,1,frequency_below_5,False,-3.7560191258015827,-1.893691810447892,6.640306302887539,343,930.5,0,0,0
Evaluation,12,26353,bullet,1,frequency_below_5,False,-0.047885354455301295,-0.07926715998238698,4.6575134305436805,194,787.5,0,0,0
Evaluation,12,26387,theories,1,frequency_below_5,False,-3.942482233573412,-4.690407008240722,5.350657142600305,128,1060.0,0,0,0
Evaluation,12,26428,ept,1,frequency_below_5,False,-5.041813963586317,-5.061783291156953,0.2966765677811318,475,1054.0,0,0,0
Evaluation,12,26501,picking,2,frequency_below_5,False,7.402216353473783,8.301362975581267,13.539859362960751,30,237.0,0,1,12
Evaluation,12,26561,definite,1,frequency_below_5,False,-1.18896438139794,0.3303867577609347,5.274118127583767,453,769.0,0,0,0
Evaluation,12,26631,thats,1,frequency_below_5,False,0.38036779750771677,3.4255351540388537,8.066120621413363,263,567.0,0,0,0
Evaluation,12,26831,cg,1,frequency_below_5,False,-14.731719942689693,-11.47215984681035,-6.862196842716024,1114,1137.0,0,0,0
Evaluation,12,26911,bite,1,frequency_below_5,False,-1.493661012751497,-0.6821692105335023,3.1608999414602135,318,820.0,0,0,0
Evaluation,12,26966,Partner,2,frequency_below_5,False,-7.4543730373353965,-6.4880072014818735,-0.7439317769164258,778,1088.0,0,0,0
Evaluation,12,27065,Nope,2,frequency_below_5,False,0.2010730351275027,0.5066299186960455,15.150617938762387,13,762.5,0,2,2
Evaluation,12,27104,simultaneously,1,frequency_below_5,False,9.314266202037759,9.078901497825807,20.07478929696643,8,215.0,8,96,124
Evaluation,12,27249,WAS,1,frequency_below_5,False,-5.124057787368568,-4.74099469711687,0.44957319332104284,556,1038.0,0,0,0
Evaluation,12,27434,instantly,1,frequency_below_5,False,5.742422319931653,8.022957769195344,13.225600880871893,66,275.0,0,0,12
Evaluation,12,27519,productive,3,frequency_below_5,False,0.8026856990534041,1.72502990137387,7.3643990877702,174,635.0,0,0,0
Evaluation,12,27707,succeeded,1,frequency_below_5,False,-1.6042390799630941,-1.6477423809959149,3.2727099299281512,186,915.5,0,0,0
Evaluation,12,27930,consistently,9,retained,True,5.319681938537484,7.661062226867894,14.637005335759024,32,294.0,0,1,16
Evaluation,12,27976,awful,1,frequency_below_5,False,9.452031593470434,9.663542516361865,15.757105791691089,13,177.0,0,56,114
Evaluation,12,28243,rounds,12,retained,True,-2.589714437528271,-2.6159952185674697,2.676543479071089,308,926.5,0,0,0
Evaluation,12,28571,hitting,3,frequency_below_5,False,0.4250600681656078,3.205860065165065,10.831116357029089,151,591.0,0,0,0
Evaluation,12,28642,counting,2,frequency_below_5,False,-0.4010359985745613,0.017156121276744467,8.574807471517701,254,754.5,0,0,0
Evaluation,12,29065,badly,1,frequency_below_5,False,10.30586800733183,10.177979202605155,15.500680607982984,9,161.5,1,91,150
Evaluation,12,29097,favorable,1,frequency_below_5,False,-5.336491929443422,-5.263846517689945,-0.4060923121126955,310,1056.0,0,0,0
Evaluation,12,29163,figured,1,frequency_below_5,False,1.9147270892675523,3.003720013912785,9.231411779647077,234,555.5,0,0,0
Evaluation,12,29198,waited,4,frequency_below_5,False,2.8922299132669713,3.0079252537323273,9.294742620320466,179,535.5,0,0,0
Evaluation,12,29570,pressing,2,frequency_below_5,False,4.840666508291679,4.20450643031394,10.318153492253597,38,509.0,0,46,83
Evaluation,12,29774,rode,1,frequency_below_5,False,-5.019650496633999,-4.975440081180042,-0.1432251197132075,439,1042.0,0,0,0
Evaluation,12,29967,Stayed,1,frequency_below_5,False,0.7566787961631667,0.8421524131215253,11.126114894943559,31,690.5,0,1,10
Evaluation,12,30028,odds,1,frequency_below_5,False,-5.726414915433347,-4.619189122360659,0.35771411001966724,642,1027.0,0,0,0
Evaluation,12,30212,positive,1,frequency_below_5,False,-3.584083027714848,-4.186608327728443,2.448253751757859,200,1044.5,0,0,0
Evaluation,12,30284,cled,1,frequency_below_5,False,-5.887816243467102,-5.828212779366707,-1.5091680291703287,326,1070.0,0,0,0
Evaluation,12,30314,failing,4,frequency_below_5,False,2.226446309231826,1.2571684884084475,14.67921501076432,35,731.5,0,11,79
Evaluation,12,30578,outlined,1,frequency_below_5,False,-6.510653570778976,-2.986017530874144,2.1224244508993597,674,995.5,0,0,0
Evaluation,12,30696,sticks,1,frequency_below_5,False,-6.455692872178777,-5.349814663925191,-0.3018525227537121,684,1057.0,0,0,0
Evaluation,12,30895,avoided,1,frequency_below_5,False,-2.1451763418086944,-1.5181856417316038,2.834938219645231,381,872.0,0,0,0
Evaluation,12,31171,continuously,2,frequency_below_5,False,7.029189853473804,7.643885402662592,13.682581601671751,74,240.0,0,0,10
Evaluation,12,31185,consecutive,3,frequency_below_5,False,3.2503848995359044,2.9385914729381155,16.772200653717537,25,588.0,0,11,20
Evaluation,12,31220,alternate,2,frequency_below_5,False,0.9058952336102524,0.844257892397936,5.266878068390344,180,712.5,0,0,0
Evaluation,12,31441,Stick,1,frequency_below_5,False,-6.291645389906662,-6.391904346168229,-0.892425409894489,328,1096.0,0,0,0
Evaluation,12,31535,repeatedly,3,frequency_below_5,False,7.5856928019967045,7.954821571394255,12.467474959732076,65,232.0,0,0,22
Evaluation,12,31554,systematic,1,frequency_below_5,False,-1.660573943250781,-1.5672459484426056,1.8056066616903585,226,916.0,0,0,0
Evaluation,12,31565,companion,1,frequency_below_5,False,3.8303436845574534,3.562560766333559,8.74027731377381,64,540.5,0,0,56
Evaluation,12,31803,sooner,1,frequency_below_5,False,2.137788811440263,4.494478668022277,10.974515357267027,173,501.0,0,0,0
Evaluation,12,31827,negative,1,frequency_below_5,False,2.340688697265326,1.2058500079717633,12.750675328684736,41,734.0,0,14,73
Evaluation,12,31856,guided,1,frequency_below_5,False,-9.605594351058997,-6.190419682686821,-1.7125038663622052,944,1095.0,0,0,0
Evaluation,12,31928,generating,1,frequency_below_5,False,-2.4578094102615737,-0.51887030036793,4.407026943794947,515,850.0,0,0,0
Evaluation,12,32155,selecting,4,frequency_below_5,False,2.2994251449808134,2.23677295905319,9.031886221221901,90,611.5,0,0,9
Evaluation,12,32209,switching,22,retained,True,2.550106865224544,3.447155525171013,9.73106971188257,116,514.5,0,0,0
Evaluation,12,32269,yeah,1,frequency_below_5,False,3.4969769412788456,2.851887387731458,13.677920543546323,19,603.5,0,9,59
Evaluation,12,32514,longest,1,frequency_below_5,False,3.355165056779272,1.694452815786755,21.648680277787406,7,698.0,10,83,94
Evaluation,12,32657,nothing,3,frequency_below_5,False,1.797448179572186,2.082124609347896,14.493433946469018,17,607.5,0,2,10
Evaluation,12,33184,draws,1,frequency_below_5,False,0.531043256748505,0.5784413960546763,5.36619106604624,218,773.0,0,0,0
Evaluation,12,33220,Probably,1,frequency_below_5,False,0.5251743892696054,1.097890779208571,7.447013435172554,239,655.0,0,0,0
Evaluation,12,33959,Ist,1,frequency_below_5,False,-13.100812774923298,-12.700617223267596,-8.70276475143022,877,1138.0,0,0,0
Evaluation,12,34158,utilized,1,frequency_below_5,False,-6.88635442291691,-4.563334353050125,1.4403063128505529,750,1044.0,0,0,0
Evaluation,12,34162,strat,1,frequency_below_5,False,-7.822276467918179,-7.346391147230932,3.759640998750975,296,1104.0,0,0,0
Evaluation,12,34303,performs,1,frequency_below_5,False,-5.577740295350268,-4.801610050600987,-0.12037232683532728,466,1047.0,0,0,0
Evaluation,12,35109,shifts,1,frequency_below_5,False,2.283527082762863,2.2197614831459678,7.465597787455696,127,613.5,0,0,0
Evaluation,12,35260,disappoint,1,frequency_below_5,False,0.8256511511762453,0.6022505907447531,11.070320401941803,34,777.0,0,2,10
Evaluation,12,35473,cycling,1,frequency_below_5,False,-4.752474100008449,-4.648870342939058,1.1472478588085044,339,1029.5,0,0,0
Evaluation,12,35583,pickup,1,frequency_below_5,False,1.507047498231119,1.5321082138139799,6.051285433509529,151,683.5,0,0,0
Evaluation,12,35807,profitable,3,frequency_below_5,False,-2.7274394494369174,-1.9385628235316235,5.292113006053014,350,898.5,0,0,0
Evaluation,12,36011,randomly,6,retained,True,5.81065910764423,7.556095738762865,14.645309654670216,30,313.0,0,1,8
Evaluation,12,36168,rhythm,1,frequency_below_5,False,-2.270973558809045,-1.8424456740543973,2.381162157514645,271,897.0,0,0,0
Evaluation,12,36306,failures,8,retained,True,-3.0175136244835046,-2.8857799057036484,2.0943463552482044,368,973.0,0,0,0
Evaluation,12,36429,switched,52,retained,True,4.129886255977919,5.914807288364305,11.204500164084086,74,409.5,0,0,3
Evaluation,12,36528,guilt,1,frequency_below_5,False,2.1026074209595715,1.5035342898679418,11.456012879468162,59,705.5,0,0,23
Evaluation,12,36780,brow,1,frequency_below_5,False,-1.6693997344603595,-1.8560105966885252,2.9434966981121136,202,932.5,0,0,0
Evaluation,12,37106,continually,2,frequency_below_5,False,5.282086391524397,6.178429545471266,12.507845042526817,128,359.5,0,0,0
Evaluation,12,37133,crap,1,frequency_below_5,False,2.5872945017247115,3.537093415207428,9.332828790472115,201,503.5,0,0,0
Evaluation,12,37275,didnt,5,retained,True,1.1722492788460928,2.2333650230022872,8.459095044599419,213,622.0,0,0,0
Evaluation,12,37438,stay,3,frequency_below_5,False,0.6706804710273158,0.9161269724990466,10.279146187264544,40,679.0,0,1,1
Evaluation,12,37615,liber,1,frequency_below_5,False,-6.431897857618948,-7.278062972813307,1.5629139447265388,222,1114.0,0,0,0
Evaluation,12,37762,motivated,1,frequency_below_5,False,2.976546761756798,3.831129506359254,9.572473988579418,130,493.5,0,0,0
Evaluation,12,38267,handful,1,frequency_below_5,False,1.5664242244511828,4.040876460343687,8.663866855257465,208,516.0,0,0,0
Evaluation,12,38873,safer,1,frequency_below_5,False,-5.259398040403152,-4.674810205808411,0.41715560069936,576,1026.0,0,0,0
Evaluation,12,38895,switches,1,frequency_below_5,False,-1.6400675098180462,-1.3187459134515498,6.731167228078258,263,855.5,0,0,0
Evaluation,12,39258,gaining,1,frequency_below_5,False,-0.8931209858559513,-0.024902868534984066,3.9549383439622194,403,769.5,0,0,0
Evaluation,12,39653,deciding,2,frequency_below_5,False,5.4445229772314505,5.388026578923945,11.91690060772087,50,408.0,0,1,21
Evaluation,12,39786,successful,1,frequency_below_5,False,-5.292274825944839,-6.518855286597195,13.445854213806193,44,1102.0,0,8,8
Evaluation,12,39945,loses,1,frequency_below_5,False,-2.8106887890090624,-1.919745037125855,3.600959331535082,551,886.0,0,0,0
Evaluation,12,40003,shifted,1,frequency_below_5,False,0.5143657628294356,2.399204607314558,6.934399668342964,336,646.0,0,0,0
Evaluation,12,40389,lasted,1,frequency_below_5,False,2.191907361451278,2.1835278805108818,8.749131012414384,79,632.0,0,0,9
Evaluation,12,41498,catching,1,frequency_below_5,False,6.929415115704362,5.444477585333888,20.81075810045023,6,431.0,13,94,106
Evaluation,12,41966,favor,1,frequency_below_5,False,-6.821845461014951,-6.700353937202521,-0.4763600850116658,495,1089.0,0,0,0
Evaluation,12,42189,struggled,2,frequency_below_5,False,-0.27092271678231106,1.465733622514765,5.757928665185713,354,698.0,0,0,0
Evaluation,12,42377,clicked,10,retained,True,1.612744671392552,2.725311071116165,10.569018483740379,59,594.0,0,0,1
Evaluation,12,43409,pseudo,1,frequency_below_5,False,-2.6182008036983233,-2.648833097156459,1.3115596458776815,322,953.0,0,0,0
Evaluation,12,43630,Repeat,1,frequency_below_5,False,-1.2999364366310027,-3.6598952302025634,18.40979784583413,17,1031.0,0,53,79
Evaluation,12,44168,companions,1,frequency_below_5,False,1.678565387504585,1.0830965711531264,8.651018954846725,89,746.5,0,0,47
Evaluation,12,44199,Idea,1,frequency_below_5,False,-7.2381836004881945,-6.576710785684461,3.2605494273270126,167,1088.0,0,0,0
Evaluation,12,44224,extensively,1,frequency_below_5,False,-0.320234570331958,0.15380476997460862,6.327545092088228,316,745.0,0,0,0
Evaluation,12,44285,cared,1,frequency_below_5,False,-2.1586292781282106,-2.133890923534654,3.870189004654607,237,916.0,0,0,0
Evaluation,12,45357,Partner,1,frequency_below_5,False,-3.124542000919867,-2.727442109455308,3.4710044815842633,470,941.0,0,0,0
Evaluation,12,46235,Few,1,frequency_below_5,False,-2.174759222087463,-2.3696340389258763,2.326185383539205,266,965.5,0,0,0
Evaluation,12,46282,versa,1,frequency_below_5,False,-11.152928524330553,-11.007656797207492,-1.7344977276081934,304,1132.0,0,0,0
Evaluation,12,46511,maximize,1,frequency_below_5,False,-4.898014925257857,-4.100496983878825,0.971249712178185,510,1010.5,0,0,0
Evaluation,12,46935,dont,1,frequency_below_5,False,-4.801195733786916,-4.813053110535403,5.5444676493567115,325,1025.5,0,0,0
Evaluation,12,47412,guessing,3,frequency_below_5,False,2.805873016581476,2.790239765183318,16.12430383423421,10,586.0,1,2,5
Evaluation,12,47630,tended,5,retained,True,-4.025326847674197,-1.5850379996918709,4.610506631596117,539,924.0,0,0,0
Evaluation,12,48881,bounce,1,frequency_below_5,False,-3.6799261893601014,-2.9262333887954446,1.4389811914189636,344,956.0,0,0,0
Evaluation,12,49004,sticking,3,frequency_below_5,False,4.549726302480505,5.079958083579578,12.868725662001767,104,403.0,0,0,0
Evaluation,12,49102,spur,1,frequency_below_5,False,-5.770620039535618,-5.457043241254798,2.5294154984967276,500,1073.5,0,0,0
Evaluation,12,49131,whoever,2,frequency_below_5,False,1.4247559742531177,2.61187569812933,10.437494737082638,119,603.5,0,0,0
Evaluation,12,49891,streak,6,retained,True,-7.158798100220617,-7.151036190015242,-0.9638908127727084,431,1103.0,0,0,0
Evaluation,12,50085,baskets,1,frequency_below_5,False,-8.479295635842114,-8.964398077003064,2.799580721476639,194,1127.0,0,0,0
Evaluation,12,50991,clicks,2,frequency_below_5,False,-3.132634789571214,-2.4949045164131336,4.808600304526923,299,932.0,0,0,0
Evaluation,12,50995,yielded,1,frequency_below_5,False,-2.1570723345062204,-1.4258553822650066,2.697326366508023,286,871.5,0,0,0
Evaluation,12,51178,quicker,1,frequency_below_5,False,3.8377626519740318,6.39671543994094,12.105921956459479,109,371.0,0,0,0
Evaluation,12,51462,repeating,1,frequency_below_5,False,8.083408356025814,6.846656177103365,22.102499416536077,6,350.0,50,96,108
Evaluation,12,51619,tricky,1,frequency_below_5,False,3.052623346386255,5.097120935144255,11.701946265578963,201,440.0,0,0,0
Evaluation,12,52626,instinct,2,frequency_below_5,False,-0.523801840446165,-0.328109510575628,13.513799003111217,9,804.0,1,1,1
Evaluation,12,52634,betray,1,frequency_below_5,False,-1.8191633071616067,-1.9263449272222521,7.739856646661025,109,935.5,0,0,0
Evaluation,12,52799,decks,10,retained,True,-7.2963107408348336,-8.273411845392719,5.663961490500945,146,1122.0,0,0,0
Evaluation,12,52810,emoji,2,frequency_below_5,False,-5.603905120251021,-8.27551224602006,19.731240127013574,13,1122.0,0,11,63
Evaluation,12,53811,Whenever,1,frequency_below_5,False,0.10141563511911164,0.0674310213605559,7.069768358103892,188,748.0,0,0,0
Evaluation,12,53907,having,1,frequency_below_5,False,3.5185235298926227,2.8198085591389006,13.755697441042155,39,595.5,0,11,33
Evaluation,12,54996,pended,1,frequency_below_5,False,-10.973628500906322,-10.578175483845687,-5.694766884579991,441,1131.0,0,0,0
Evaluation,12,55524,rewarding,1,frequency_below_5,False,5.15017866156689,4.467889320248059,16.189277514274842,21,481.5,0,36,88
Evaluation,12,55570,selections,1,frequency_below_5,False,0.150502387970664,-0.043907446941052836,7.091484387057054,87,772.5,0,0,1
Evaluation,12,55572,iterations,1,frequency_below_5,False,-3.958001937066289,-4.902016368433928,12.75902925710685,49,1072.0,0,8,16
Evaluation,12,55862,intentionally,1,frequency_below_5,False,14.255353657463091,14.13662605921141,22.000299613651826,3,52.0,104,231,420
Evaluation,12,56908,Simply,1,frequency_below_5,False,4.479689981757578,4.23365656329191,10.580117665885954,39,438.0,0,1,7
Evaluation,12,57476,anticipate,1,frequency_below_5,False,1.163401079434181,1.476950982445603,7.37485519209595,213,644.5,0,0,0
Evaluation,12,58521,realizing,2,frequency_below_5,False,4.870535939897518,2.9251287907019448,26.39233355787502,5,608.0,17,90,98
Evaluation,12,58743,successes,2,frequency_below_5,False,0.05007580263211881,-0.2323778115268686,11.968692465669939,52,835.0,0,0,11
Evaluation,12,58959,unsure,1,frequency_below_5,False,7.188566829992371,6.978408211306171,11.177254478014971,28,326.0,0,59,93
Evaluation,12,59853,rewarded,1,frequency_below_5,False,-1.4905871175503305,-1.5682892039949292,9.019902674873734,90,919.5,0,0,8
Evaluation,12,60949,unsuccessful,2,frequency_below_5,False,-1.738464883007706,-1.492262430324487,6.148584693890227,141,903.0,0,0,0
Evaluation,12,60992,descending,1,frequency_below_5,False,-0.044716693820549734,-0.8560584391567523,10.412098197622136,63,879.0,0,0,21
Evaluation,12,61157,guessed,7,retained,True,5.9747110702519945,5.679250313474473,23.276096373513724,3,404.0,1,22,78
Evaluation,12,62305,innocence,1,frequency_below_5,False,-4.700765762757418,-6.1175543246141455,9.638179160581416,68,1097.0,0,0,11
Evaluation,12,62437,foe,1,frequency_below_5,False,-12.776298699712894,-11.225426967998366,-5.582970698515501,1023,1133.0,0,0,0
Evaluation,12,62525,ascending,1,frequency_below_5,False,-0.20252735821698672,-1.756309476545808,13.13194615171377,35,934.5,0,4,76
Evaluation,12,64227,tolerate,1,frequency_below_5,False,-5.120055008340648,-4.868877722798477,-0.6204316958045542,481,1037.0,0,0,0
Evaluation,12,64407,Eventually,1,frequency_below_5,False,1.0952949195347839,0.9800312230372449,6.884053778094572,113,759.0,0,0,0
Evaluation,12,65288,Considering,1,frequency_below_5,False,-0.37365487531198527,-0.6448192122438825,4.632190713679458,158,860.5,0,0,0
Evaluation,12,67157,loser,1,frequency_below_5,False,-8.162794028070474,-7.464004338117885,-1.9397521091675234,714,1102.0,0,0,0
Evaluation,12,67302,intuition,1,frequency_below_5,False,-0.9193329880269426,-1.3541688461640247,7.432923556352224,98,908.5,0,0,1
Evaluation,12,67384,opted,1,frequency_below_5,False,-1.6499821667714683,-0.32227982977256403,5.600516417786022,282,814.0,0,0,0
Evaluation,12,67420,alternating,2,frequency_below_5,False,2.737118499715524,2.4224193292021337,13.599937471568456,40,630.5,0,8,18
Evaluation,12,68661,scout,1,frequency_below_5,False,-7.449943628038337,-7.790435361150858,-2.703283157004188,333,1115.0,0,0,0
Evaluation,12,69967,tapping,1,frequency_below_5,False,-9.017321902941378,-6.952823180989247,-2.889708027939418,996,1098.0,0,0,0
Evaluation,12,70200,aforementioned,1,frequency_below_5,False,-8.3365891669366,-6.523769659714029,2.316292938344387,702,1093.0,0,0,0
Evaluation,12,70651,retarded,1,frequency_below_5,False,-7.422135703940343,-8.217249636194257,2.051693281853886,209,1122.0,0,0,0
Evaluation,12,71893,entirety,1,frequency_below_5,False,-3.0063851278680556,-3.3827633258075536,8.754576853797271,94,1014.0,0,0,8
Evaluation,12,72931,systematically,1,frequency_below_5,False,2.439593382188521,2.4535214233663867,10.707304183355888,66,618.0,0,0,10
Evaluation,12,73503,modifying,1,frequency_below_5,False,-0.5883706771346082,-0.5464645678469191,5.681949132363015,205,830.0,0,0,0
Evaluation,12,74571,rotated,1,frequency_below_5,False,0.0633390875239865,0.4133834699090714,8.498939535521632,167,723.0,0,0,0
Evaluation,12,75711,confuse,1,frequency_below_5,False,1.2234015934251974,1.1309581632423287,7.794005720195557,93,729.5,0,0,2
Evaluation,12,75832,motivate,1,frequency_below_5,False,-1.1826002989417466,-1.273147313443872,4.068506669282849,183,879.0,0,0,0
Evaluation,12,77885,progressed,1,frequency_below_5,False,1.0394560398032162,0.9838894655092938,5.322891189488775,168,694.5,0,0,0
Evaluation,12,78943,revise,1,frequency_below_5,False,0.24794041075895085,-1.0423861487533173,13.465462380791877,39,896.0,0,11,69
Evaluation,12,78962,noticing,1,frequency_below_5,False,4.528718650819098,3.7164245284220283,16.442331787333007,27,531.5,0,22,84
Evaluation,12,79790,trustworthy,1,frequency_below_5,False,-4.231520077150132,-2.394346820760432,4.408278952991921,541,951.0,0,0,0
Evaluation,12,80461,teammate,1,frequency_below_5,False,-2.3236379434395267,-3.666193888587671,17.465337226927286,16,1026.5,0,14,19
Evaluation,12,80655,figuring,1,frequency_below_5,False,4.018973473745477,5.647936509578807,11.938846419775167,129,415.0,0,0,0
Evaluation,12,80986,dudes,1,frequency_below_5,False,-1.7501824718310097,-1.6522420693562925,4.1354097019375216,338,875.5,0,0,0
Evaluation,12,81274,Initially,1,frequency_below_5,False,-3.5637112998389617,-2.636675746962114,2.1593482616768083,601,934.5,0,0,0
Evaluation,12,84238,flipped,2,frequency_below_5,False,-2.1013828111522534,-0.3464493517409759,4.550394388982883,457,833.0,0,0,0
Evaluation,12,84378,presumption,1,frequency_below_5,False,-2.9741452993880992,-3.7212834870801723,8.270194925674524,80,1030.0,0,0,3
Evaluation,12,84732,skipping,1,frequency_below_5,False,0.13759354766386644,-0.4000316807189459,6.45768416132651,128,852.5,0,0,0
Evaluation,12,85909,tending,1,frequency_below_5,False,1.0235309215707453,1.0025991631179565,6.13599071994753,175,671.5,0,0,0
Evaluation,12,85995,Focused,1,frequency_below_5,False,-1.1051757097256636,-0.9618375343157175,12.313712352441737,8,843.0,1,2,2
Evaluation,12,86738,nope,2,frequency_below_5,False,0.340274155166783,0.2123446802094126,16.402944909781173,11,792.0,0,2,2
Evaluation,12,87625,picked,1,frequency_below_5,False,-2.827983370580779,-2.5300423615945262,2.9025305952370513,480,928.0,0,0,0
Evaluation,12,89543,consciously,2,frequency_below_5,False,6.713057768555672,7.016957032893978,11.111852238659527,56,297.5,0,0,22
Evaluation,12,90956,witched,1,frequency_below_5,False,0.009760391150688082,-0.5319570911115608,10.730820505004207,65,851.5,0,0,12
Evaluation,12,91280,hesitated,1,frequency_below_5,False,-0.08349937716060886,-0.5391348700164891,8.215680685346094,72,859.5,0,0,4
Evaluation,12,91932,manipulated,1,frequency_below_5,False,-1.2596339387298017,-2.031720857519018,6.6556240701078275,121,950.0,0,0,0
Evaluation,12,93822,negatives,12,retained,True,-3.1358228045782077,-3.1985811800898762,3.67890526012828,323,995.5,0,0,0
Evaluation,12,94002,Nope,6,retained,True,-2.6487796634539613,-2.934858201900994,16.632509333874705,10,978.0,2,2,2
Evaluation,12,94278,Eventually,1,frequency_below_5,False,5.883195146769679,5.093003334356077,18.788637778210912,15,456.0,0,81,90
Evaluation,12,94969,Occasionally,1,frequency_below_5,False,-1.1954235893108485,-1.276626863339621,5.423253009621794,204,852.5,0,0,0
Evaluation,12,95727,unreliable,1,frequency_below_5,False,-1.9601947564344464,-0.9845238822874667,4.783155121645438,371,836.0,0,0,0
Evaluation,12,97390,sabo,1,frequency_below_5,False,-0.6319063002248586,-2.9177449797213852,20.14770523021746,13,997.0,0,72,78
Evaluation,12,100080,Tried,5,retained,True,1.7420889154283796,1.624941823215399,9.291950253644615,103,655.5,0,0,0
Evaluation,12,100850,Mostly,2,frequency_below_5,False,1.378280769694764,2.6519646392783818,12.3670437920768,50,598.5,0,1,1
Evaluation,12,104804,guesses,2,frequency_below_5,False,5.850864013451494,3.9469196894173515,25.37383799747446,2,509.0,29,93,99
Evaluation,12,105852,losers,1,frequency_below_5,False,-5.523875371881789,-5.099135220835652,-1.056067032479083,408,1068.0,0,0,0
Evaluation,12,106108,dependable,1,frequency_below_5,False,-3.6251482332182547,-1.6607325452246042,4.918819069928857,550,918.5,0,0,0
Evaluation,12,109587,bounced,2,frequency_below_5,False,-1.6165507220694588,-1.5857722384963961,3.479543344556508,211,887.0,0,0,0
Evaluation,12,115959,emojis,1,frequency_below_5,False,-9.94145064623324,-12.126853151608408,11.2911946161395,58,1139.0,0,0,9
Evaluation,12,117298,inconsistency,1,frequency_below_5,False,1.8296226262959363,0.8235204308602395,15.801040633552866,24,767.5,0,19,66
Evaluation,12,117432,Afterwards,1,frequency_below_5,False,2.76716138738301,2.0348513660840806,19.210277365586872,14,663.5,0,27,80
Evaluation,12,118186,Scout,1,frequency_below_5,False,-10.250207483396423,-10.284564834118825,-5.036341640459929,653,1129.0,0,0,0
Evaluation,12,118203,streaks,5,retained,True,-5.665381424829677,-6.820062000468498,6.229915533975193,138,1107.0,0,0,0
Evaluation,12,120975,wrongs,1,frequency_below_5,False,-2.027267907708704,-5.3065756691411625,24.26057189459045,6,1079.0,16,76,79
Evaluation,12,121831,counting,1,frequency_below_5,False,-6.138799866367582,-6.267903400794694,0.8361510997298345,299,1084.0,0,0,0
Evaluation,12,122126,admittedly,3,frequency_below_5,False,0.3053680036228316,2.4917280535710975,7.745490794132479,282,632.0,0,0,0
Evaluation,12,122232,stuck,1,frequency_below_5,False,4.334802308751339,3.3452225361573493,20.294687590274705,12,559.0,0,70,88
Evaluation,12,128662,sabotage,2,frequency_below_5,False,4.471558657030127,0.9890669867502628,32.993264739844285,2,742.0,79,99,104
Evaluation,12,129763,yep,1,frequency_below_5,False,-5.618490870532081,-3.9914206808316157,1.025606147643852,451,1006.5,0,0,0
Evaluation,12,131123,tried,2,frequency_below_5,False,0.6013933072638976,0.5522586163055058,8.09598176028414,105,747.5,0,0,0
Evaluation,12,132232,recently,1,frequency_below_5,False,-1.2563991842888214,-1.3513902009197034,9.178091867533908,87,898.5,0,0,8
Evaluation,12,132597,groupings,1,frequency_below_5,False,-1.8700140673954473,-2.967907142641816,9.054617299677798,84,996.0,0,0,9
Evaluation,12,132707,allt,1,frequency_below_5,False,-7.954564538929593,-6.25712339778703,-0.823995282809374,773,1080.0,0,0,0
Evaluation,12,137818,Switching,1,frequency_below_5,False,-0.9425208184048184,-0.5837363836536269,5.408873399951023,317,803.0,0,0,0
Evaluation,12,144141,☺,1,frequency_below_5,False,-16.10648739537491,-16.136919908586496,-9.139986162775095,568,1143.0,0,0,0
Evaluation,12,147028,proved,1,frequency_below_5,False,-9.513790827909002,-8.346568795140975,-3.9616681544393977,735,1116.0,0,0,0
Evaluation,12,148100,classmate,8,retained,True,-3.7848236307683156,-5.38316111973703,15.632457407243782,31,1080.0,0,10,14
Evaluation,12,154820,spitting,1,frequency_below_5,False,-3.467487968512533,-4.4449099675277965,6.427958118982076,87,1051.0,0,0,1
Evaluation,12,158161,interrelated,1,frequency_below_5,False,0.3571426160113229,-0.98652859655647,13.591751708373401,27,883.5,0,12,79
Evaluation,12,159318,winnings,1,frequency_below_5,False,-1.9983132855453105,-3.2280853585586424,12.455314329825153,53,1011.0,0,0,19
Evaluation,12,160019,Somewhat,2,frequency_below_5,False,-1.0979563227588347,-1.0076458719686556,8.465502758170217,181,835.0,0,0,0
Evaluation,12,169507,skipped,1,frequency_below_5,False,3.4165555411072823,2.326983382722937,18.25091916497371,18,646.0,0,24,82
Evaluation,12,174075,messes,1,frequency_below_5,False,-0.9065250211884897,-1.4495309634129945,5.684207727177871,128,921.0,0,0,0
Evaluation,12,176483,Rode,1,frequency_below_5,False,-16.004692608757047,-15.331562066944578,-9.887062641833822,897,1142.0,0,0,0
Evaluation,12,179129,factored,1,frequency_below_5,False,-1.1847293052906143,-1.037704757811147,4.4470469603810905,162,887.0,0,0,0
Evaluation,12,189172,loosing,1,frequency_below_5,False,-4.274410207840399,-4.271514886943127,1.5560157833367825,223,1029.5,0,0,0
Evaluation,12,190092,consecutively,1,frequency_below_5,False,6.875741536727814,4.238692340442498,36.74310279947224,2,502.0,80,100,107
Evaluation,12,208261,hetically,1,frequency_below_5,False,-3.7510130849954435,-4.328426224699298,10.599995800398766,69,1047.5,0,0,8
Evaluation,12,208549,Addendum,1,frequency_below_5,False,-3.832103632158172,-5.77634192199542,12.511138786925585,52,1089.5,0,0,24
Evaluation,12,208568,agy,1,frequency_below_5,False,-6.845288191704159,-6.431347933419824,-1.9315708790373742,509,1083.5,0,0,0
Evaluation,12,224073,beca,1,frequency_below_5,False,-5.32820701328937,-5.084875031138219,-0.6399200501424118,437,1054.0,0,0,0
Evaluation,12,227187,unhelpful,1,frequency_below_5,False,-1.9089551607196844,-1.3818317253059291,3.5649552541014615,283,858.0,0,0,0
Evaluation,12,228676,fatigue,1,frequency_below_5,False,-1.9887742316699335,-2.3932108088736044,10.36712227612544,72,967.0,0,0,11
Evaluation,12,230532,betrays,1,frequency_below_5,False,-0.33101402354261,-1.6501324618757687,17.26655785552337,22,929.0,0,16,24
Evaluation,12,230644,Gambling,1,frequency_below_5,False,-4.880181235299219,-4.721540264000681,0.7006809392562978,405,1049.0,0,0,0
Evaluation,12,235248,,177,unreadable,False,21.078733933114954,21.69097828395096,30.674217528483652,1,3.0,424,478,484
Evaluation,12,235249,e,3,frequency_below_5,False,3.482962525271188,4.262004185795734,10.93954399261295,104,448.0,0,0,0
Evaluation,12,235251,t,59,unreadable,False,4.459749110681643,5.275555589056277,11.49954990031659,98,393.5,0,0,1
Evaluation,12,235252,i,10,unreadable,False,2.076458116990275,3.7386664039411723,10.19287110386825,170,537.5,0,0,0
Evaluation,12,235253,o,1,frequency_below_5,False,0.4986719084614843,2.0137383030601974,8.188851593128234,292,625.0,0,0,0
Evaluation,12,235256,s,21,unreadable,False,12.403828162283872,12.115511826615158,18.134696082165668,4,93.5,78,157,251
Evaluation,12,235258,d,15,unreadable,False,3.257248014061299,4.344002306082026,9.836796639213444,137,475.5,0,0,0
Evaluation,12,235262,m,2,frequency_below_5,False,1.224188092348907,2.4148046676328123,9.527855050195432,189,594.5,0,0,0
Evaluation,12,235265,.,590,unreadable,False,2.7016187493172445,7.698278652497258,17.2682271376852,21,291.5,0,4,29
Evaluation,12,235269,",",314,unreadable,False,6.746323716131187,13.608325743469651,21.81986696832447,9,62.5,2,201,304
Evaluation,12,235274,1,108,unreadable,False,9.467557833042044,10.385401171392825,18.396756321767004,7,143.5,1,52,153
Evaluation,12,235275,),3,frequency_below_5,False,-4.0930632433700245,-3.095758868690064,4.6577452597575055,398,954.5,0,0,0
Evaluation,12,235276,0,271,unreadable,False,9.212309272547067,9.307890859467754,18.85753680746447,4,153.0,1,44,160
Evaluation,12,235277,S,1,frequency_below_5,False,4.010536064123247,4.076716654255316,10.56625695756599,33,491.5,0,9,27
Evaluation,12,235278,(,1,frequency_below_5,False,1.5552928411422817,4.43803958997858,11.190802920321753,111,501.5,0,0,0
Evaluation,12,235281,"""",11,unreadable,False,-0.08051182570174636,0.5849103592156881,9.081914231424298,182,711.5,0,0,0
Evaluation,12,235283,/,4,frequency_below_5,False,4.4825848944073705,8.421861706039572,16.107607285159858,40,255.5,0,2,30
Evaluation,12,235284,2,40,unreadable,False,8.710403453940874,9.836475335891606,17.633773374746173,15,174.5,0,32,122
Evaluation,12,235285,I,183,unreadable,False,12.922585144734962,12.870076551227307,22.788488539903664,2,56.5,34,221,351
Evaluation,12,235289,;,8,unreadable,False,-1.6703791535724475,1.0933414106907764,9.740670867639064,155,730.5,0,0,0
Evaluation,12,235290,-,10,unreadable,False,0.3975395039695694,5.764083330920749,14.149797101969234,76,402.0,0,0,2
Evaluation,12,235292,:,3,frequency_below_5,False,-1.1784394584115752,2.429884724885796,9.815442206898135,243,639.0,0,0,0
Evaluation,12,235303,',95,unreadable,False,20.36037237549733,14.164384515193447,69.4875479494328,1,55.5,162,238,302
Evaluation,12,235304,3,27,unreadable,False,4.8840505382276795,6.425468474958702,13.658330197761469,44,355.5,0,1,9
Evaluation,12,235308,5,93,unreadable,False,2.6154686994102265,4.33806017976322,11.792024851742337,95,485.0,0,0,1
Evaluation,12,235310,4,6,unreadable,False,2.2791356936141574,3.8867601669404745,10.835423752444333,116,514.5,0,0,0
Evaluation,12,235315,9,1,frequency_below_5,False,3.277542723636593,4.519836906020835,12.288956843489643,48,472.0,0,1,1
Evaluation,12,235318,6,2,frequency_below_5,False,1.3465020269302255,3.351888730781101,11.111368012931342,124,556.0,0,0,0
Evaluation,12,235321,8,1,frequency_below_5,False,2.6600109415376396,4.364722439879317,11.718737996910273,83,481.0,0,0,1
Evaluation,12,235324,7,2,frequency_below_5,False,1.8529572525462394,3.4482834504250652,10.795004791219483,113,551.5,0,0,0
Evaluation,12,235333,K,1,frequency_below_5,False,-2.279865810827758,-2.007157396168008,2.862343243541122,195,902.5,0,0,0
Evaluation,12,235336,?,1,frequency_below_5,False,-2.2324124083706294,-0.3305978828306503,6.673930473724762,371,834.0,0,0,0
Evaluation,12,235340,+,1,frequency_below_5,False,0.23576005069509598,1.685486813998963,9.392950145468816,159,681.5,0,0,0
Evaluation,12,235341,!,1,frequency_below_5,False,-2.3946528411941466,1.1060081169786256,9.662445925093603,210,740.5,0,0,0
Evaluation,12,235358,%,7,unreadable,False,0.552285506037664,0.6974619816823634,6.057462009973282,283,689.0,0,0,0
Final Decision,21,139,,35,unreadable,False,82.86821362938629,81.40980566821551,103.31649616992277,3,28.0,89,483,486
Final Decision,21,473,in,1,frequency_below_5,False,60.2175506915729,59.70041254781141,77.548790111656,29,87.0,0,93,329
Final Decision,21,476,a,281,unreadable,False,103.13906327657753,106.94297600124725,141.73710069255597,2,7.0,384,486,486
Final Decision,21,485,s,2,frequency_below_5,False,49.49155276608058,49.45465250219007,67.14155900593077,47,141.5,0,2,81
Final Decision,21,489,th,2,frequency_below_5,False,20.60758951100271,19.633162289871894,39.309199980469614,172,444.0,0,0,0
Final Decision,21,491,nd,3,frequency_below_5,False,7.093091174096573,7.259415361422716,21.195952693312424,371,599.0,0,0,0
Final Decision,21,495,de,2,frequency_below_5,False,19.00120849704447,18.153487344082095,37.5720724303049,157,464.0,0,0,0
Final Decision,21,496,i,44,unreadable,False,66.47179386227978,65.36723205041017,94.23352101745122,22,66.0,0,125,457
Final Decision,21,503,p,1,frequency_below_5,False,49.480565778182154,48.6865197394738,66.64862385189966,48,147.0,0,2,97
Final Decision,21,509,ed,5,retained,True,36.32344142646448,36.80732466951963,48.55481705489617,130,246.0,0,0,0
Final Decision,21,511,to,1,frequency_below_5,False,45.248066773716964,44.97921650135474,62.478855950437165,75,175.0,0,0,92
Final Decision,21,524,ve,6,retained,True,20.98114405805462,21.132469115439413,35.96865269890909,183,409.5,0,0,0
Final Decision,21,529,ll,2,frequency_below_5,False,28.752902369578305,28.172551850129455,44.85537989898859,116,342.0,0,0,0
Final Decision,21,533,l,1,frequency_below_5,False,39.82748962643418,39.5454715206814,55.27675573108262,77,225.0,0,0,3
Final Decision,21,556,na,1,frequency_below_5,False,11.668695691932092,11.630624985190904,28.330602413132173,162,553.0,0,0,0
Final Decision,21,573,the,511,non_content,False,97.96764157938074,101.5352929979937,137.8866896000008,2,9.0,300,486,486
Final Decision,21,574,ing,2,frequency_below_5,False,44.610922946075,44.52740670782417,59.68172720441178,69,170.0,0,0,20
Final Decision,21,575,in,109,non_content,False,107.64833323928644,110.75302551668406,131.36303658282867,2,4.0,454,486,486
Final Decision,21,576,of,74,non_content,False,87.64542970822869,89.14158622730261,111.53362310038536,6,19.0,17,482,486
Final Decision,21,577,to,385,non_content,False,99.36297774254837,102.32156803459432,129.15354492556114,2,9.0,333,486,486
Final Decision,21,578,and,140,non_content,False,100.5797010814922,103.85025643417192,128.1058412445458,2,8.0,351,486,486
Final Decision,21,579,ent,1,frequency_below_5,False,8.237805378779441,7.852525603014441,22.298464016272543,299,615.5,0,0,0
Final Decision,21,586,A,6,unreadable,False,60.56845532660982,60.824984995395155,81.89047638117864,22,84.0,0,44,366
Final Decision,21,590,I,530,unreadable,False,104.65330547435053,107.02256558913487,131.53340047955135,2,6.0,404,486,486
Final Decision,21,591,(,12,unreadable,False,103.7171591574019,104.18077944026702,122.37424600230833,3,8.0,390,486,486
Final Decision,21,598,ver,1,frequency_below_5,False,11.879239462165943,11.035394473925294,25.897523445206783,201,567.5,0,0,0
Final Decision,21,603,is,6,non_content,False,88.59787678556667,89.45821137833303,117.60772137850574,4,19.0,32,486,486
Final Decision,21,604,for,58,non_content,False,95.83576976555017,98.26872595435881,124.99000991987063,4,12.0,142,486,486
Final Decision,21,607,ate,1,frequency_below_5,False,21.43881298836797,21.561411713467482,32.09843553632309,239,407.0,0,0,0
Final Decision,21,611,on,84,non_content,False,93.41532570376583,96.95357226070644,117.76450619217262,4,13.0,93,486,486
Final Decision,21,614,be,21,non_content,False,58.82909628385259,59.858116976129594,86.32592280983447,36,85.0,0,13,354
Final Decision,21,617,ts,1,frequency_below_5,False,17.41857803261734,17.76153228236231,30.51655394413517,188,462.0,0,0,0
Final Decision,21,619,ue,1,frequency_below_5,False,-15.53054720610295,-16.48107994252398,-0.5132035368401162,558,878.0,0,0,0
Final Decision,21,626,ay,1,frequency_below_5,False,4.948050123078913,5.171136198003456,18.222245807806246,350,644.0,0,0,0
Final Decision,21,648,if,3,frequency_below_5,False,42.10927834964181,41.29059794761842,63.110203406669264,28,220.0,0,9,87
Final Decision,21,651,The,3,frequency_below_5,False,65.68251527869809,64.92320427287945,83.02476551545509,9,68.0,16,135,437
Final Decision,21,656,pro,1,frequency_below_5,False,14.952847492686935,16.258341310439405,29.430156338876305,230,496.0,0,0,0
Final Decision,21,664,"""",11,unreadable,False,72.93323486226512,74.17006434441987,91.57395959824206,16,43.0,0,357,486
Final Decision,21,665,it,138,non_content,False,91.34685626312762,93.88951392561299,120.93124940490478,4,14.0,79,471,486
Final Decision,21,671,an,4,frequency_below_5,False,62.638506866783544,65.4530903101182,91.11007823236706,31,65.0,0,90,385
Final Decision,21,674,that,146,non_content,False,87.5680544272541,91.65706880849578,112.86017079765944,4,16.0,26,453,486
Final Decision,21,675,with,156,non_content,False,84.66893139787766,87.93093937760588,112.2554062577293,11,20.0,0,458,486
Final Decision,21,682,me,89,non_content,False,45.590007900175756,47.52068030276837,74.2733651616597,75,162.0,0,0,17
Final Decision,21,685,as,53,non_content,False,88.1421961833794,90.28527387392009,115.90025283145931,4,17.0,5,486,486
Final Decision,21,689,or,39,non_content,False,79.97513620173117,81.84258966976739,103.45589175629672,10,29.0,2,440,486
Final Decision,21,692,you,11,non_content,False,79.9351094493367,81.98746185542736,108.22092866535787,5,27.0,8,404,476
Final Decision,21,693,he,9,non_content,False,50.90617825713523,50.754788859462664,69.92270049423394,55,134.5,0,0,122
Final Decision,21,696,at,34,non_content,False,86.95607356058866,90.5518409501365,109.20688689196582,8,17.0,2,466,486
Final Decision,21,708,are,3,frequency_below_5,False,58.77473074313847,59.072898823187344,82.54009357397672,30,89.0,0,8,384
Final Decision,21,712,so,32,non_content,False,74.18080779073652,77.17265701273618,96.74192013117793,19,36.0,0,375,486
Final Decision,21,714,The,3,frequency_below_5,False,59.800085683890785,59.29588109414496,80.87928940772113,11,90.0,0,56,315
Final Decision,21,728,-,71,unreadable,False,76.79570263099886,75.82124495153836,96.33461894904625,8,39.0,15,393,486
Final Decision,21,729,was,155,non_content,False,72.2089381327315,73.66540334821428,102.54989582058109,15,44.0,0,305,482
Final Decision,21,731,by,12,non_content,False,77.04981987335326,78.93947185440021,96.00428505124898,16,33.0,0,424,486
Final Decision,21,736,this,5,non_content,False,73.38367519517935,74.9580991544006,94.71730770602676,13,43.0,0,344,486
Final Decision,21,746,for,2,frequency_below_5,False,42.79687492937586,42.3641425994084,67.201919661144,52,197.5,0,0,43
Final Decision,21,749,do,7,retained,True,67.09578171251796,68.10073081902547,93.29944137108869,12,58.0,0,140,465
Final Decision,21,774,from,15,non_content,False,78.54798439099757,80.53026014408492,99.79159963101036,14,30.0,0,414,486
Final Decision,21,777,',2,frequency_below_5,False,56.96346935261123,57.926266189956465,75.58112180061565,39,94.0,0,3,295
Final Decision,21,780,not,63,non_content,False,74.4099352781509,76.29307174787859,117.01051258230166,4,40.0,3,368,485
Final Decision,21,783,we,6,non_content,False,65.49975400513377,65.96189978759101,88.452578320336,19,65.0,0,127,464
Final Decision,21,791,have,17,non_content,False,67.59436871735322,69.07885258733265,100.40013545602262,10,56.0,1,185,464
Final Decision,21,793,no,130,non_content,False,79.35428224057912,79.81874474127133,104.1553574361542,7,32.0,8,458,486
Final Decision,21,794,--,1,frequency_below_5,False,40.982033539921076,40.543722924843195,52.732671136476604,70,219.0,0,0,22
Final Decision,21,798,can,1,frequency_below_5,False,67.3049788014946,68.73107402977676,90.51739125897247,13,57.0,0,146,477
Final Decision,21,800,sed,1,frequency_below_5,False,-1.393617916498228,-1.8424282982898195,15.498026205040604,329,733.0,0,0,0
Final Decision,21,802,tic,1,frequency_below_5,False,-6.074753178989574,-5.940033469370908,5.952278885431865,524,769.0,0,0,0
Final Decision,21,823,"),",1,frequency_below_5,False,32.28872085545397,30.479287551291616,55.13426107610626,59,330.0,0,0,18
Final Decision,21,832,all,12,retained,True,81.12108480434568,84.21906837090654,111.81184477077943,9,24.0,2,411,478
Final Decision,21,840,ated,2,frequency_below_5,False,2.536580003342935,3.0467677899605774,10.42147454501521,480,674.0,0,0,0
Final Decision,21,842,per,1,frequency_below_5,False,38.82279742496024,40.67911845016393,56.96868918880445,127,211.0,0,0,0
Final Decision,21,846,).,4,frequency_below_5,False,35.980192052997836,33.712346617721835,61.02617354889942,45,299.0,0,5,76
Final Decision,21,854,red,1,frequency_below_5,False,4.747862281455752,4.769821119912166,17.733654758820073,366,648.0,0,0,0
Final Decision,21,871,go,15,retained,True,56.155257602317846,57.70170706034413,76.32134123193838,40,95.0,0,2,288
Final Decision,21,877,will,2,frequency_below_5,False,59.77475363287256,60.253465348955004,82.35786146562106,23,84.0,0,11,428
Final Decision,21,878,In,5,non_content,False,53.56605647892683,54.18669245826999,70.94197979178277,40,117.0,0,17,172
Final Decision,21,886,In,3,frequency_below_5,False,57.15501315901369,57.32990415333059,71.38351084625128,28,98.0,0,38,255
Final Decision,21,888,new,7,retained,True,62.085810898769324,62.32156564685346,91.98346184831526,18,72.0,0,40,430
Final Decision,21,901,but,34,non_content,False,73.01747191493402,73.67401951024588,112.02158940934545,3,44.0,2,325,483
Final Decision,21,908,up,15,retained,True,65.027946168188,69.3057446338375,90.43771052437208,25,56.0,0,176,391
Final Decision,21,917,us,1,frequency_below_5,False,29.31019155871037,29.531664836165053,51.99358201784919,152,311.0,0,0,0
Final Decision,21,921,out,25,retained,True,69.69742356414682,74.54044827660381,98.87620735845343,15,41.0,0,318,414
Final Decision,21,931,so,1,frequency_below_5,False,15.475992681289947,15.388968931279246,32.25795104255428,240,496.0,0,0,0
Final Decision,21,947,get,17,retained,True,71.47551944416567,74.66036793436109,99.48191229417716,17,41.0,0,330,475
Final Decision,21,948,which,21,retained,True,56.77526456385906,59.521413243371974,82.0000489615056,37,91.0,0,10,324
Final Decision,21,955,...,4,frequency_below_5,False,68.08918069037135,68.55925993109612,89.51421339942078,11,58.0,0,152,484
Final Decision,21,956,no,60,non_content,False,32.20404103518655,29.0298606694507,61.77515642453202,59,334.0,0,0,68
Final Decision,21,959,ti,1,frequency_below_5,False,-17.68225391285949,-17.211241746363054,-3.4693292059012846,727,876.5,0,0,0
Final Decision,21,963,+,15,unreadable,False,52.77737676980824,52.24491064441405,74.0277004851316,31,123.0,0,43,169
Final Decision,21,970,my,50,non_content,False,77.5963573528226,83.18059602619536,105.78355621788353,11,25.0,0,357,449
Final Decision,21,974,one,151,non_content,False,82.41566588631886,84.20721553673363,106.7235071630975,9,25.0,1,463,486
Final Decision,21,978,more,73,retained,True,79.94245121377972,81.1865580323407,108.92789997331845,9,28.0,2,460,486
Final Decision,21,984,they,73,non_content,False,54.15622424828857,54.872741777516836,89.59704655866094,22,110.0,0,10,210
Final Decision,21,989,dis,2,frequency_below_5,False,17.01671143005753,17.445956857907703,34.27385321158522,298,461.0,0,0,0
Final Decision,21,1009,some,8,retained,True,56.66860464133336,60.075395191391706,93.8362870082921,28,85.0,0,35,318
Final Decision,21,1013,if,73,non_content,False,69.51624855851131,69.97097193457446,92.24263733320817,15,52.0,0,226,484
Final Decision,21,1024,their,2,frequency_below_5,False,37.74312594256268,39.35439552213953,67.78858841683635,67,231.5,0,0,11
Final Decision,21,1043,ish,1,frequency_below_5,False,10.256953982324271,10.972428071715788,26.787321519462147,261,564.5,0,0,0
Final Decision,21,1049,were,28,non_content,False,48.699898990206904,50.80330487623368,73.52648020101714,60,133.0,0,0,59
Final Decision,21,1064,who,32,retained,True,40.86797900210784,41.78720372964568,69.2223918898881,71,203.0,0,0,15
Final Decision,21,1069,time,30,non_content,False,58.19337211100255,59.50758416852913,86.22012372109612,34,87.0,0,9,342
Final Decision,21,1089,any,20,retained,True,49.56943039248505,50.81781527474621,85.61928016656216,43,134.0,0,2,92
Final Decision,21,1093,had,37,non_content,False,50.35143173453684,54.74279533242519,74.53035938439189,51,113.0,0,0,182
Final Decision,21,1104,there,22,non_content,False,54.6344182661373,56.319420711887474,82.02481815381283,42,101.0,0,2,242
Final Decision,21,1105,about,12,non_content,False,55.09676962510712,59.25840476648577,78.33833443225008,29,90.5,0,5,307
Final Decision,21,1125,been,3,frequency_below_5,False,32.47359282134484,34.57615988907196,52.38058524888019,129,276.0,0,0,0
Final Decision,21,1134,would,112,non_content,False,51.77454921088626,52.40873113890302,87.66770730875292,23,126.0,0,21,155
Final Decision,21,1142,set,1,frequency_below_5,False,47.86435631321875,51.88563855195817,71.0249659888037,65,133.0,0,0,63
Final Decision,21,1144,am,1,frequency_below_5,False,36.378548932802616,38.68378535675489,51.55285396158975,136,242.0,0,0,0
Final Decision,21,1150,mu,1,frequency_below_5,False,-9.40351609381407,-9.017797591209574,3.6407079778493,546,799.0,0,0,0
Final Decision,21,1154,like,14,retained,True,70.44553632641849,74.24010169135425,102.21855153228545,15,41.5,0,320,405
Final Decision,21,1156,other,26,retained,True,59.411362285246874,60.3356844557302,81.13102959410202,21,86.0,0,19,363
Final Decision,21,1160,work,13,retained,True,48.68282760649605,49.61668327665845,77.32993366811168,48,140.0,0,1,55
Final Decision,21,1163,over,13,retained,True,67.48341374953044,71.3764532679184,89.88266086486983,23,50.0,0,247,420
Final Decision,21,1165,It,6,non_content,False,44.0943022979762,44.10414819615628,68.64189571326523,41,187.0,0,1,44
Final Decision,21,1170,also,8,retained,True,45.868092400687985,46.20177401819903,67.70684579373021,64,154.0,0,0,39
Final Decision,21,1173,".,",2,frequency_below_5,False,26.39695739869624,24.43846981483341,42.229502039794596,101,391.5,0,0,0
Final Decision,21,1174,them,22,retained,True,38.142422148223474,40.60695926844291,69.70492346798528,85,220.0,0,0,6
Final Decision,21,1175,the,2,frequency_below_5,False,48.8298849205543,49.36832624228762,62.7834375536745,64,138.0,0,0,30
Final Decision,21,1178,than,25,retained,True,32.749504725055694,34.072442950210096,65.2705239960152,91,278.0,0,0,1
Final Decision,21,1185,when,57,non_content,False,64.65076970427658,66.89780774845252,85.63464698921422,23,63.0,0,133,426
Final Decision,21,1212,what,11,retained,True,60.83935946017612,62.640806096341734,90.83276227816616,22,75.5,0,52,378
Final Decision,21,1230,know,3,frequency_below_5,False,39.78275237090712,39.28878190173475,75.50315250452294,52,208.0,0,0,11
Final Decision,21,1249,may,2,frequency_below_5,False,43.354425027868196,44.02911374704198,62.278410386809135,83,184.0,0,0,6
Final Decision,21,1274,Q,1,frequency_below_5,False,6.226441738439587,6.7439551384851875,17.76881192997815,307,627.0,0,0,0
Final Decision,21,1277,its,1,frequency_below_5,False,38.1801812397602,37.588278844754726,61.86117032039039,90,225.5,0,0,2
Final Decision,21,1280,into,6,retained,True,43.80307769590146,45.21822749337272,67.17079420504372,63,176.0,0,0,18
Final Decision,21,1281,use,12,retained,True,54.71353236073502,55.44294664250283,94.70375133528698,23,107.0,0,7,207
Final Decision,21,1285,bet,1,frequency_below_5,False,-13.211058005118618,-10.901980711535805,17.402036708030835,533,829.0,0,0,0
Final Decision,21,1294,No,42,non_content,False,32.02507258652798,27.480404273542092,68.92715096864272,29,349.0,0,14,71
Final Decision,21,1297,only,7,retained,True,68.45736755609484,71.68836995610576,95.12675365142168,22,51.0,0,236,467
Final Decision,21,1307,No,155,non_content,False,35.00541037304445,31.358024740828977,68.83642691130657,24,309.5,0,19,72
Final Decision,21,1317,just,95,non_content,False,70.97903163547906,76.45661598341025,101.21257628682855,10,39.0,1,329,397
Final Decision,21,1354,else,6,retained,True,10.386982178269884,10.555863188603187,41.80948660572158,156,573.5,0,0,0
Final Decision,21,1355,back,24,retained,True,59.41986955322581,63.84625174971853,83.952033975808,26,74.0,0,52,350
Final Decision,21,1357,him,4,frequency_below_5,False,11.970050829475035,13.732540501963172,39.35386045009188,216,533.0,0,0,0
Final Decision,21,1368,how,7,retained,True,43.633879472323656,43.66353601734569,76.21809533649049,35,179.0,0,2,17
Final Decision,21,1370,first,25,retained,True,65.313576266226,68.54462964606742,85.29031020562155,24,60.0,0,123,419
Final Decision,21,1377,tive,1,frequency_below_5,False,-26.64310572278057,-26.53274972787978,-16.042915881864833,845,949.5,0,0,0
Final Decision,21,1378,two,42,retained,True,60.873256314847765,62.551936750556436,81.80445994421238,25,78.0,0,53,391
Final Decision,21,1382,true,1,frequency_below_5,False,30.371735337494243,30.511089319625142,52.3104239381732,102,308.5,0,0,0
Final Decision,21,1401,off,6,retained,True,44.805543264032636,48.45866678395008,69.40847284554985,72,155.5,0,0,26
Final Decision,21,1417,This,1,frequency_below_5,False,36.31343083535134,36.20558418345926,58.234699963327934,64,253.5,0,0,12
Final Decision,21,1426,good,31,retained,True,56.80678585799501,57.19946584367312,81.2123517601634,26,98.0,0,12,301
Final Decision,21,1443,see,23,retained,True,44.046736924093416,44.14239119509246,63.693516978616216,63,174.0,0,0,8
Final Decision,21,1447,hed,1,frequency_below_5,False,-27.82572001065801,-26.831022680599936,-14.548368120900374,844,949.0,0,0,0
Final Decision,21,1452,after,35,retained,True,62.994717507106785,66.23202708073836,84.93814687228226,30,66.0,0,96,402
Final Decision,21,1453,don,13,retained,True,47.904492564932895,49.743603834239885,73.26946141015833,45,141.0,0,2,48
Final Decision,21,1461,people,22,retained,True,53.724771969184246,54.79157211567055,86.07330749633964,30,111.0,0,5,177
Final Decision,21,1474,And,1,frequency_below_5,False,26.808755214327178,26.798885573661217,41.139708974643625,149,349.0,0,0,0
Final Decision,21,1476,need,1,frequency_below_5,False,46.733043232864375,45.83543986107491,79.23926480859649,24,171.0,0,1,95
Final Decision,21,1486,ting,1,frequency_below_5,False,-3.5468343623717895,-3.187453111426499,10.340247016404824,542,746.5,0,0,0
Final Decision,21,1490,now,1,frequency_below_5,False,51.51332852579818,55.52934636457447,78.53047858159853,49,109.0,0,2,196
Final Decision,21,1492,then,86,retained,True,49.500533628963176,51.992363403923676,79.86846007466029,37,139.5,0,16,163
Final Decision,21,1497,long,12,retained,True,50.21076712903627,51.639763467380675,70.35705359746589,41,130.0,0,1,83
Final Decision,21,1498,did,43,retained,True,46.05341142906198,47.98064506939305,79.81804239913066,34,155.0,0,1,35
Final Decision,21,1500,show,2,frequency_below_5,False,40.41690027683448,41.283663382228546,53.836590225107734,110,204.0,0,0,0
Final Decision,21,1501,make,2,frequency_below_5,False,50.52917003249028,52.48782507333501,76.17910668526737,58,123.0,0,0,104
Final Decision,21,1508,very,7,retained,True,57.25961043457659,60.053134958355166,83.64274488309972,24,86.0,0,21,308
Final Decision,21,1535,every,9,retained,True,48.5438146535475,52.64368309609483,73.5958957728798,41,126.5,0,6,108
Final Decision,21,1536,high,2,frequency_below_5,False,40.62395660466395,43.722010231231295,63.08044216016809,87,191.5,0,0,3
Final Decision,21,1538,could,6,retained,True,43.50115882275811,44.728406181958164,68.49130482624159,63,178.0,0,0,19
Final Decision,21,1541,sti,1,frequency_below_5,False,-36.13312123699616,-35.85843290413809,-16.015636419639808,868,1003.0,0,0,0
Final Decision,21,1546,most,43,retained,True,55.684665674444865,56.95688265161042,86.88648354246628,31,103.0,0,31,233
Final Decision,21,1552,person,95,retained,True,24.554035060438835,24.013800197288695,50.14028215850476,171,360.5,0,0,0
Final Decision,21,1563,med,1,frequency_below_5,False,2.465846548998292,2.9234956053392933,14.902887114828967,430,667.0,0,0,0
Final Decision,21,1570,where,9,retained,True,53.53820992971293,54.38925142700009,77.71586232985558,47,113.0,0,1,157
Final Decision,21,1578,well,11,retained,True,50.11470521740806,51.95921997976352,72.1405720388155,43,130.0,0,1,75
Final Decision,21,1580,end,4,frequency_below_5,False,36.368798965264595,37.43596105582532,51.454415961598215,145,235.0,0,0,0
Final Decision,21,1582,such,1,frequency_below_5,False,35.6257721729687,35.38371253895065,55.820415041111836,86,260.5,0,0,1
Final Decision,21,1584,na,1,frequency_below_5,False,12.544504819010777,13.048286038504024,30.133386141162283,178,546.5,0,0,0
Final Decision,21,1593,through,4,frequency_below_5,False,48.06085261669493,51.25059622478997,71.06368711749583,40,134.0,0,1,50
Final Decision,21,1611,follow,5,retained,True,34.048431732198914,34.36410849802438,62.474645871234024,84,264.0,0,0,1
Final Decision,21,1612,look,6,retained,True,44.82364703948931,46.219779373670264,67.61047764229153,58,170.0,0,0,14
Final Decision,21,1618,value,6,retained,True,33.252566007559366,33.44813573878803,58.56074024428742,87,271.0,0,0,1
Final Decision,21,1625,count,2,frequency_below_5,False,-0.6344486715114361,0.9131173601821444,27.181212897158208,255,695.5,0,0,0
Final Decision,21,1634,hand,4,frequency_below_5,False,29.178126704922175,31.64628679824244,54.401269225229775,114,313.0,0,0,0
Final Decision,21,1644,made,2,frequency_below_5,False,47.10803500600378,51.42450200542291,70.72467607249654,64,133.0,0,0,64
Final Decision,21,1653,again,23,retained,True,36.56315968255477,38.17932313387539,66.79980828877645,68,246.0,0,0,13
Final Decision,21,1665,not,7,non_content,False,18.908110165991353,17.324335738565097,49.03719845627288,147,480.0,0,0,0
Final Decision,21,1671,used,8,retained,True,45.14594664539721,48.275361974072894,71.12208012344766,61,154.0,0,0,26
Final Decision,21,1681,tem,1,frequency_below_5,False,-30.484045626293568,-29.686511396844686,-14.879296181027694,883,968.0,0,0,0
Final Decision,21,1683,much,21,retained,True,42.037410221139076,43.16798932308483,73.09993361860379,47,194.0,0,1,10
Final Decision,21,1693,even,8,retained,True,60.17181654310969,62.72738298519718,89.32245096092825,21,76.0,0,66,354
Final Decision,21,1700,#,1,frequency_below_5,False,53.28928040130076,52.786534679283065,68.08052615116549,42,119.0,0,9,156
Final Decision,21,1702,part,3,frequency_below_5,False,41.81302098239419,42.95528254842715,59.42546865387639,109,191.0,0,0,0
Final Decision,21,1703,way,1,frequency_below_5,False,47.942282249598385,49.25622817053633,69.76765307078155,73,147.0,0,0,68
Final Decision,21,1704,So,2,frequency_below_5,False,23.207788306811455,23.67735253240879,39.028540776360664,190,396.0,0,0,0
Final Decision,21,1706,down,4,frequency_below_5,False,43.87328698169929,47.43855893119071,65.98425869822454,68,162.0,0,0,19
Final Decision,21,1707,help,7,retained,True,28.454663563361297,28.77665308343106,60.33317189951476,91,323.0,0,0,1
Final Decision,21,1717,find,43,retained,True,36.644881781132085,37.69156907452251,63.29076832655552,81,250.0,0,0,6
Final Decision,21,1718,It,1,frequency_below_5,False,43.37728622323483,43.33939388353571,61.1978880443683,57,194.0,0,0,56
Final Decision,21,1720,pos,1,frequency_below_5,False,-9.660222990430386,-9.891892915102801,5.047077087603739,494,813.5,0,0,0
Final Decision,21,1721,does,1,frequency_below_5,False,46.04630978841581,47.3903274572815,66.27920332120716,69,156.0,0,0,8
Final Decision,21,1723,my,2,frequency_below_5,False,32.668997772548636,34.76973857360468,53.617096785709585,96,276.0,0,0,1
Final Decision,21,1742,think,19,retained,True,37.465704445329884,39.51804963444836,71.88819673946573,63,230.5,0,0,9
Final Decision,21,1744,day,4,frequency_below_5,False,40.080042074538746,41.5838950636522,61.58356242788554,68,209.0,0,0,2
Final Decision,21,1758,number,8,retained,True,37.037550398489905,37.127013618683634,62.51111648812321,47,237.0,0,1,12
Final Decision,21,1767,many,12,retained,True,51.243437635306215,52.270489900380056,74.33352846365838,52,126.0,0,0,98
Final Decision,21,1794,before,13,retained,True,58.357768288372924,60.872050235333425,86.81357720517182,17,84.0,0,16,343
Final Decision,21,1809,same,73,retained,True,41.5667205562636,41.990394170612646,73.23431806818567,65,201.0,0,0,13
Final Decision,21,1811,back,1,frequency_below_5,False,15.292390384293125,14.788754335408374,30.32300888193272,277,484.0,0,0,0
Final Decision,21,1815,work,1,frequency_below_5,False,-4.838440356479243,-4.599943238102077,11.175448344045154,473,758.0,0,0,0
Final Decision,21,1833,right,12,retained,True,52.27669890668065,53.99792517850736,78.12562822971597,33,113.0,0,2,148
Final Decision,21,1853,each,15,retained,True,44.462518120924415,47.11599008686469,74.0891494184924,47,165.5,0,1,35
Final Decision,21,1855,being,7,retained,True,42.24102355297159,45.25314067451333,66.14280038013575,85,176.0,0,0,8
Final Decision,21,1860,But,2,frequency_below_5,False,26.50951045559837,25.446601114312482,46.12835414302665,117,373.0,0,0,0
Final Decision,21,1861,because,11,retained,True,55.7018023665497,57.0585937288521,82.2598690406976,25,98.0,0,9,259
Final Decision,21,1865,between,12,retained,True,35.38587344904719,37.99771476399201,58.484600814215646,102,243.5,0,0,0
Final Decision,21,1877,As,2,frequency_below_5,False,30.884698966640133,31.572439207813716,43.45063272598476,125,307.0,0,0,0
Final Decision,21,1879,real,2,frequency_below_5,False,34.53471943333899,36.36117489938623,53.1630106678339,133,251.5,0,0,0
Final Decision,21,1887,To,1,frequency_below_5,False,28.36388444547623,28.752801062550883,43.678261557987895,152,330.5,0,0,0
Final Decision,21,1924,rd,1,frequency_below_5,False,-7.885345330927297,-8.154552662257078,7.192793802951415,505,799.0,0,0,0
Final Decision,21,1927,If,9,non_content,False,33.820658444787455,33.55615260477737,49.58707576164227,97,269.5,0,0,1
Final Decision,21,1941,those,2,frequency_below_5,False,35.02285407354579,36.799086244168656,57.47580464418988,111,252.0,0,0,0
Final Decision,21,1942,found,31,retained,True,37.71663140455545,39.36324927708931,66.52934462320772,59,233.0,0,0,5
Final Decision,21,1963,best,21,retained,True,48.410530470275134,47.33433774003029,81.50357875216618,27,144.0,0,6,72
Final Decision,21,1980,too,8,retained,True,46.18754088830601,49.487008928713294,79.78673069569032,44,145.0,0,1,61
Final Decision,21,1987,take,1,frequency_below_5,False,44.93944663485826,47.929687658030886,68.12509624158925,73,155.0,0,0,20
Final Decision,21,1993,On,1,frequency_below_5,False,26.141269940502127,26.58075975997652,40.654969020282806,166,358.5,0,0,0
Final Decision,21,1997,own,1,frequency_below_5,False,17.60283478585002,18.880655119318398,37.07493874353213,268,456.0,0,0,0
Final Decision,21,2001,last,14,retained,True,58.30679655673545,60.87575188802752,82.78606737765143,33,86.0,0,22,331
Final Decision,21,2005,But,1,frequency_below_5,False,26.581025401357767,25.923688493576176,47.67384378336962,133,365.0,0,0,0
Final Decision,21,2035,sign,3,frequency_below_5,False,7.611713546897702,7.368438567267216,29.236502510519546,270,603.5,0,0,0
Final Decision,21,2060,run,1,frequency_below_5,False,35.02511736203651,37.001669417380874,55.79956020447305,120,254.0,0,0,0
Final Decision,21,2063,come,2,frequency_below_5,False,37.25766213388538,39.10576349773966,56.02751923593705,130,233.0,0,0,0
Final Decision,21,2076,still,3,frequency_below_5,False,45.286063233534556,47.33616092606776,78.28346207835185,56,159.0,0,0,44
Final Decision,21,2113,information,1,frequency_below_5,False,21.551974539697937,21.635588835457014,42.92333984158854,158,412.0,0,0,0
Final Decision,21,2121,test,2,frequency_below_5,False,26.112214478473117,27.479114938896267,53.70827028432656,134,351.5,0,0,0
Final Decision,21,2142,let,1,frequency_below_5,False,40.746728740117724,42.379619933140205,61.09179757674238,105,196.0,0,0,0
Final Decision,21,2149,three,6,retained,True,49.959780336730496,52.073279653023114,71.40691076924682,50,131.0,0,1,105
Final Decision,21,2161,;,486,unreadable,False,41.24536562720056,36.10720864721581,76.40396702779185,12,267.0,0,72,101
Final Decision,21,2166,far,1,frequency_below_5,False,34.17343798335024,36.75089538007627,54.99677868893206,138,259.0,0,0,0
Final Decision,21,2167,different,31,retained,True,34.67394014664606,35.01858608412651,66.4905797983893,85,260.0,0,0,1
Final Decision,21,2169,As,1,frequency_below_5,False,33.952914346812065,34.14516242962324,49.04887823552345,111,277.0,0,0,0
Final Decision,21,2172,row,62,retained,True,-15.353044960711692,-15.792949505357905,8.308138462328653,653,858.0,0,0,0
Final Decision,21,2173,non,1,frequency_below_5,False,34.99825682011573,35.524122489885386,53.025346257830634,128,253.5,0,0,0
Final Decision,21,2177,using,3,frequency_below_5,False,41.00109610893848,44.33737620579261,74.69963999181707,48,183.0,0,1,15
Final Decision,21,2183,while,6,retained,True,48.12229262252791,48.66306924448974,71.3266238308511,69,141.0,0,0,41
Final Decision,21,2184,order,2,frequency_below_5,False,19.487935413131925,19.2428356048799,43.39407235737845,150,424.5,0,0,0
Final Decision,21,2185,process,4,frequency_below_5,False,21.542864867057943,22.44764372499126,47.381781385281805,114,404.0,0,0,0
Final Decision,21,2195,test,1,frequency_below_5,False,2.6463496672167897,2.63277213347843,23.043896894684487,415,667.5,0,0,0
Final Decision,21,2196,result,4,frequency_below_5,False,8.242852523560975,8.069107829939849,30.906730020232594,256,612.0,0,0,0
Final Decision,21,2238,start,3,frequency_below_5,False,49.69534266263756,52.18154092717727,71.17839972576762,45,127.0,0,1,87
Final Decision,21,2247,full,1,frequency_below_5,False,47.01661240191113,49.42540905839435,68.55797472910302,66,147.0,0,0,29
Final Decision,21,2249,stand,1,frequency_below_5,False,14.60627207208991,15.830775959236536,49.260295213081356,146,498.0,0,0,0
Final Decision,21,2257,second,8,retained,True,37.476093260363555,40.00144728405435,62.75374380032787,61,226.0,0,0,1
Final Decision,21,2270,case,2,frequency_below_5,False,28.128941382026532,28.107303552673883,47.740476692023755,130,348.0,0,0,0
Final Decision,21,2273,from,1,frequency_below_5,False,35.13036385214171,35.01596757031891,52.96056204569388,80,264.0,0,0,10
Final Decision,21,2277,really,66,retained,True,63.23294731090365,65.39504718148908,101.30851213475518,7,66.0,2,126,366
Final Decision,21,2290,during,1,frequency_below_5,False,38.165883980553176,41.2842787168725,61.58587300478556,87,219.0,0,0,3
Final Decision,21,2319,going,18,retained,True,44.84581289090821,49.33299076548812,70.17109114148506,64,144.5,0,0,55
Final Decision,21,2330,.),4,frequency_below_5,False,13.302397836397919,12.102613612422221,31.864489035723864,188,570.0,0,0,0
Final Decision,21,2339,So,1,frequency_below_5,False,21.963422754287173,22.303400406034456,32.94364221589348,178,413.0,0,0,0
Final Decision,21,2346,without,2,frequency_below_5,False,42.38103949113902,44.0029164821172,59.56944397605558,85,188.0,0,0,1
Final Decision,21,2351,next,27,retained,True,45.61222134613831,47.05984611954201,76.28860739785985,24,164.0,0,2,66
Final Decision,21,2356,little,6,retained,True,38.375466591375314,39.135264693352795,58.13366130954848,98,219.0,0,0,1
Final Decision,21,2371,got,46,retained,True,50.512363169784145,54.61298129839521,83.44464565811514,24,114.0,0,3,185
Final Decision,21,2375,feel,5,retained,True,34.609015437884615,37.57636158731931,62.070175093574775,98,245.0,0,0,1
Final Decision,21,2377,point,4,frequency_below_5,False,28.938710781255427,30.1898654093991,55.308856769818675,164,314.0,0,0,0
Final Decision,21,2398,game,35,retained,True,23.610858105181805,26.56093303588561,54.78498937852241,120,364.0,0,0,0
Final Decision,21,2409,call,1,frequency_below_5,False,29.933878550805378,30.95636688471943,50.270469690911035,168,303.0,0,0,0
Final Decision,21,2412,following,1,frequency_below_5,False,28.95655333630626,30.856549423052304,48.01297577115813,116,314.0,0,0,0
Final Decision,21,2416,image,1,frequency_below_5,False,8.492599217830723,8.636391982244401,32.587329696886975,273,596.0,0,0,0
Final Decision,21,2440,Not,13,non_content,False,13.9121579972792,11.5849003110777,38.97651234485636,114,568.5,0,0,0
Final Decision,21,2447,never,1,frequency_below_5,False,39.98358038125824,41.410567069447346,72.01822727435109,52,199.5,0,0,4
Final Decision,21,2449,around,9,retained,True,42.76556306336757,48.099956561853105,66.76173778320117,66,155.5,0,0,29
Final Decision,21,2456,There,1,frequency_below_5,False,19.964760921305476,19.11446609558427,39.75953431213811,121,462.0,0,0,0
Final Decision,21,2474,current,4,frequency_below_5,False,31.080956156910574,31.60022676383629,50.22753092743583,114,301.5,0,0,0
Final Decision,21,2495,If,29,non_content,False,36.22336775422877,36.077058270769115,55.08472549303058,84,249.0,0,0,4
Final Decision,21,2523,pay,2,frequency_below_5,False,24.7327459231128,26.128004241628915,42.24557816335341,208,359.0,0,0,0
Final Decision,21,2525,better,7,retained,True,46.70716483701928,47.53467383481933,82.30548011696855,38,154.0,0,1,31
Final Decision,21,2550,another,39,retained,True,34.63521106262493,36.5413933027566,65.30504451132119,91,251.5,0,0,2
Final Decision,21,2551,Can,1,frequency_below_5,False,13.447812839457555,12.608017702731921,28.65941888828875,221,547.0,0,0,0
Final Decision,21,2593,always,7,retained,True,45.88638921493424,48.32391490264072,76.87443868013737,43,154.0,0,1,79
Final Decision,21,2613,might,6,retained,True,34.26845095463079,35.97592198466862,57.208122050142784,113,265.0,0,0,0
Final Decision,21,2619,few,9,retained,True,28.219790274152125,32.20177580749225,50.08953845377431,140,304.0,0,0,0
Final Decision,21,2625,At,3,frequency_below_5,False,31.55739372117386,30.91593411694004,43.703417117554714,96,311.5,0,0,1
Final Decision,21,2644,less,4,frequency_below_5,False,42.67895328983287,43.829975998006205,66.99902901559057,83,185.0,0,0,6
Final Decision,21,2656,black,7,retained,True,24.159990205540446,24.617067383304178,43.265167123005405,183,364.0,0,0,0
Final Decision,21,2669,change,23,retained,True,43.25451904024445,44.2420027407085,101.45667189290918,2,184.0,1,2,16
Final Decision,21,2691,against,2,frequency_below_5,False,18.86963996918968,22.237977556646747,49.50390140977445,158,418.5,0,0,0
Final Decision,21,2701,check,4,frequency_below_5,False,36.004027159941685,38.402086871168294,56.631562056162146,119,241.0,0,0,0
Final Decision,21,2705,days,1,frequency_below_5,False,17.19830313895873,17.83892822332866,35.16232418970174,243,453.5,0,0,0
Final Decision,21,2731,left,6,retained,True,36.030498764411604,39.23925106303077,65.42627834900411,65,233.0,0,0,2
Final Decision,21,2734,give,19,retained,True,40.71605491727285,43.86381938140367,69.94383091926687,50,192.5,0,1,18
Final Decision,21,2745,keep,14,retained,True,38.161333592821535,39.47448719399475,61.289272474919215,107,223.0,0,0,0
Final Decision,21,2754,since,2,frequency_below_5,False,45.37496287375376,46.15034066870049,64.978095175111,65,163.0,0,0,13
Final Decision,21,2755,plus,3,frequency_below_5,False,26.224904528145295,26.89902131667536,44.473955338783135,173,343.0,0,0,0
Final Decision,21,2761,At,5,non_content,False,34.5332106963454,33.95059973710807,45.22830962221173,79,283.5,0,0,9
Final Decision,21,2764,given,4,frequency_below_5,False,32.17749790831118,33.48967639999171,48.87955900464007,117,281.0,0,0,0
Final Decision,21,2765,allow,1,frequency_below_5,False,14.427647037635703,14.95565295068888,32.57313722170127,304,497.5,0,0,0
Final Decision,21,2775,something,3,frequency_below_5,False,39.01030118156476,43.7457831750953,72.30842845676709,71,195.0,0,0,18
Final Decision,21,2776,""".",3,frequency_below_5,False,-1.8855654104738258,-2.8264797832551545,15.736355261009013,351,748.0,0,0,0
Final Decision,21,2785,four,2,frequency_below_5,False,35.713543944000214,37.271202712800466,57.590362672688954,87,251.0,0,0,1
Final Decision,21,2792,won,4,frequency_below_5,False,37.35585817746079,39.41765593386026,57.0464194025621,103,229.0,0,0,0
Final Decision,21,2804,...,4,frequency_below_5,False,44.643656673919025,44.49683570172521,63.31181628206299,62,179.0,0,0,10
Final Decision,21,2811,hard,2,frequency_below_5,False,43.54288146026828,45.741597765276595,64.77185586250407,76,176.0,0,0,8
Final Decision,21,2819,within,1,frequency_below_5,False,30.789050748809668,33.98130310807396,51.728052902593234,129,282.0,0,0,0
Final Decision,21,2821,sure,4,frequency_below_5,False,19.705140334696452,20.55547067774794,46.81374870970305,137,433.0,0,0,0
Final Decision,21,2858,kind,5,retained,True,31.876208219283008,35.565415085993635,60.13308638946657,121,269.5,0,0,0
Final Decision,21,2862,though,3,frequency_below_5,False,21.60485204540616,23.692806560919585,42.67957194169147,230,398.0,0,0,0
Final Decision,21,2872,question,1,frequency_below_5,False,16.852396971360236,17.397288382915928,37.9327850001528,216,463.0,0,0,0
Final Decision,21,2881,color,4,frequency_below_5,False,8.021949262147361,8.608732254108375,42.4917089602744,213,583.0,0,0,0
Final Decision,21,2894,turn,3,frequency_below_5,False,30.221399675005003,32.68747427559707,53.295110444921406,134,293.0,0,0,0
Final Decision,21,2910,large,1,frequency_below_5,False,28.76851964117188,29.227912727564778,47.18241072801176,152,310.0,0,0,0
Final Decision,21,2926,My,3,frequency_below_5,False,31.845367066630047,32.37976051000018,46.232790839764625,93,281.0,0,0,1
Final Decision,21,2940,lot,2,frequency_below_5,False,18.75039967056028,19.399276218352707,37.08104393757032,277,433.0,0,0,0
Final Decision,21,2968,max,2,frequency_below_5,False,11.148972038385553,10.908504017327338,30.696778315974743,333,549.0,0,0,0
Final Decision,21,2995,That,1,frequency_below_5,False,24.96020530745304,25.716700062500244,48.112611996006585,103,365.0,0,0,0
Final Decision,21,3015,done,1,frequency_below_5,False,25.763059819407673,28.746778965977093,47.04162387573082,188,337.0,0,0,0
Final Decision,21,3023,times,48,retained,True,17.453759717929294,21.372969849263455,43.794094028195595,162,427.0,0,0,0
Final Decision,21,3024,away,3,frequency_below_5,False,25.737687918615006,30.14104531977472,48.31318023935371,174,327.0,0,0,0
Final Decision,21,3041,with,1,frequency_below_5,False,35.278866982397304,34.53340012794436,50.921170242774146,90,277.5,0,0,14
Final Decision,21,3051,total,1,frequency_below_5,False,23.046174915687747,23.690050926013623,41.938799835231094,193,377.0,0,0,0
Final Decision,21,3074,Count,1,frequency_below_5,False,-27.648634665803357,-28.15289171508779,2.979415808372799,625,962.0,0,0,0
Final Decision,21,3077,possible,7,retained,True,22.41227184418572,22.58835008530562,50.67239633387924,171,381.5,0,0,0
Final Decision,21,3118,red,8,retained,True,23.6111609524463,25.67570274947351,45.61816370264603,195,368.0,0,0,0
Final Decision,21,3123,tag,1,frequency_below_5,False,-8.688903521255277,-9.549647721444984,3.9572598062753777,449,812.5,0,0,0
Final Decision,21,3124,move,15,retained,True,28.11922986756054,30.194120352501812,56.464777849225015,137,323.0,0,0,0
Final Decision,21,3131,above,8,retained,True,18.705712225836326,20.64352837883375,39.68261651650265,151,434.0,0,0,0
Final Decision,21,3135,Click,1,frequency_below_5,False,-13.511651329967776,-13.19757315061564,3.0513731492354346,608,834.0,0,0,0
Final Decision,21,3166,thing,4,frequency_below_5,False,28.102821239110227,30.585570612434275,48.04561529699944,146,320.0,0,0,0
Final Decision,21,3171,That,1,frequency_below_5,False,22.507111162997695,22.818525570337755,44.10767247066376,121,403.0,0,0,0
Final Decision,21,3178,low,2,frequency_below_5,False,33.01736223206867,36.80182835710724,60.79308091384331,103,258.0,0,0,0
Final Decision,21,3190,results,13,retained,True,16.2931050616028,16.63625553723886,39.33203210884963,206,492.0,0,0,0
Final Decision,21,3194,When,6,non_content,False,20.948610776304264,21.028007757381076,33.83654825095041,180,421.5,0,0,0
Final Decision,21,3205,course,2,frequency_below_5,False,6.137595658891448,6.503699754796861,22.630469675371554,387,622.0,0,0,0
Final Decision,21,3232,Not,28,non_content,False,16.219247122033323,13.90364773590511,43.20029014647519,139,533.0,0,0,0
Final Decision,21,3255,offer,1,frequency_below_5,False,22.77247808649615,22.48390629253545,44.40519726265917,212,381.0,0,0,0
Final Decision,21,3274,until,129,retained,True,35.27920677801925,37.40028275416657,66.13813973589015,70,253.5,0,0,7
Final Decision,21,3276,yes,6,retained,True,4.687759281230318,1.055916547640162,38.47218502660713,135,701.0,0,0,0
Final Decision,21,3279,With,2,frequency_below_5,False,23.595501063107616,23.7145325000276,35.48190210915075,161,387.5,0,0,0
Final Decision,21,3285,character,2,frequency_below_5,False,2.122026913697876,3.023550089222485,20.920146962070206,440,667.0,0,0,0
Final Decision,21,3287,example,1,frequency_below_5,False,13.157738338746507,13.931611912607703,30.350952989045215,261,511.0,0,0,0
Final Decision,21,3293,begin,1,frequency_below_5,False,20.90145483853365,21.59942348894256,37.100976411989734,147,402.5,0,0,0
Final Decision,21,3298,bit,6,retained,True,27.343708160418977,29.258947076354612,51.22149387551517,122,326.0,0,0,0
Final Decision,21,3303,already,2,frequency_below_5,False,27.085148253966647,31.883631096119355,50.186633483821645,168,307.0,0,0,0
Final Decision,21,3309,short,1,frequency_below_5,False,32.21876170638523,34.43544769977646,52.904264991716445,135,276.0,0,0,0
Final Decision,21,3326,able,1,frequency_below_5,False,15.732622669089729,15.430588686146502,39.653912667420975,243,484.0,0,0,0
Final Decision,21,3333,error,1,frequency_below_5,False,3.958125883161849,4.101851382037633,23.3602022984013,452,645.0,0,0,0
Final Decision,21,3338,bad,26,retained,True,37.51332519147419,40.55282619838908,65.40943439347086,72,224.0,0,0,6
Final Decision,21,3358,sw,1,frequency_below_5,False,-18.892384188880115,-17.283103427935394,-0.5921897238759586,733,883.0,0,0,0
Final Decision,21,3361,success,2,frequency_below_5,False,21.5567920756042,22.003316942388476,45.06843210825079,136,390.0,0,0,0
Final Decision,21,3364,ever,3,frequency_below_5,False,34.3426921297912,38.45702901726298,59.78812039460421,90,243.0,0,0,2
Final Decision,21,3370,money,1,frequency_below_5,False,15.41551643406905,16.618740950577916,48.78092043638414,181,477.0,0,0,0
Final Decision,21,3372,having,1,frequency_below_5,False,34.95487735245657,37.91528599010478,59.12102966087584,124,248.0,0,0,0
Final Decision,21,3376,break,2,frequency_below_5,False,16.07318059739968,16.69967837148391,33.63614060259585,257,467.0,0,0,0
Final Decision,21,3383,certain,6,retained,True,25.112589215499582,27.210541408239838,51.92958192903913,136,351.0,0,0,0
Final Decision,21,3385,hold,2,frequency_below_5,False,13.288983017007851,16.468397969807,42.46880397670289,229,499.0,0,0,0
Final Decision,21,3387,close,1,frequency_below_5,False,36.11022703957678,39.15628396909493,54.353015677954176,140,236.0,0,0,0
Final Decision,21,3392,came,5,retained,True,31.339494571124828,35.33305187898023,57.320975173854364,117,272.0,0,0,0
Final Decision,21,3402,due,1,frequency_below_5,False,25.8651259971991,26.893917236315247,53.20814873148329,155,352.0,0,0,0
Final Decision,21,3403,mind,1,frequency_below_5,False,25.268766857619067,27.798129756801536,44.41840151747323,181,352.0,0,0,0
Final Decision,21,3416,later,4,frequency_below_5,False,35.397908887623345,36.437468755535264,58.99785601718205,78,261.0,0,0,2
Final Decision,21,3418,try,25,retained,True,45.75035635752009,47.49045918643601,79.30170734033148,47,158.0,0,1,33
Final Decision,21,3421,thought,8,retained,True,27.54103543173753,30.489068168117875,58.7119992742302,81,319.0,0,0,1
Final Decision,21,3422,most,2,frequency_below_5,False,7.667095832977132,7.916270101051188,26.581557168495127,178,612.0,0,0,0
Final Decision,21,3428,One,1,frequency_below_5,False,28.415288679686036,28.25438627010454,46.06488999334481,108,341.0,0,0,0
Final Decision,21,3433,past,1,frequency_below_5,False,22.789642092193578,24.992638616996757,43.59673434533263,194,383.0,0,0,0
Final Decision,21,3434,working,9,retained,True,40.158589663851046,42.13537268645102,71.52108470270161,64,205.0,0,0,4
Final Decision,21,3448,answer,2,frequency_below_5,False,22.75901642225773,23.42938473751355,58.861655548074154,95,391.0,0,0,1
Final Decision,21,3464,original,3,frequency_below_5,False,17.83791577048486,17.455494605709795,43.650360953154234,162,456.5,0,0,0
Final Decision,21,3476,least,7,retained,True,-2.965239309946298,-2.889379399455001,18.80371843523955,320,729.0,0,0,0
Final Decision,21,3482,based,5,retained,True,36.29482925736502,37.98541747406934,59.817247588806175,76,242.0,0,0,2
Final Decision,21,3528,didn,30,retained,True,37.9395785681894,41.13572550463486,71.06227363141784,56,215.0,0,0,7
Final Decision,21,3545,services,1,frequency_below_5,False,2.2307936535018777,1.9319081517770202,32.50737294439369,351,673.0,0,0,0
Final Decision,21,3547,making,2,frequency_below_5,False,35.52932506899191,38.60117413928785,55.14515474316327,134,241.0,0,0,0
Final Decision,21,3553,Yes,21,retained,True,12.741001979339046,10.2775416478427,39.959155837048506,101,583.0,0,0,0
Final Decision,21,3566,wer,1,frequency_below_5,False,-42.47944065578806,-42.53429271315655,-22.178870227423722,942,1040.0,0,0,0
Final Decision,21,3588,others,8,retained,True,24.713063919671246,24.784606942893888,55.495430737101714,111,370.5,0,0,0
Final Decision,21,3590,response,1,frequency_below_5,False,5.508642432202723,5.460156512835924,29.051156868420726,312,644.5,0,0,0
Final Decision,21,3594,enough,3,frequency_below_5,False,24.47253538079176,29.146936264296343,48.54134611023012,171,335.5,0,0,0
Final Decision,21,3604,From,1,frequency_below_5,False,19.94128936517131,20.41011703849857,32.35532102999831,194,440.5,0,0,0
Final Decision,21,3619,amount,3,frequency_below_5,False,14.245817718097168,13.90271225331208,39.705276573205815,196,519.0,0,0,0
Final Decision,21,3624,seen,1,frequency_below_5,False,11.476571245930689,12.63700789781991,32.46215320191338,334,548.0,0,0,0
Final Decision,21,3631,once,14,retained,True,38.06714534550311,41.899790371411726,69.63462861886882,61,213.0,0,0,3
Final Decision,21,3648,looking,3,frequency_below_5,False,41.368036818978595,44.056544324555546,69.18100444147997,64,187.0,0,0,11
Final Decision,21,3652,cut,1,frequency_below_5,False,20.784444228523114,25.687205689064825,41.33157728768891,252,376.5,0,0,0
Final Decision,21,3666,particular,10,retained,True,14.353315334575848,14.563076178522909,59.86940219085646,74,499.5,0,0,1
Final Decision,21,3695,often,15,retained,True,35.923914083344194,36.79648332576145,63.9184981389651,77,251.0,0,0,4
Final Decision,21,3712,price,1,frequency_below_5,False,5.125077192726792,5.644553933680103,40.20754307120064,266,626.0,0,0,0
Final Decision,21,3724,specific,6,retained,True,16.313460466293854,16.61427832728366,59.866154824549575,75,474.0,0,0,1
Final Decision,21,3733,whole,5,retained,True,18.804640971131562,21.336334864508032,42.77333882237572,250,429.0,0,0,0
Final Decision,21,3757,several,5,retained,True,26.79556934690312,29.706202504924384,51.677366885694234,126,331.0,0,0,0
Final Decision,21,3778,members,1,frequency_below_5,False,8.090306980517196,7.813857327729202,25.953618169178355,226,591.5,0,0,0
Final Decision,21,3782,points,81,retained,True,10.678227541540727,11.245795350043451,36.55292200009751,233,554.0,0,0,0
Final Decision,21,3811,individual,1,frequency_below_5,False,18.132634743168126,17.730348387409613,44.51358289395284,144,453.0,0,0,0
Final Decision,21,3815,went,34,retained,True,37.479537674989004,42.45478002922981,69.12447009443197,82,204.0,0,0,7
Final Decision,21,3831,become,1,frequency_below_5,False,19.88288296297455,20.48206282576988,46.86307384846269,191,426.5,0,0,0
Final Decision,21,3868,blue,4,frequency_below_5,False,9.832039929644187,10.937142648429369,33.532868529525096,314,556.0,0,0,0
Final Decision,21,3890,simple,1,frequency_below_5,False,25.747274892844363,26.690657983887576,48.53752758467244,161,353.5,0,0,0
Final Decision,21,3895,took,2,frequency_below_5,False,32.691519173468855,37.05573725087753,57.92047650980264,116,256.0,0,0,0
Final Decision,21,3900,doing,5,retained,True,34.99422488635104,38.55619356617858,60.58774826603833,92,235.0,0,0,2
Final Decision,21,3906,either,3,frequency_below_5,False,34.427037885490066,37.77646612719232,62.16744446609334,81,253.0,0,0,7
Final Decision,21,3907,words,1,frequency_below_5,False,20.97939274628265,21.097341251751395,38.74441377654546,194,422.5,0,0,0
Final Decision,21,3909,used,1,frequency_below_5,False,-6.489046443944401,-6.886834629546279,11.0160104909539,312,772.0,0,0,0
Final Decision,21,3933,half,6,retained,True,21.322403933158004,25.181410237781833,49.61385633304303,210,385.0,0,0,0
Final Decision,21,3936,future,1,frequency_below_5,False,10.793493707312448,10.242651673025984,28.852312479742395,221,557.5,0,0,0
Final Decision,21,3974,rate,1,frequency_below_5,False,10.811609549119305,11.673333062697719,41.28931353305601,132,545.0,0,0,0
Final Decision,21,4024,further,1,frequency_below_5,False,21.003252425626066,21.19999184407044,47.069387939571314,147,422.0,0,0,0
Final Decision,21,4035,values,1,frequency_below_5,False,5.338955644533795,6.096505931524899,28.776499617439903,240,624.0,0,0,0
Final Decision,21,4061,early,1,frequency_below_5,False,40.49656873844636,42.730869796700496,64.92156627251505,76,200.0,0,0,6
Final Decision,21,4065,step,2,frequency_below_5,False,8.837749046097233,10.67058955366816,27.318269146816732,306,581.5,0,0,0
Final Decision,21,4076,card,21,retained,True,-0.09269822303082656,0.08843890111810757,37.15917843304503,275,700.0,0,0,0
Final Decision,21,4084,analysis,1,frequency_below_5,False,8.699989280982486,8.61771442310836,32.840230845039045,152,580.5,0,0,0
Final Decision,21,4115,When,7,non_content,False,25.75179764988051,26.175183799510165,42.199337777760825,129,363.0,0,0,0
Final Decision,21,4191,length,1,frequency_below_5,False,-5.478170739161119,-5.746050608349268,10.454671621714809,568,757.0,0,0,0
Final Decision,21,4203,told,1,frequency_below_5,False,18.488265783918028,22.882758033180572,47.591214218893235,165,410.0,0,0,0
Final Decision,21,4209,each,1,frequency_below_5,False,-19.964932945990554,-20.47087263486003,3.9613943612019717,387,912.0,0,0,0
Final Decision,21,4213,Some,1,frequency_below_5,False,6.9543960741883435,6.865005749475431,23.916702533409566,225,616.0,0,0,0
Final Decision,21,4225,getting,13,retained,True,49.74844218243479,53.83753432617556,76.82976463190919,43,115.0,0,1,149
Final Decision,21,4232,effect,1,frequency_below_5,False,1.4921734237476447,1.9097190967074908,17.704069548347043,338,696.5,0,0,0
Final Decision,21,4234,watch,1,frequency_below_5,False,5.5848686588708,7.427958364900022,23.527524886919046,368,625.0,0,0,0
Final Decision,21,4247,actually,1,frequency_below_5,False,46.29434390207526,47.361092316343814,72.57254951694297,41,161.0,0,3,57
Final Decision,21,4267,just,4,frequency_below_5,False,11.217590610818798,11.654490093816268,31.94268948383268,307,543.0,0,0,0
Final Decision,21,4268,idea,1,frequency_below_5,False,14.483027667542189,15.166221425567702,41.78161895584287,79,513.5,0,0,1
Final Decision,21,4270,whether,1,frequency_below_5,False,16.023812366500312,16.197154159913666,40.44275373781682,219,479.0,0,0,0
Final Decision,21,4286,cy,1,frequency_below_5,False,-40.95325417207941,-39.40759084618797,-25.090441110095433,938,1028.0,0,0,0
Final Decision,21,4287,favor,1,frequency_below_5,False,-16.973548620613087,-16.248280359348197,1.2472463891933832,701,870.0,0,0,0
Final Decision,21,4297,draw,1,frequency_below_5,False,2.1869537353209125,2.145381358472739,19.592269330212616,429,668.0,0,0,0
Final Decision,21,4307,wait,5,retained,True,15.059991919190301,16.089328152442164,32.55751988213318,309,490.0,0,0,0
Final Decision,21,4308,number,1,frequency_below_5,False,-9.347447542473276,-10.326589257599444,13.778206457940902,397,805.5,0,0,0
Final Decision,21,4318,moment,1,frequency_below_5,False,15.607262643591122,15.413107144302458,36.182400997957856,265,480.0,0,0,0
Final Decision,21,4337,section,2,frequency_below_5,False,10.580172890835714,12.5270749189728,26.486044143772332,370,554.5,0,0,0
Final Decision,21,4381,cases,1,frequency_below_5,False,-2.6398327408604927,-2.4480707513126703,7.686957001151666,469,743.5,0,0,0
Final Decision,21,4391,matter,1,frequency_below_5,False,14.72170588480661,12.125150651253165,44.006303270233126,130,565.0,0,0,0
Final Decision,21,4433,green,4,frequency_below_5,False,7.733030841189408,9.323018796141426,34.68599867703728,300,595.0,0,0,0
Final Decision,21,4445,soon,7,retained,True,10.187932490934235,11.949974398573053,37.368927036022875,289,551.5,0,0,0
Final Decision,21,4461,almost,1,frequency_below_5,False,35.32697240949335,39.68595325667665,59.599342366772696,85,228.5,0,0,2
Final Decision,21,4485,probably,2,frequency_below_5,False,33.21362837817652,33.58559295275044,57.68464944083159,98,264.0,0,0,1
Final Decision,21,4500,normal,1,frequency_below_5,False,26.012681906195496,27.715146814253465,53.48572421239654,193,343.0,0,0,0
Final Decision,21,4509,previous,1,frequency_below_5,False,22.641384094935376,23.01742674532582,42.22220443095648,162,387.0,0,0,0
Final Decision,21,4530,decision,2,frequency_below_5,False,-0.30506900166200457,-0.7370741418070457,33.641193018747224,289,700.5,0,0,0
Final Decision,21,4553,everything,1,frequency_below_5,False,32.25844728297625,37.34026377373279,63.61716426910114,101,249.0,0,0,0
Final Decision,21,4557,cause,1,frequency_below_5,False,20.097881092158847,20.21993657944686,33.1298127195273,267,421.0,0,0,0
Final Decision,21,4559,changes,2,frequency_below_5,False,22.348787645123103,22.205138972378958,75.40409223545369,17,401.5,0,1,1
Final Decision,21,4560,However,1,frequency_below_5,False,-6.860958479015225,-6.823989169523934,15.023265421107062,400,788.0,0,0,0
Final Decision,21,4561,options,1,frequency_below_5,False,16.61338708786277,17.435536908001012,42.69594108437044,203,475.5,0,0,0
Final Decision,21,4581,lower,1,frequency_below_5,False,20.16836708614346,21.98019685490909,39.630450076203104,249,416.5,0,0,0
Final Decision,21,4600,held,1,frequency_below_5,False,14.110637586873892,17.19599946830676,42.9901966800286,227,486.0,0,0,0
Final Decision,21,4604,started,29,retained,True,36.06150802433252,40.9948188463936,65.33450931014157,87,213.5,0,0,3
Final Decision,21,4630,someone,16,retained,True,35.450133372970065,38.73112584450195,68.22707821494008,74,236.0,0,0,4
Final Decision,21,4644,rather,1,frequency_below_5,False,29.255573229588123,32.07800294113149,53.89914157065849,137,307.5,0,0,0
Final Decision,21,4646,provided,2,frequency_below_5,False,17.955867170273052,18.067083368154684,35.05434887324307,202,443.0,0,0,0
Final Decision,21,4660,After,3,frequency_below_5,False,20.092076130793266,19.813332112440232,33.438612557936345,240,419.0,0,0,0
Final Decision,21,4665,performance,3,frequency_below_5,False,9.949345560981103,11.208161623672819,35.72481438859693,248,560.5,0,0,0
Final Decision,21,4692,stay,13,retained,True,27.86250849917303,29.946381743973483,57.97109669198875,76,327.5,0,0,1
Final Decision,21,4703,comments,1,frequency_below_5,False,1.7810172231971968,1.445367317810398,22.76299967168759,369,696.0,0,0,0
Final Decision,21,4740,increase,1,frequency_below_5,False,15.806934121168657,15.994314123405358,36.38380432838349,152,488.0,0,0,0
Final Decision,21,4747,you,1,frequency_below_5,False,20.954862682405633,21.05383482944573,41.21078555712917,215,413.5,0,0,0
Final Decision,21,4756,quite,1,frequency_below_5,False,29.596445852734615,31.80581116443811,64.54950035336508,71,308.0,0,0,1
Final Decision,21,4779,See,1,frequency_below_5,False,7.113604367537937,7.105249973479083,19.293717352950164,319,632.5,0,0,0
Final Decision,21,4783,loss,2,frequency_below_5,False,10.941834659259353,10.847911127064341,27.686389189380126,278,550.5,0,0,0
Final Decision,21,4786,pretty,14,retained,True,31.843479252544665,36.16796550577715,65.37181783179716,98,261.0,0,0,1
Final Decision,21,4788,pick,8,retained,True,20.685713984506634,24.204213547958698,47.608617172717985,243,392.0,0,0,0
Final Decision,21,4805,entire,3,frequency_below_5,False,17.07012147125824,18.549916620111226,44.69577767260518,207,462.0,0,0,0
Final Decision,21,4818,saw,12,retained,True,23.78235514193712,25.892769204757002,49.05253560386003,140,372.5,0,0,0
Final Decision,21,4845,From,1,frequency_below_5,False,16.52243062713485,16.197016473373452,31.823259582160397,215,483.0,0,0,0
Final Decision,21,4859,See,1,frequency_below_5,False,5.284223606278532,4.982588735267589,17.768984888349706,358,659.0,0,0,0
Final Decision,21,4871,higher,2,frequency_below_5,False,30.513672170067757,32.33604144704573,54.27550078610765,121,297.0,0,0,0
Final Decision,21,4880,needed,4,frequency_below_5,False,27.53288383035278,29.870471455185925,53.32337034323346,137,323.5,0,0,0
Final Decision,21,4887,hit,7,retained,True,18.007106786890102,23.243858755108818,49.16148910254459,175,404.5,0,0,0
Final Decision,21,4906,third,1,frequency_below_5,False,15.208280059387025,16.191529874280402,32.71716212859566,286,477.0,0,0,0
Final Decision,21,4915,happy,1,frequency_below_5,False,21.058073085289497,22.15033763578105,45.03679064832529,169,399.0,0,0,0
Final Decision,21,4930,seems,1,frequency_below_5,False,23.88259006540055,24.80441936290243,53.14798673261912,116,375.0,0,0,0
Final Decision,21,4942,parts,1,frequency_below_5,False,16.0542058798793,18.18228296265646,33.82631336320385,275,469.0,0,0,0
Final Decision,21,4956,received,4,frequency_below_5,False,13.035337854371717,14.415087788352311,32.78211012200124,307,520.0,0,0,0
Final Decision,21,4984,option,4,frequency_below_5,False,17.50586101702584,18.666195362832408,45.101739895784924,191,463.0,0,0,0
Final Decision,21,4998,taking,2,frequency_below_5,False,28.691473142893425,31.65887523373253,46.82095418587624,168,308.0,0,0,0
Final Decision,21,5023,like,1,frequency_below_5,False,24.68446050966425,24.79903222027442,41.24602179930705,171,368.0,0,0,0
Final Decision,21,5040,Then,11,retained,True,-7.19702175548636,-6.8657182740913525,13.066887638735441,469,772.0,0,0,0
Final Decision,21,5041,Note,2,frequency_below_5,False,-3.740046385469664,-4.865165202714786,16.592006716400075,300,769.5,0,0,0
Final Decision,21,5043,expected,1,frequency_below_5,False,10.729659218118387,11.808759237251348,27.564646504733247,318,556.0,0,0,0
Final Decision,21,5065,switch,3,frequency_below_5,False,-19.892348075299036,-19.545244091220457,8.739943391128737,592,897.5,0,0,0
Final Decision,21,5074,hot,1,frequency_below_5,False,-8.638298137784776,-8.803269076325385,6.1798792545368135,561,800.0,0,0,0
Final Decision,21,5094,round,16,retained,True,12.551432417241918,15.78381040930995,37.32358498629586,264,518.0,0,0,0
Final Decision,21,5112,correct,5,retained,True,21.831653969300437,23.610743034576508,49.33262966038516,164,395.0,0,0,0
Final Decision,21,5123,worth,1,frequency_below_5,False,13.823392805462143,13.493972733370253,52.03861161568097,121,511.0,0,0,0
Final Decision,21,5135,vs,2,frequency_below_5,False,8.36494119412967,8.856660189538616,29.601988900713287,265,585.0,0,0,0
Final Decision,21,5163,coming,1,frequency_below_5,False,23.69539190913675,26.098684273082846,43.28700754790455,227,364.0,0,0,0
Final Decision,21,5178,games,2,frequency_below_5,False,4.93276741180351,6.791688389348421,36.33324032418287,267,633.0,0,0,0
Final Decision,21,5184,well,1,frequency_below_5,False,3.4415027946808854,3.2054828679383487,42.58146930498722,159,674.5,0,0,0
Final Decision,21,5199,especially,2,frequency_below_5,False,21.609128592324424,24.312149628581004,50.30357340895721,131,388.5,0,0,0
Final Decision,21,5206,wrong,5,retained,True,20.729368358307603,21.80194489592477,49.95440794370696,152,415.5,0,0,0
Final Decision,21,5229,sense,1,frequency_below_5,False,9.762744748990087,9.668623224517887,30.75609966358867,293,580.5,0,0,0
Final Decision,21,5250,usually,8,retained,True,32.48064423611144,34.44015964678821,56.90599172844701,100,284.0,0,0,1
Final Decision,21,5278,wa,1,frequency_below_5,False,-23.216281967462887,-22.252285521288364,-5.884102907637694,816,916.5,0,0,0
Final Decision,21,5316,average,1,frequency_below_5,False,18.750243572637725,20.252908130903364,38.854508911195836,223,425.0,0,0,0
Final Decision,21,5326,trying,12,retained,True,36.26656882171121,40.64602759468054,60.63068055549609,96,220.0,0,0,2
Final Decision,21,5331,Let,1,frequency_below_5,False,4.6085193356361165,4.364469084132216,22.350252660541354,328,661.5,0,0,0
Final Decision,21,5342,hot,5,retained,True,13.974636405786946,15.000667841373723,38.92021259630253,201,497.5,0,0,0
Final Decision,21,5349,NO,5,non_content,False,-11.084505999717933,-13.990883188330077,21.715400508329314,201,853.5,0,0,0
Final Decision,21,5374,continue,5,retained,True,20.557830925394107,21.135304629700215,44.956278638259874,106,417.0,0,0,0
Final Decision,21,5398,player,13,retained,True,-9.636379951644633,-10.057201965459246,20.966871741440617,451,793.0,0,0,0
Final Decision,21,5434,remember,3,frequency_below_5,False,20.811027585764652,22.090468911231177,49.08686157639456,172,415.0,0,0,0
Final Decision,21,5440,None,1,frequency_below_5,False,-12.721882101061402,-15.485789016932578,27.22618345291439,190,869.0,0,0,0
Final Decision,21,5466,wanted,3,frequency_below_5,False,29.05432698247751,31.304971965532573,51.15573463028413,134,310.5,0,0,0
Final Decision,21,5476,likely,9,retained,True,10.40820418352037,10.837675522163886,43.87976687331876,168,570.0,0,0,0
Final Decision,21,5489,occur,1,frequency_below_5,False,-3.3576778809508054,-3.2782580445016567,19.954789805993816,389,736.0,0,0,0
Final Decision,21,5499,click,6,retained,True,4.220562910529517,6.5817961153300715,31.6708306124894,274,640.0,0,0,0
Final Decision,21,5501,lost,5,retained,True,25.167421577486753,28.88348990958891,50.342049191121774,159,338.0,0,0,0
Final Decision,21,5514,After,1,frequency_below_5,False,22.620639943931703,22.352508894078877,36.5161390930811,195,388.5,0,0,0
Final Decision,21,5525,till,6,retained,True,8.366932515717183,11.32783616666159,33.46968181951919,320,574.0,0,0,0
Final Decision,21,5543,longer,6,retained,True,21.917707249682973,21.85014456751513,38.47472413306199,145,425.0,0,0,0
Final Decision,21,5563,First,1,frequency_below_5,False,13.612959836947605,13.805759872044275,29.249479653297445,253,513.5,0,0,0
Final Decision,21,5566,instance,1,frequency_below_5,False,-1.1876683538782917,-1.3080959391173705,12.886429686162364,407,714.5,0,0,0
Final Decision,21,5567,knowledge,1,frequency_below_5,False,2.437175721797542,2.4099570334027938,33.814832231771305,205,674.5,0,0,0
Final Decision,21,5591,couple,5,retained,True,13.63697092205027,17.14079319129536,35.58734450583583,274,495.0,0,0,0
Final Decision,21,5616,isn,1,frequency_below_5,False,26.664682023881145,27.36533143118779,42.36104248821451,112,348.0,0,0,0
Final Decision,21,5645,gave,51,retained,True,29.832690844957153,32.85316357897888,62.70486528524455,81,298.5,0,0,1
Final Decision,21,5688,approach,1,frequency_below_5,False,13.787139081466984,14.5219945847801,38.292984560461335,142,515.5,0,0,0
Final Decision,21,5748,regular,1,frequency_below_5,False,22.78944773176466,23.858531264112074,41.42381661448472,250,372.0,0,0,0
Final Decision,21,5774,figure,12,retained,True,0.004879575536922853,1.1737234754803805,19.825151012293524,441,688.0,0,0,0
Final Decision,21,5787,click,2,frequency_below_5,False,-16.711720560507874,-17.20359200272047,5.1896409048843095,592,866.0,0,0,0
Final Decision,21,5798,shirt,1,frequency_below_5,False,-29.410962522959814,-29.25278147986615,-15.302815553008436,877,963.0,0,0,0
Final Decision,21,5852,therefore,1,frequency_below_5,False,-6.400898338512964,-5.361257562575615,17.43354050561368,427,772.5,0,0,0
Final Decision,21,5910,cked,1,frequency_below_5,False,-27.580287367296172,-27.175322017377695,-15.47425386414766,863,950.0,0,0,0
Final Decision,21,5913,student,6,retained,True,-0.0889462256168306,-0.4185006788847181,28.929526133997157,340,702.5,0,0,0
Final Decision,21,5918,instead,1,frequency_below_5,False,22.016666129899786,23.502760473396567,44.86573016108688,170,401.5,0,0,0
Final Decision,21,5967,fail,4,frequency_below_5,False,-4.130481797135956,-3.2212998895012346,16.206491665552242,520,742.0,0,0,0
Final Decision,21,5968,numbers,3,frequency_below_5,False,4.0893652319644955,5.06382386219239,26.880383244852375,245,637.0,0,0,0
Final Decision,21,5972,Just,8,non_content,False,14.06089123573496,14.069216979163084,32.105436653950925,210,507.5,0,0,0
Final Decision,21,5981,became,10,retained,True,18.67257221195604,20.853039209585102,48.69786194289727,202,432.0,0,0,0
Final Decision,21,5985,safe,1,frequency_below_5,False,16.826895881264694,17.862390507000683,38.67873073880386,258,456.0,0,0,0
Final Decision,21,5988,difficult,3,frequency_below_5,False,18.221692385579214,20.190773323541798,39.14968900549448,242,437.0,0,0,0
Final Decision,21,6055,gain,1,frequency_below_5,False,0.6705011786413743,1.6389904232183148,29.158859200581617,407,683.5,0,0,0
Final Decision,21,6086,button,1,frequency_below_5,False,-8.16691549913458,-5.6753273865107285,20.68330680004607,427,778.0,0,0,0
Final Decision,21,6143,altern,2,frequency_below_5,False,-66.85703790611409,-66.2962519081733,-46.56623036758267,1071,1111.0,0,0,0
Final Decision,21,6156,gives,4,frequency_below_5,False,18.297067167195824,19.896157623645024,43.91202433712787,194,447.5,0,0,0
Final Decision,21,6162,ones,6,retained,True,25.823841235256943,26.55826220041066,56.873513051965716,132,346.5,0,0,0
Final Decision,21,6173,luck,2,frequency_below_5,False,-6.309236295540756,-3.3001164310970825,16.60221898260194,405,748.0,0,0,0
Final Decision,21,6179,Well,1,frequency_below_5,False,0.6017139138775223,0.6040642600872872,36.41484771626605,205,705.0,0,0,0
Final Decision,21,6220,felt,7,retained,True,12.396589588779227,17.191161628664496,39.95513158028125,274,492.0,0,0,0
Final Decision,21,6222,positive,20,retained,True,14.079136962497016,14.451829534472296,43.08204802443552,207,497.0,0,0,0
Final Decision,21,6241,choice,19,retained,True,13.541964189722632,13.389590482795816,44.7759948619791,156,511.5,0,0,0
Final Decision,21,6253,random,11,retained,True,16.930234262184634,18.883280189905328,66.46194065534553,104,459.0,0,0,0
Final Decision,21,6281,looked,11,retained,True,17.681089184074963,22.426611525781993,46.245234704159834,217,423.0,0,0,0
Final Decision,21,6287,Yes,37,retained,True,5.902773015239057,3.392656280864321,31.19447532397686,157,671.5,0,0,0
Final Decision,21,6343,began,3,frequency_below_5,False,15.60364681004117,16.773406870352908,37.75976005117495,266,489.5,0,0,0
Final Decision,21,6372,Just,3,frequency_below_5,False,12.24851405763302,12.621625522386378,34.85613268134978,234,536.5,0,0,0
Final Decision,21,6390,NO,4,frequency_below_5,False,1.3844901599232127,-1.1915661457858004,34.6715640461988,113,728.0,0,0,0
Final Decision,21,6410,selected,3,frequency_below_5,False,13.861220813480884,15.178330034789308,42.75889079215519,180,501.5,0,0,0
Final Decision,21,6423,tried,107,retained,True,34.28148404062154,38.71929421362866,60.988552034985354,103,237.5,0,0,0
Final Decision,21,6443,Change,1,frequency_below_5,False,-16.922163145220505,-17.473622849511035,36.99776662426642,150,888.0,0,0,0
Final Decision,21,6475,choose,8,retained,True,18.987482202966397,20.769464717856764,53.02916487925382,156,436.5,0,0,0
Final Decision,21,6547,described,1,frequency_below_5,False,4.441687784119093,5.2138695308191965,21.13259255969596,349,648.0,0,0,0
Final Decision,21,6561,greater,1,frequency_below_5,False,13.312718175282269,12.827251111482713,43.22593664742241,192,545.5,0,0,0
Final Decision,21,6574,simply,5,retained,True,37.79724393570876,41.18774836719848,67.83605535540613,63,211.0,0,0,14
Final Decision,21,6608,knew,4,frequency_below_5,False,7.786895079490292,9.100269481703265,34.66351964829502,259,599.5,0,0,0
Final Decision,21,6616,select,4,frequency_below_5,False,9.849569477842099,10.815446290156462,38.618522238400935,215,570.0,0,0,0
Final Decision,21,6640,players,3,frequency_below_5,False,-8.176687232260807,-8.012768999824257,20.552600540546454,456,788.0,0,0,0
Final Decision,21,6643,towards,1,frequency_below_5,False,21.3110566520417,23.10046452687089,41.42654543815368,180,397.0,0,0,0
Final Decision,21,6644,pin,1,frequency_below_5,False,-16.000323972009284,-15.602261786246483,2.3833391744017827,681,859.0,0,0,0
Final Decision,21,6645,easily,1,frequency_below_5,False,23.85517848827777,26.657043819196538,46.45883878609174,230,360.0,0,0,0
Final Decision,21,6664,involved,1,frequency_below_5,False,8.744643281072316,9.368836850686643,24.825331367333664,365,580.5,0,0,0
Final Decision,21,6733,multiple,7,retained,True,21.95661471994874,24.27573270816177,44.26889116411582,194,383.5,0,0,0
Final Decision,21,6787,turned,9,retained,True,29.071516395344098,33.41291661094195,54.68934718058375,161,294.5,0,0,0
Final Decision,21,6793,Also,1,frequency_below_5,False,-12.235735825522772,-12.619801883453992,6.7777625722230255,434,845.5,0,0,0
Final Decision,21,6800,worked,6,retained,True,18.971230036966556,22.28187939127845,52.87698487545849,153,417.0,0,0,0
Final Decision,21,6836,myself,4,frequency_below_5,False,0.7188783554460232,8.571771508842778,30.9903112435702,316,620.0,0,0,0
Final Decision,21,6858,avoid,2,frequency_below_5,False,2.752479581810269,4.717005249042184,22.833740714878296,453,657.0,0,0,0
Final Decision,21,6883,pattern,35,retained,True,-2.4378623853788035,-2.564847074846181,42.365745471103494,121,722.0,0,0,0
Final Decision,21,6900,throughout,15,retained,True,8.086616246820897,9.857922612001872,38.64273759677698,251,586.0,0,0,0
Final Decision,21,6911,task,2,frequency_below_5,False,-12.930185300202234,-12.818344419641829,7.189756378954334,633,826.5,0,0,0
Final Decision,21,6929,limited,1,frequency_below_5,False,8.505137633963562,10.328517820153536,25.026880378615157,350,581.0,0,0,0
Final Decision,21,6947,sometimes,4,frequency_below_5,False,43.98992347694357,45.814038741247174,74.90046871555073,38,168.0,0,2,70
Final Decision,21,6990,developed,1,frequency_below_5,False,8.338444706397095,10.574441381872205,28.26287404452702,291,582.0,0,0,0
Final Decision,21,6991,played,2,frequency_below_5,False,11.089376226162734,13.737352059280902,48.88057441609707,164,541.0,0,0,0
Final Decision,21,7017,effective,1,frequency_below_5,False,6.523218555867576,6.397459590201561,32.12254803760139,308,614.0,0,0,0
Final Decision,21,7029,track,3,frequency_below_5,False,4.5010187799649195,7.980115520052156,23.928892997293026,391,621.0,0,0,0
Final Decision,21,7034,obtained,1,frequency_below_5,False,0.39259483474204465,0.05706405170001505,15.548166073335285,264,696.5,0,0,0
Final Decision,21,7039,spot,1,frequency_below_5,False,9.122985273652914,10.953965517595186,25.70607941270716,396,571.0,0,0,0
Final Decision,21,7052,changed,33,retained,True,22.194519578426156,24.222843501966672,58.851730710093456,40,390.0,0,1,1
Final Decision,21,7059,associated,1,frequency_below_5,False,11.525292579215883,11.226768521464308,24.92388277443538,284,547.5,0,0,0
Final Decision,21,7068,chance,9,retained,True,9.60970414542974,10.366524982305865,55.26411848296537,94,570.0,0,0,1
Final Decision,21,7100,look,1,frequency_below_5,False,-7.588989119012145,-8.349625602555978,11.908192064922343,396,800.0,0,0,0
Final Decision,21,7166,thinking,2,frequency_below_5,False,21.872248353788997,25.01259545325398,45.34534156439666,170,382.0,0,0,0
Final Decision,21,7185,middle,7,retained,True,17.853314793902207,18.1397443981732,36.835553641796764,222,454.0,0,0,0
Final Decision,21,7290,quickly,3,frequency_below_5,False,30.671189697711746,36.790185154738,61.38682462467663,82,264.0,0,0,4
Final Decision,21,7323,tend,2,frequency_below_5,False,7.331662427915411,10.916410403172288,33.7504072210911,354,572.5,0,0,0
Final Decision,21,7332,wasn,10,retained,True,21.44337551664929,23.377631785752293,47.964853430158556,156,401.0,0,0,0
Final Decision,21,7340,projects,2,frequency_below_5,False,-9.48620560447507,-8.195422957058048,13.86893557302898,406,799.0,0,0,0
Final Decision,21,7354,Best,1,frequency_below_5,False,2.4790208454774505,1.9671355851936498,25.350251368304605,393,684.0,0,0,0
Final Decision,21,7385,giving,27,retained,True,21.073738587764243,24.350664437913544,50.051371561765414,174,386.5,0,0,0
Final Decision,21,7409,Then,2,frequency_below_5,False,-6.951080315767965,-6.901193017423381,12.934507366439263,509,768.5,0,0,0
Final Decision,21,7464,guess,5,retained,True,14.090218311162491,15.395232360293416,44.78509424930317,149,515.0,0,0,0
Final Decision,21,7489,beginning,6,retained,True,16.944590563746793,17.105239460649507,39.708845014490976,196,466.5,0,0,0
Final Decision,21,7522,happened,3,frequency_below_5,False,-1.79016879838587,0.21063259010123428,22.79733112070249,382,712.5,0,0,0
Final Decision,21,7544,immediately,7,retained,True,24.04242844043132,26.369008622090426,48.587187058748924,138,370.0,0,0,0
Final Decision,21,7554,notice,2,frequency_below_5,False,10.583360025731404,12.612348142862677,37.7815703073874,266,550.5,0,0,0
Final Decision,21,7571,wild,1,frequency_below_5,False,-1.7271537033323772,-1.3427250200316327,11.487593058756973,532,713.0,0,0,0
Final Decision,21,7599,followed,1,frequency_below_5,False,17.359368755004844,20.337854724595452,37.71348680071962,221,446.5,0,0,0
Final Decision,21,7669,maybe,2,frequency_below_5,False,36.8406869125732,38.22794081163734,68.42044489751163,62,234.0,0,0,15
Final Decision,21,7679,patient,1,frequency_below_5,False,-2.364098845863915,-1.6147477673319295,18.143563076787885,510,725.5,0,0,0
Final Decision,21,7694,except,2,frequency_below_5,False,15.820632993039185,15.399269539503575,49.730501833138796,134,487.5,0,0,0
Final Decision,21,7697,decided,2,frequency_below_5,False,24.212532330211175,28.120952501276133,47.177994684173825,179,347.0,0,0,0
Final Decision,21,7705,guy,2,frequency_below_5,False,9.195386963085978,11.757567656164522,35.706398682082195,294,567.0,0,0,0
Final Decision,21,7716,score,20,retained,True,5.323589530555415,5.323970605294476,30.739772379591585,324,623.0,0,0,0
Final Decision,21,7739,balance,1,frequency_below_5,False,-2.765168486770526,0.37464582079018394,21.426113567616728,484,716.5,0,0,0
Final Decision,21,7769,which,1,frequency_below_5,False,7.88238043157585,7.881301234224884,23.449864273333045,241,595.0,0,0,0
Final Decision,21,7778,yes,20,retained,True,26.097422457162455,26.003721956472756,50.858525889163,129,364.5,0,0,0
Final Decision,21,7781,beyond,1,frequency_below_5,False,20.888550468369832,21.9656647720356,40.53662654038786,190,411.0,0,0,0
Final Decision,21,7783,generally,4,frequency_below_5,False,18.974248643415308,20.28335649341052,48.0227817649574,99,436.5,0,0,1
Final Decision,21,7786,sweet,1,frequency_below_5,False,4.705706840054265,6.355212492902903,20.753105141866175,480,629.0,0,0,0
Final Decision,21,7822,continued,9,retained,True,13.882350041359013,12.91316947626407,34.89910697166455,184,497.0,0,0,0
Final Decision,21,7856,trial,1,frequency_below_5,False,7.099769174045428,8.466634973370613,24.66998109307153,377,601.5,0,0,0
Final Decision,21,7910,earlier,1,frequency_below_5,False,24.677856254513255,26.869185921795086,45.32586135334517,142,361.5,0,0,0
Final Decision,21,7929,entry,1,frequency_below_5,False,-2.112262742576396,-2.557624264991252,13.965884019509655,391,734.0,0,0,0
Final Decision,21,7930,trust,4,frequency_below_5,False,-1.2318003707957375,-1.3175626361933168,24.136314550355152,384,711.0,0,0,0
Final Decision,21,8001,kept,45,retained,True,26.629056204916154,28.81873404893586,49.785928711737895,188,334.0,0,0,0
Final Decision,21,8031,none,5,retained,True,14.733678888561906,14.693701790677682,38.68164975591166,112,519.0,0,0,0
Final Decision,21,8091,particularly,4,frequency_below_5,False,7.788790535749426,9.068259926045192,38.20598691888621,236,597.0,0,0,0
Final Decision,21,8096,moving,5,retained,True,17.13018560252219,18.027545120187856,48.33224180278218,196,457.0,0,0,0
Final Decision,21,8105,aware,2,frequency_below_5,False,2.947812072067065,3.342238907857107,22.960504768379824,346,660.5,0,0,0
Final Decision,21,8199,zero,1,frequency_below_5,False,12.943130720432661,14.005203345146697,38.87311525025796,270,522.0,0,0,0
Final Decision,21,8266,switch,51,retained,True,12.13413832963825,15.062586765760992,48.808596577473445,130,523.5,0,0,0
Final Decision,21,8280,dont,1,frequency_below_5,False,5.844616571678286,5.833398072891656,49.38685502134178,179,629.0,0,0,0
Final Decision,21,8322,negative,63,retained,True,9.970497880660039,10.001991206004817,40.83364089098143,241,582.0,0,0,0
Final Decision,21,8363,determine,3,frequency_below_5,False,7.639675583370645,7.58401552997493,26.091428529931104,307,592.5,0,0,0
Final Decision,21,8382,perhaps,2,frequency_below_5,False,24.15911627349327,23.227468490741884,53.116912147260564,72,362.0,0,0,1
Final Decision,21,8385,successful,12,retained,True,6.484795139286067,6.844758168080749,31.70306002068243,338,619.0,0,0,0
Final Decision,21,8409,behavior,3,frequency_below_5,False,-11.76618370741158,-10.020730548483096,19.276218801536523,394,823.0,0,0,0
Final Decision,21,8481,otherwise,3,frequency_below_5,False,14.56587923986024,13.739542276994822,37.143474369864705,287,485.5,0,0,0
Final Decision,21,8492,selection,6,retained,True,-5.0233061077742995,-4.662602656240708,20.32839296841401,368,745.0,0,0,0
Final Decision,21,8493,trend,1,frequency_below_5,False,-39.669333840121226,-37.24414188532651,-16.20596027415274,865,1020.5,0,0,0
Final Decision,21,8509,moved,24,retained,True,7.899062285157201,11.518527590594326,37.75373720981991,273,573.5,0,0,0
Final Decision,21,8520,failed,14,retained,True,2.19857998524515,4.372715592976566,26.590599536683825,369,665.0,0,0,0
Final Decision,21,8588,showed,3,frequency_below_5,False,17.399102993870212,19.324106213824937,35.291257946745745,277,447.5,0,0,0
Final Decision,21,8603,testing,1,frequency_below_5,False,-2.777107474481127,-0.6320254433815948,23.946998518216315,457,723.0,0,0,0
Final Decision,21,8672,made,1,frequency_below_5,False,-4.791462627862289,-4.65332687190679,10.307074566761587,486,753.5,0,0,0
Final Decision,21,8691,overall,1,frequency_below_5,False,25.67791842609043,26.920825410357207,49.96369965124114,110,348.0,0,0,0
Final Decision,21,8697,attempt,1,frequency_below_5,False,2.903405303585759,2.979271454855521,25.68479134546979,403,658.0,0,0,0
Final Decision,21,8786,Only,9,retained,True,3.975365725337951,3.2175144799373614,25.378130783423256,294,662.0,0,0,0
Final Decision,21,8787,partners,20,retained,True,-5.135425332602911,-5.848708888108025,23.843900125432747,371,758.5,0,0,0
Final Decision,21,8792,variable,1,frequency_below_5,False,-10.1594096901761,-10.120048447146615,6.759244139057074,550,803.0,0,0,0
Final Decision,21,8830,caused,3,frequency_below_5,False,2.957430741454061,5.339588702689113,21.039009420058157,423,652.0,0,0,0
Final Decision,21,8841,unless,5,retained,True,15.281576326325325,15.27267306424926,46.587841336517805,142,481.0,0,0,0
Final Decision,21,8876,ran,2,frequency_below_5,False,10.312361652520066,11.809589007750157,26.58396933001741,364,545.0,0,0,0
Final Decision,21,8906,toward,2,frequency_below_5,False,11.688393351394735,12.91550823321169,32.595466177098515,269,536.0,0,0,0
Final Decision,21,8908,cards,16,retained,True,-13.823567941280949,-13.35578339873647,25.094786855991064,395,849.5,0,0,0
Final Decision,21,8951,reached,1,frequency_below_5,False,-1.5140316693912694,0.8882751960879709,22.776109244151307,410,708.0,0,0,0
Final Decision,21,8961,couldn,2,frequency_below_5,False,9.108749967233177,12.160325173497062,34.37117808292007,335,560.5,0,0,0
Final Decision,21,9032,sets,1,frequency_below_5,False,0.8178184775641988,2.3164707270089915,15.789204761647358,486,686.0,0,0,0
Final Decision,21,9041,some,1,frequency_below_5,False,-9.309859604172138,-9.40720338501384,10.534700548481712,389,799.5,0,0,0
Final Decision,21,9065,benefit,2,frequency_below_5,False,5.887000685391768,6.5383645711501135,39.855387048839944,263,615.0,0,0,0
Final Decision,21,9083,Find,1,frequency_below_5,False,0.24433127745945235,-0.4371859797721004,19.016707575526404,393,694.0,0,0,0
Final Decision,21,9096,aim,1,frequency_below_5,False,10.601331298499224,11.566353702833247,34.812941974633766,227,543.0,0,0,0
Final Decision,21,9102,proof,1,frequency_below_5,False,-18.45359020188484,-18.08823412097093,-2.009876471533561,699,878.0,0,0,0
Final Decision,21,9108,persons,1,frequency_below_5,False,-20.0181665232438,-19.94859203739551,-3.1152758468353223,655,903.0,0,0,0
Final Decision,21,9151,providing,2,frequency_below_5,False,7.695134090545017,7.599919862675937,27.107063803433583,266,591.0,0,0,0
Final Decision,21,9168,remains,1,frequency_below_5,False,7.426755299019278,7.149498080379573,21.955375072499223,327,603.0,0,0,0
Final Decision,21,9174,wouldn,3,frequency_below_5,False,17.424302416442544,18.94937524118462,49.67505394154239,141,458.0,0,0,0
Final Decision,21,9175,rapid,1,frequency_below_5,False,5.63729371009197,7.987819301703543,24.234213790791493,414,620.0,0,0,0
Final Decision,21,9223,appeared,1,frequency_below_5,False,-6.869703360749341,-6.0371854820586375,15.764237788291645,556,772.0,0,0,0
Final Decision,21,9238,seemed,41,retained,True,12.086486123955853,14.662918631302725,49.26737939813379,213,515.0,0,0,0
Final Decision,21,9276,colors,3,frequency_below_5,False,-21.369650243277977,-20.717283193525,9.466314074509322,637,912.0,0,0,0
Final Decision,21,9277,bad,1,frequency_below_5,False,-15.894953429758095,-16.359764472792424,2.556616553810215,608,854.0,0,0,0
Final Decision,21,9288,stick,28,retained,True,-2.6481831061306225,-1.1343107524131901,14.920164415722486,531,726.0,0,0,0
Final Decision,21,9295,random,1,frequency_below_5,False,-27.68431955617965,-27.790586708620857,7.182532654846814,685,952.5,0,0,0
Final Decision,21,9336,offered,1,frequency_below_5,False,17.74643176203083,20.343328650512007,37.87523946042071,270,441.0,0,0,0
Final Decision,21,9393,highest,4,frequency_below_5,False,-1.4883659345637292,-0.853025109110868,31.71343489905946,265,722.0,0,0,0
Final Decision,21,9458,yield,2,frequency_below_5,False,-22.28151913109219,-21.229292476612805,-3.2611620722297445,765,917.0,0,0,0
Final Decision,21,9537,ratio,1,frequency_below_5,False,-18.691800772508827,-17.79896329214457,-1.548791316402457,764,880.0,0,0,0
Final Decision,21,9550,whatever,1,frequency_below_5,False,14.18807675631762,17.632390484161085,38.82605584311463,275,476.0,0,0,0
Final Decision,21,9562,samples,1,frequency_below_5,False,-21.79060261784742,-21.744263361924784,-8.440161058477258,718,919.0,0,0,0
Final Decision,21,9601,seeing,3,frequency_below_5,False,19.382201716799038,22.229941136043056,39.43271020508826,232,414.5,0,0,0
Final Decision,21,9611,noted,2,frequency_below_5,False,1.1910126590548402,1.5536851439113926,18.386504002628797,407,676.0,0,0,0
Final Decision,21,9614,fal,1,frequency_below_5,False,-38.42499886405312,-38.56929079641726,-23.16337738053529,945,1016.0,0,0,0
Final Decision,21,9629,minor,1,frequency_below_5,False,-5.801879144509829,-3.553585990293286,18.266100175715373,478,752.0,0,0,0
Final Decision,21,9633,failure,1,frequency_below_5,False,-8.465067567560473,-7.910643844213956,16.31508665809575,554,789.0,0,0,0
Final Decision,21,9670,partner,89,retained,True,7.144789804117001,6.368404870534448,35.00585071637958,249,606.0,0,0,0
Final Decision,21,9691,Many,1,frequency_below_5,False,11.462639819069237,11.316652040959589,35.1256543355627,218,569.0,0,0,0
Final Decision,21,9693,Although,1,frequency_below_5,False,-2.545085850167886,-2.35992814976896,19.66211327565567,323,745.5,0,0,0
Final Decision,21,9701,category,1,frequency_below_5,False,-10.949330122192059,-9.278797295711714,6.591806660723197,576,810.0,0,0,0
Final Decision,21,9721,two,1,frequency_below_5,False,7.276402042541341,6.804789950684567,25.403468351973512,249,625.5,0,0,0
Final Decision,21,9763,listed,1,frequency_below_5,False,2.1990484024124295,5.534745720127432,21.698959717236775,473,653.0,0,0,0
Final Decision,21,9771,survey,1,frequency_below_5,False,-23.236552378734526,-23.09014211618966,-6.260619523389868,723,917.0,0,0,0
Final Decision,21,9803,strategy,88,retained,True,10.21279443270276,9.603955610308883,57.10049511176632,83,563.0,0,0,4
Final Decision,21,9902,jump,3,frequency_below_5,False,-0.8725961446339179,1.7188797505018512,17.71579837466092,478,701.0,0,0,0
Final Decision,21,9993,roll,2,frequency_below_5,False,-14.173930121092608,-13.659238295128866,1.6236289973425617,683,840.0,0,0,0
Final Decision,21,10055,helpful,10,retained,True,5.401318013777847,6.9128181686984265,40.524501867312345,259,631.5,0,0,0
Final Decision,21,10067,previously,1,frequency_below_5,False,19.591804078756773,20.1855556294566,38.885336816640184,186,430.0,0,0,0
Final Decision,21,10088,helped,1,frequency_below_5,False,7.130755871093965,9.698569015634348,33.55724825393035,305,595.0,0,0,0
Final Decision,21,10127,broken,1,frequency_below_5,False,-2.3626544537330725,-0.07515575904887145,17.64099501242222,506,721.0,0,0,0
Final Decision,21,10205,shift,1,frequency_below_5,False,2.288252947646802,4.059965914645026,30.610630059538522,206,665.0,0,0,0
Final Decision,21,10225,lose,2,frequency_below_5,False,10.988300280698326,13.821618949124751,34.629565912837585,245,542.0,0,0,0
Final Decision,21,10368,Their,1,frequency_below_5,False,-23.60712255340677,-24.597444038945362,-2.8158457598463635,568,924.5,0,0,0
Final Decision,21,10382,tow,1,frequency_below_5,False,-61.539761652170306,-61.330824165680866,-47.61277821309623,1067,1098.0,0,0,0
Final Decision,21,10474,frequency,2,frequency_below_5,False,-14.459382032813032,-12.858757442989287,8.02266504178128,614,841.0,0,0,0
Final Decision,21,10478,drawing,1,frequency_below_5,False,-8.0684985078918,-8.557450459739819,9.136196787771702,607,785.0,0,0,0
Final Decision,21,10488,finding,3,frequency_below_5,False,7.504542379223734,7.850040328669149,30.68302285407224,303,606.0,0,0,0
Final Decision,21,10523,answers,2,frequency_below_5,False,-4.108868202729699,-4.974884007756957,35.1418296226611,256,732.0,0,0,0
Final Decision,21,10528,maintain,1,frequency_below_5,False,7.692032336963392,8.339156308849367,24.415653758694646,418,593.0,0,0,0
Final Decision,21,10552,Search,1,frequency_below_5,False,-18.82323394991887,-19.170222670224852,0.039969030487135626,675,886.0,0,0,0
Final Decision,21,10588,agent,1,frequency_below_5,False,-17.977360794967304,-17.95161984470827,1.9267813184099707,711,886.0,0,0,0
Final Decision,21,10617,extent,1,frequency_below_5,False,-15.311256869621008,-15.452404318510338,-1.4013795982043027,618,871.0,0,0,0
Final Decision,21,10629,sequence,1,frequency_below_5,False,-8.349377883562347,-9.102288946628839,20.167627617865712,342,785.5,0,0,0
Final Decision,21,10652,fell,1,frequency_below_5,False,11.046562815466109,14.781851293053297,32.73772342170646,352,527.0,0,0,0
Final Decision,21,10662,gonna,1,frequency_below_5,False,-10.13945177315957,-9.190960345185454,24.261501032420156,391,810.0,0,0,0
Final Decision,21,10745,grade,1,frequency_below_5,False,-22.620155086167202,-22.978219547519238,6.134506287998164,641,920.0,0,0,0
Final Decision,21,10763,none,9,retained,True,-19.72444922261585,-21.80354341716764,20.68194163442249,246,921.0,0,0,0
Final Decision,21,10808,after,1,frequency_below_5,False,11.76578006459785,11.894158537742932,27.170221464421086,242,548.5,0,0,0
Final Decision,21,11041,watching,1,frequency_below_5,False,3.7889614447966875,8.057990904473375,22.897372361539713,427,630.5,0,0,0
Final Decision,21,11048,there,1,frequency_below_5,False,-7.284346465581274,-8.468856243619555,10.54591039894256,364,807.0,0,0,0
Final Decision,21,11117,changing,5,retained,True,14.533713493057187,16.322755991543907,57.151543216777036,48,496.5,0,1,1
Final Decision,21,11127,than,1,frequency_below_5,False,-47.53260827637844,-48.16542992728253,-29.549650878304924,927,1068.0,0,0,0
Final Decision,21,11128,forth,6,retained,True,-25.464280989791874,-23.778367690995026,-7.937896666955587,811,933.0,0,0,0
Final Decision,21,11288,drawn,1,frequency_below_5,False,-24.740476092194275,-24.859622102616306,-1.2141170009498012,757,930.0,0,0,0
Final Decision,21,11309,desk,1,frequency_below_5,False,-31.768367724534862,-30.999455783704704,-15.032174665924234,868,976.5,0,0,0
Final Decision,21,11316,ride,1,frequency_below_5,False,-14.029877679680565,-11.508913875696638,15.287834910076825,442,833.0,0,0,0
Final Decision,21,11429,discussed,1,frequency_below_5,False,-2.4146669144883495,-1.150056218467155,11.105418533759954,453,726.0,0,0,0
Final Decision,21,11441,identify,2,frequency_below_5,False,7.970383501413725,9.043700716559197,30.044542751583844,264,595.0,0,0,0
Final Decision,21,11548,remaining,3,frequency_below_5,False,8.136034631074022,8.243506699085941,34.127493417956025,281,586.5,0,0,0
Final Decision,21,11594,twice,19,retained,True,11.614428492268694,15.303996745228847,39.80129886705774,241,526.0,0,0,0
Final Decision,21,11633,vary,1,frequency_below_5,False,-5.0615794325269565,-3.984374414600624,22.080060215575422,423,750.5,0,0,0
Final Decision,21,11702,circumstances,1,frequency_below_5,False,-12.76983518918449,-12.868040384916025,10.923042718273726,567,834.0,0,0,0
Final Decision,21,11799,Once,3,frequency_below_5,False,-8.928630699280069,-8.623611619600517,10.17899960564997,520,791.0,0,0,0
Final Decision,21,11807,ended,1,frequency_below_5,False,16.84208823011535,21.658153790395964,39.53788344992281,264,428.0,0,0,0
Final Decision,21,11892,stopped,8,retained,True,13.692903800110512,16.329119894843295,38.7930540215017,297,492.0,0,0,0
Final Decision,21,11900,mostly,7,retained,True,31.260065313489033,34.29457261308943,64.39278146685659,83,278.0,0,0,1
Final Decision,21,12013,decisions,3,frequency_below_5,False,-11.563850012656005,-12.003101493083594,19.211846266332937,448,813.0,0,0,0
Final Decision,21,12070,percentage,3,frequency_below_5,False,-5.1123173195981515,-3.2583002416288265,15.873031322920298,543,752.5,0,0,0
Final Decision,21,12136,patterns,20,retained,True,-12.156028364914592,-12.901321917256181,30.034309853995037,223,830.5,0,0,0
Final Decision,21,12181,indicate,1,frequency_below_5,False,-1.9854767315759452,-1.7593112297984073,14.513851216644149,414,716.0,0,0,0
Final Decision,21,12267,once,1,frequency_below_5,False,-25.181039525438823,-25.78681006304356,-2.0941725622212743,706,936.0,0,0,0
Final Decision,21,12272,tested,3,frequency_below_5,False,-1.024261382871731,0.7632162776899791,25.327631242703134,420,702.0,0,0,0
Final Decision,21,12283,frequently,4,frequency_below_5,False,4.209189330572829,5.665957648991252,30.637779026224216,327,640.0,0,0,0
Final Decision,21,12302,worse,1,frequency_below_5,False,16.666243045823457,16.844116726817575,41.37544238846178,195,473.0,0,0,0
Final Decision,21,12345,serial,1,frequency_below_5,False,-39.56975491886157,-38.97319378841078,-27.375059925607093,898,1025.0,0,0,0
Final Decision,21,12392,confirmed,1,frequency_below_5,False,13.832835756349166,13.854037899447924,35.98318615122642,251,506.0,0,0,0
Final Decision,21,12393,helping,1,frequency_below_5,False,5.347792647976854,7.922550132233111,36.77695201132459,272,622.0,0,0,0
Final Decision,21,12414,occurred,1,frequency_below_5,False,-12.346319072431996,-11.214883856736801,7.534811540621698,611,829.0,0,0,0
Final Decision,21,12722,turns,3,frequency_below_5,False,14.164174698519204,17.073009795731956,34.83949081924278,309,492.0,0,0,0
Final Decision,21,12777,employed,1,frequency_below_5,False,-10.769260818077734,-9.895843476122787,16.208934872767117,511,811.0,0,0,0
Final Decision,21,12792,gut,1,frequency_below_5,False,-23.40605318804,-21.983014151741862,-4.823610802271615,796,922.0,0,0,0
Final Decision,21,12810,Keep,1,frequency_below_5,False,-13.262676288417286,-13.120388277392765,-0.1140424268164093,546,845.0,0,0,0
Final Decision,21,12879,significantly,1,frequency_below_5,False,-1.8559240074685979,-1.3999516157207939,23.321831583376223,354,715.0,0,0,0
Final Decision,21,13021,keep,1,frequency_below_5,False,-13.190240975714966,-13.301808646058806,0.547729294383076,545,847.0,0,0,0
Final Decision,21,13105,somewhat,1,frequency_below_5,False,11.096751134710521,14.117893579197808,40.69848406336021,208,519.5,0,0,0
Final Decision,21,13221,committed,1,frequency_below_5,False,2.496851540964494,4.36161330536212,27.999647564528253,361,662.0,0,0,0
Final Decision,21,13230,passing,1,frequency_below_5,False,-8.937211772446462,-7.281497726774761,10.43168006904743,604,791.5,0,0,0
Final Decision,21,13237,carefully,4,frequency_below_5,False,9.744376994993692,12.445943374587976,30.636776591041695,262,558.0,0,0,0
Final Decision,21,13315,repeated,3,frequency_below_5,False,0.4592309803242437,1.29413589395467,22.629869272321834,323,693.5,0,0,0
Final Decision,21,13333,tasks,2,frequency_below_5,False,-17.487349156460677,-16.98721303283631,11.459975910648886,565,881.0,0,0,0
Final Decision,21,13339,eventually,2,frequency_below_5,False,25.105562528323453,27.782304850982236,61.39908247905485,82,345.0,0,0,1
Final Decision,21,13410,stack,2,frequency_below_5,False,-26.3880041109423,-24.241187953579512,-1.523864436833111,728,939.0,0,0,0
Final Decision,21,13478,depending,1,frequency_below_5,False,10.279815715445515,12.530175836497389,51.364528096443216,125,551.5,0,0,0
Final Decision,21,13484,remained,2,frequency_below_5,False,-2.642619740873818,-1.6315051361551696,20.420722973524292,499,729.0,0,0,0
Final Decision,21,13670,chose,18,retained,True,12.132567007714268,15.054962525580455,47.27478494018105,207,521.0,0,0,0
Final Decision,21,13791,mainly,2,frequency_below_5,False,10.831487357910845,12.629614871694818,39.33894485624014,252,544.5,0,0,0
Final Decision,21,13858,directed,1,frequency_below_5,False,-2.919803647585172,-2.8217639768912353,11.612529117910436,493,728.0,0,0,0
Final Decision,21,13879,possibility,2,frequency_below_5,False,2.245956488692759,1.4511607790687826,25.24482213551738,294,698.0,0,0,0
Final Decision,21,14030,turning,1,frequency_below_5,False,9.873820166167674,11.231276013332842,29.658626258103055,328,556.0,0,0,0
Final Decision,21,14051,receiving,1,frequency_below_5,False,-3.461352484225161,-2.441509035530535,14.524669221670218,559,732.0,0,0,0
Final Decision,21,14069,noticed,12,retained,True,-1.4396711632157742,1.7345362457527966,23.15714605950495,378,700.5,0,0,0
Final Decision,21,14097,consistent,12,retained,True,13.91140916233758,13.304751331460686,38.57905898845403,289,492.0,0,0,0
Final Decision,21,14196,planned,1,frequency_below_5,False,12.507727351056474,13.749690508441203,34.962418112730504,241,526.0,0,0,0
Final Decision,21,14222,valuable,2,frequency_below_5,False,3.220633500190463,4.0463405331909374,24.15866501657909,453,658.0,0,0,0
Final Decision,21,14238,even,1,frequency_below_5,False,-12.742595276835132,-12.908116195909912,9.006043480391783,385,842.0,0,0,0
Final Decision,21,14239,instruction,1,frequency_below_5,False,-25.369273793802037,-25.38340817954485,-4.846434524128904,725,935.0,0,0,0
Final Decision,21,14326,Once,2,frequency_below_5,False,-5.555849752135305,-5.791565877863775,14.460061652311428,462,754.0,0,0,0
Final Decision,21,14372,waters,1,frequency_below_5,False,-29.29893389282446,-28.167053686635462,-13.472791391065002,868,958.5,0,0,0
Final Decision,21,14461,estimate,1,frequency_below_5,False,-4.941701378563878,-3.8039005397434646,13.357316964479498,546,749.0,0,0,0
Final Decision,21,14518,suddenly,3,frequency_below_5,False,12.945621613491129,16.253148861849816,40.83780425353877,228,509.0,0,0,0
Final Decision,21,14557,winning,5,retained,True,6.098716490953758,7.262280430664853,37.33215542676875,268,624.5,0,0,0
Final Decision,21,14562,anyway,2,frequency_below_5,False,4.396504615562929,5.5229627690621355,27.93096939755425,350,629.0,0,0,0
Final Decision,21,14621,proved,1,frequency_below_5,False,-7.869658728728957,-7.250008471367102,12.574286524531814,585,779.5,0,0,0
Final Decision,21,14653,knowing,2,frequency_below_5,False,12.265913613563374,13.495717616944493,34.9657823846127,249,533.0,0,0,0
Final Decision,21,14685,algorithm,2,frequency_below_5,False,-24.667852255228713,-24.20516350490113,-1.8683784631069282,690,929.0,0,0,0
Final Decision,21,14703,answered,1,frequency_below_5,False,-13.756547030763366,-14.001938667394676,22.645025366776316,434,841.0,0,0,0
Final Decision,21,14779,focused,2,frequency_below_5,False,8.048825729994505,11.154560574793255,35.72810197160256,105,573.5,0,0,0
Final Decision,21,14800,earn,1,frequency_below_5,False,-18.010040871515745,-15.599882263224622,0.5306243905920192,723,871.0,0,0,0
Final Decision,21,14827,duration,1,frequency_below_5,False,-21.29847646333573,-20.818321510551005,-6.575198998753757,771,904.0,0,0,0
Final Decision,21,14833,deck,40,retained,True,-39.543418370044364,-39.8599578727618,-1.5601594134490786,727,1031.0,0,0,0
Final Decision,21,14869,strategies,10,retained,True,-7.268465349579349,-7.518972545803688,37.628194748973456,201,789.0,0,0,0
Final Decision,21,14966,fairly,2,frequency_below_5,False,6.6417763766663045,10.953790546393085,36.419822130989516,255,581.0,0,0,0
Final Decision,21,15062,checked,1,frequency_below_5,False,4.845742192493632,8.783891855945235,24.738644749552847,363,615.5,0,0,0
Final Decision,21,15133,interval,1,frequency_below_5,False,-33.989133388851094,-34.3045619209103,-21.241895713470008,897,994.0,0,0,0
Final Decision,21,15143,dropped,2,frequency_below_5,False,6.388746679719266,10.223864355089413,28.908490325718837,351,589.0,0,0,0
Final Decision,21,15208,basically,5,retained,True,22.48859440974492,27.999712770269113,55.19432423949677,123,350.5,0,0,0
Final Decision,21,15404,happening,1,frequency_below_5,False,0.8212527861183899,1.3259312725567245,28.2848404874215,353,684.0,0,0,0
Final Decision,21,15532,picked,7,retained,True,5.489994075625132,10.273593229392379,32.020887855853296,368,591.0,0,0,0
Final Decision,21,15576,paying,2,frequency_below_5,False,1.929621209612409,5.046471352056676,24.631016003917463,385,655.5,0,0,0
Final Decision,21,15623,maintained,1,frequency_below_5,False,-7.609172320206391,-7.787984606527787,11.954820964349288,462,770.0,0,0,0
Final Decision,21,15639,fault,1,frequency_below_5,False,-18.898457651809267,-18.749709071260405,-4.330477168429543,712,896.0,0,0,0
Final Decision,21,15641,responses,1,frequency_below_5,False,-10.79699392601763,-11.648641094732508,9.051100838521894,542,808.0,0,0,0
Final Decision,21,15725,Yeah,2,frequency_below_5,False,-18.25154868950175,-18.714296308249388,0.6059437095119696,525,883.0,0,0,0
Final Decision,21,15728,anymore,1,frequency_below_5,False,-8.731397047718676,-7.220018331527223,24.319240473430995,380,792.5,0,0,0
Final Decision,21,15815,assumed,1,frequency_below_5,False,-8.451590343712976,-7.009523167954194,8.294845011883872,609,787.5,0,0,0
Final Decision,21,15917,necessarily,1,frequency_below_5,False,-5.450929452056831,-5.98350574385945,24.8469835507955,330,760.0,0,0,0
Final Decision,21,15945,Three,1,frequency_below_5,False,1.7686723978651255,2.1091692054763493,14.21657280414163,402,674.5,0,0,0
Final Decision,21,15976,typically,2,frequency_below_5,False,15.150957736095187,17.044135745420704,42.03066845615136,174,480.0,0,0,0
Final Decision,21,15992,amounts,1,frequency_below_5,False,-17.94620436014229,-18.255354671884483,5.465153136713859,598,891.0,0,0,0
Final Decision,21,16105,correctly,2,frequency_below_5,False,3.303972182120824,6.203291568666916,30.295478699624965,330,647.0,0,0,0
Final Decision,21,16219,Switch,1,frequency_below_5,False,-52.83192462541712,-52.8781879487983,-28.725304918147344,968,1077.0,0,0,0
Final Decision,21,16263,constantly,1,frequency_below_5,False,24.574475115434414,29.061919483360644,57.01905859697868,123,338.5,0,0,0
Final Decision,21,16342,normally,1,frequency_below_5,False,17.040449532568086,19.780328070653425,40.36746650436061,233,447.0,0,0,0
Final Decision,21,16358,choices,5,retained,True,-2.607327434539935,-2.1051314272464383,33.37626515322689,280,735.0,0,0,0
Final Decision,21,16382,scores,18,retained,True,-23.383932563345425,-23.88058967473503,1.1504749224680337,704,919.0,0,0,0
Final Decision,21,16455,reliable,5,retained,True,-1.069001314874466,-0.4035591913696677,21.392455312883,429,706.0,0,0,0
Final Decision,21,16585,worker,2,frequency_below_5,False,-26.163828510152253,-26.604288135853274,1.587004275604551,702,943.0,0,0,0
Final Decision,21,16609,"""+",1,frequency_below_5,False,-25.648877000100725,-25.416373817612914,-7.995247012483439,747,938.0,0,0,0
Final Decision,21,16656,struggle,1,frequency_below_5,False,1.3088125669756188,1.267094983038989,14.883674917951213,494,676.0,0,0,0
Final Decision,21,16706,proven,2,frequency_below_5,False,-21.159999805275294,-21.28787907727696,0.3110620526783562,758,905.0,0,0,0
Final Decision,21,16729,realized,7,retained,True,6.666753557165893,9.894007065943423,30.033615744938942,293,598.5,0,0,0
Final Decision,21,16788,watched,1,frequency_below_5,False,-10.888657621144478,-8.135909422731949,9.799614706636135,585,800.5,0,0,0
Final Decision,21,16832,vice,1,frequency_below_5,False,-14.014995360909221,-14.335409444946212,-2.668734668165654,605,848.5,0,0,0
Final Decision,21,17026,losing,8,retained,True,-1.6694688668644087,0.45552971317302804,24.936635000523072,393,716.5,0,0,0
Final Decision,21,17318,causing,1,frequency_below_5,False,5.4348799658169815,6.754610730018481,21.963884564083813,316,630.0,0,0,0
Final Decision,21,17322,dependent,1,frequency_below_5,False,-6.886983527894235,-5.206741371629908,22.361614331672072,418,768.0,0,0,0
Final Decision,21,17362,focus,1,frequency_below_5,False,-39.080228387748136,-39.42104000465177,12.551230554049381,368,1028.0,0,0,0
Final Decision,21,17377,risks,1,frequency_below_5,False,-22.405639023525247,-22.25870067690962,-1.75821412811381,734,912.5,0,0,0
Final Decision,21,17399,repeat,7,retained,True,-6.208487168481776,-4.8953753562504145,15.763639300078301,429,762.0,0,0,0
Final Decision,21,17402,suppose,2,frequency_below_5,False,-6.363973237966875,-6.843853090757531,17.024537950258676,391,768.0,0,0,0
Final Decision,21,17526,outcome,3,frequency_below_5,False,-8.421287148190158,-9.082617519433255,11.054164923996716,429,794.5,0,0,0
Final Decision,21,17530,stuck,55,retained,True,23.110613681110305,27.54006980448085,51.5247695523106,152,356.5,0,0,0
Final Decision,21,17545,Based,1,frequency_below_5,False,-18.737171667401665,-19.22748364764645,1.6800985591544517,575,894.0,0,0,0
Final Decision,21,17760,trick,1,frequency_below_5,False,-13.251247168182573,-12.809025277985423,8.355515374764948,591,832.0,0,0,0
Final Decision,21,17839,producing,2,frequency_below_5,False,2.2188816329199597,2.9770046623217468,20.67351139093636,405,669.0,0,0,0
Final Decision,21,18095,earing,1,frequency_below_5,False,-52.04511177866478,-51.9456121233207,-36.4353438616103,1018,1073.0,0,0,0
Final Decision,21,18251,losses,7,retained,True,-14.20802169807145,-15.031772179073693,4.58882324226959,618,841.0,0,0,0
Final Decision,21,18260,"""-",1,frequency_below_5,False,-32.7971232556401,-32.41073362394836,-22.577996236755986,899,988.0,0,0,0
Final Decision,21,18264,whenever,5,retained,True,9.122242673897876,11.835194124532354,34.5931012584202,307,564.0,0,0,0
Final Decision,21,18282,bias,1,frequency_below_5,False,-39.82168049228552,-39.74362741961444,-25.04372586735703,927,1027.5,0,0,0
Final Decision,21,18549,pairs,2,frequency_below_5,False,-18.58353478170305,-17.822151561358265,1.354702381710439,720,887.5,0,0,0
Final Decision,21,18567,modify,1,frequency_below_5,False,-10.7448456590865,-8.359382523400022,9.849912751464213,498,803.5,0,0,0
Final Decision,21,18596,tering,1,frequency_below_5,False,-39.62064194334168,-39.0216315582511,-22.066397211994186,885,1021.0,0,0,0
Final Decision,21,18604,checking,1,frequency_below_5,False,4.152600547051915,6.924036312828026,23.34800734890777,378,633.0,0,0,0
Final Decision,21,18644,recall,1,frequency_below_5,False,-22.608063638989467,-20.884202167548835,-1.2181883937831288,689,914.0,0,0,0
Final Decision,21,18664,attempts,1,frequency_below_5,False,-13.414817917755824,-13.312229478607865,5.453161868627904,670,837.0,0,0,0
Final Decision,21,18701,outcomes,3,frequency_below_5,False,-14.120815700848704,-14.715984239780619,8.023504933147224,356,850.0,0,0,0
Final Decision,21,18818,hypot,1,frequency_below_5,False,-73.20957260563333,-71.8987597529455,-46.12291356080176,1075,1120.0,0,0,0
Final Decision,21,18843,interest,1,frequency_below_5,False,-45.43182210357158,-45.38451527846474,-0.519666008196487,589,1056.0,0,0,0
Final Decision,21,18925,Would,1,frequency_below_5,False,-15.253979439993259,-15.709103089583055,13.980285750502402,522,859.0,0,0,0
Final Decision,21,19219,holy,1,frequency_below_5,False,-6.389951364104661,-5.835050267788299,9.24443514831052,585,768.0,0,0,0
Final Decision,21,19233,tracking,1,frequency_below_5,False,-7.757670901026772,-6.281914883178375,5.7667802026325194,548,781.0,0,0,0
Final Decision,21,19330,performing,2,frequency_below_5,False,-13.523137749390346,-11.604042304501672,12.862549071947676,586,835.0,0,0,0
Final Decision,21,19499,resulted,3,frequency_below_5,False,-23.79106341232407,-22.8942822353354,-5.489094108067788,785,925.0,0,0,0
Final Decision,21,19735,optimal,1,frequency_below_5,False,-13.87911669457193,-13.442729481638901,9.972297595313863,608,844.0,0,0,0
Final Decision,21,19788,Nothing,2,frequency_below_5,False,-12.878240169554996,-13.129444463585742,23.50018000859533,309,851.5,0,0,0
Final Decision,21,19814,decent,1,frequency_below_5,False,15.772808437712783,17.167166247063562,38.40505269800333,249,482.0,0,0,0
Final Decision,21,19852,Sometimes,4,frequency_below_5,False,-5.716042075976347,-5.496611991845771,16.024487007932837,493,743.0,0,0,0
Final Decision,21,19991,programming,1,frequency_below_5,False,-16.308627408543312,-15.216408195720598,12.173724729714737,474,866.0,0,0,0
Final Decision,21,20050,drew,1,frequency_below_5,False,-17.018326841097355,-17.075215956075837,0.6291608307303382,638,869.0,0,0,0
Final Decision,21,20354,loyal,1,frequency_below_5,False,-11.507893571905665,-11.867772168908509,8.280602283488347,637,824.5,0,0,0
Final Decision,21,20430,contributed,1,frequency_below_5,False,-18.101098909691554,-18.004217887611368,4.450789066742658,660,880.0,0,0,0
Final Decision,21,20452,predict,2,frequency_below_5,False,-26.317171622200327,-25.505863435236563,3.965106683425171,609,947.0,0,0,0
Final Decision,21,20596,Used,1,frequency_below_5,False,-33.541651842949456,-33.66689313490178,-15.584443757336746,841,988.0,0,0,0
Final Decision,21,20614,ultimately,1,frequency_below_5,False,-1.2884772163605784,-1.2563216561745103,28.319098882635636,300,712.5,0,0,0
Final Decision,21,20687,Perhaps,1,frequency_below_5,False,-22.384749650609997,-22.337205770330687,6.026491423737987,604,925.5,0,0,0
Final Decision,21,20914,gradually,1,frequency_below_5,False,4.344787031009042,6.404878677035902,37.956791472085385,279,635.0,0,0,0
Final Decision,21,21083,minus,2,frequency_below_5,False,-5.7680024289672005,-4.535105016784869,17.878453302925973,516,763.0,0,0,0
Final Decision,21,21166,initially,1,frequency_below_5,False,21.28045873165666,24.219818585352975,47.294447186208124,140,389.0,0,0,0
Final Decision,21,21213,varied,1,frequency_below_5,False,-13.910284548453964,-12.278647935753067,14.885942671846923,510,836.5,0,0,0
Final Decision,21,21288,dude,1,frequency_below_5,False,-18.738624235931766,-18.132760731558747,2.2022499345341373,587,883.5,0,0,0
Final Decision,21,21326,fails,1,frequency_below_5,False,-23.60377920333337,-23.095904172836114,-7.1035402955841604,756,923.5,0,0,0
Final Decision,21,21352,stayed,21,retained,True,0.3256442401077715,3.2231578446387976,34.178226148594135,232,672.0,0,0,0
Final Decision,21,21381,sour,1,frequency_below_5,False,-45.842629641856135,-45.555965257297515,-25.522069393185532,956,1054.5,0,0,0
Final Decision,21,21447,continued,1,frequency_below_5,False,-48.30289836103383,-49.27095235207855,-23.433433702057343,903,1067.0,0,0,0
Final Decision,21,21459,desert,1,frequency_below_5,False,-23.29909315397391,-22.39596965567736,-11.00961850068214,789,919.0,0,0,0
Final Decision,21,21581,chances,2,frequency_below_5,False,-9.467335745664204,-8.95399638473807,28.96062922042499,320,790.0,0,0,0
Final Decision,21,21854,challenging,1,frequency_below_5,False,-11.3036096799788,-8.79561342283365,9.381027165278033,630,807.0,0,0,0
Final Decision,21,21869,YES,1,frequency_below_5,False,-41.60681529526194,-41.98652268180534,-8.46955577202035,610,1045.0,0,0,0
Final Decision,21,22092,searching,1,frequency_below_5,False,-0.5206384747293648,1.3348348482245127,25.52150265750742,352,707.0,0,0,0
Final Decision,21,22215,attempted,1,frequency_below_5,False,-11.438080351745262,-9.643354649631798,9.302887487012802,623,811.0,0,0,0
Final Decision,21,22312,assignment,1,frequency_below_5,False,-34.29053952674481,-34.55799475292045,-9.306500250670457,800,993.0,0,0,0
Final Decision,21,22358,steady,3,frequency_below_5,False,6.856744106870047,7.398852482163059,24.105325014964972,446,597.0,0,0,0
Final Decision,21,22599,adjacent,1,frequency_below_5,False,-12.103250779767137,-10.248792336687112,12.785400173862643,565,818.5,0,0,0
Final Decision,21,22623,choosing,18,retained,True,-6.7871194344029595,-4.523243838156819,29.474504719930845,380,764.5,0,0,0
Final Decision,21,22759,rejected,1,frequency_below_5,False,-13.910553451850653,-12.886249525251785,8.183389362602941,639,839.0,0,0,0
Final Decision,21,22830,'-,2,frequency_below_5,False,-40.60009886322465,-40.40478436700424,-30.771315566422132,943,1036.5,0,0,0
Final Decision,21,23213,staying,4,frequency_below_5,False,8.414271208161791,11.167720828539334,39.93187430322942,166,570.0,0,0,0
Final Decision,21,23217,honestly,1,frequency_below_5,False,19.090403918142346,20.48958439642783,45.969949082982396,170,435.0,0,0,0
Final Decision,21,23223,occasions,2,frequency_below_5,False,-40.66504166747609,-38.75536932860666,-20.109831813111807,909,1025.0,0,0,0
Final Decision,21,23456,ignored,1,frequency_below_5,False,-4.329923253007968,-2.4466107972260485,11.643711666207317,461,741.5,0,0,0
Final Decision,21,23721,tries,2,frequency_below_5,False,-0.5852946236398102,1.390006084369473,21.890398144752357,464,698.5,0,0,0
Final Decision,21,23905,searched,2,frequency_below_5,False,-16.189499050142725,-13.727898727734562,11.172519626775696,538,858.0,0,0,0
Final Decision,21,23988,Later,1,frequency_below_5,False,-34.55402339022365,-35.28990874640463,-19.57042384105924,873,994.5,0,0,0
Final Decision,21,24160,Therefore,1,frequency_below_5,False,-34.6268708265448,-35.270580005317065,-16.15425647487612,790,999.5,0,0,0
Final Decision,21,24212,clicking,9,retained,True,-36.89641875944022,-34.37673147289854,-7.360837271085719,793,1002.0,0,0,0
Final Decision,21,24259,besides,1,frequency_below_5,False,-7.811721283668692,-6.605053820716318,16.222457263005857,485,775.0,0,0,0
Final Decision,21,24654,occasionally,2,frequency_below_5,False,12.642181697968553,15.640504326872634,41.817858267585585,237,508.5,0,0,0
Final Decision,21,24740,flip,3,frequency_below_5,False,-28.405765240350867,-27.169903260843377,-7.843319501257584,838,957.0,0,0,0
Final Decision,21,24780,"""-",1,frequency_below_5,False,-52.648318970462874,-52.83368408973799,-34.34940195578756,1001,1078.0,0,0,0
Final Decision,21,25343,indicator,1,frequency_below_5,False,-25.096180300350657,-24.27220514946242,-8.699278067696364,773,933.0,0,0,0
Final Decision,21,25540,lessly,1,frequency_below_5,False,-63.265089159217816,-60.24697884576648,-35.89896795650508,1035,1098.0,0,0,0
Final Decision,21,25973,pile,1,frequency_below_5,False,-37.58990143668503,-36.22923550683587,-20.516768977675202,913,1010.0,0,0,0
Final Decision,21,26014,beneficial,1,frequency_below_5,False,-14.343275004564413,-12.810317631715684,14.94946522899851,591,840.0,0,0,0
Final Decision,21,26055,sufficiently,1,frequency_below_5,False,-20.259914430149635,-18.94522940295992,14.39336663933909,504,896.5,0,0,0
Final Decision,21,26353,bullet,1,frequency_below_5,False,-35.957749000349466,-35.118043735421764,-21.83486088542843,932,999.0,0,0,0
Final Decision,21,26387,theories,1,frequency_below_5,False,-36.08799039678704,-36.4321143703892,-16.23313273407585,854,1003.5,0,0,0
Final Decision,21,26428,ept,1,frequency_below_5,False,-60.06869980959875,-60.19295926371216,-38.89703808619772,1048,1095.0,0,0,0
Final Decision,21,26501,picking,2,frequency_below_5,False,-2.823245547448417,1.0321473347419192,20.96955692628923,496,706.5,0,0,0
Final Decision,21,26561,definite,1,frequency_below_5,False,-10.160410242087943,-9.666529896132122,11.299399706994768,554,811.5,0,0,0
Final Decision,21,26631,thats,1,frequency_below_5,False,-13.87302996204941,-13.95485891341036,16.90271922309469,424,842.5,0,0,0
Final Decision,21,26831,cg,1,frequency_below_5,False,-53.60810823267769,-53.388663005168745,-42.26347232017597,1005,1079.0,0,0,0
Final Decision,21,26911,bite,1,frequency_below_5,False,-24.474396478692764,-22.12718589452597,-5.3938935889256,795,926.0,0,0,0
Final Decision,21,26966,Partner,2,frequency_below_5,False,-37.26610866975756,-38.29039251014231,-11.880294519313642,843,1012.0,0,0,0
Final Decision,21,27065,Nope,2,frequency_below_5,False,-35.728113692312434,-35.970503644063754,4.4785611869213735,463,1005.0,0,0,0
Final Decision,21,27104,simultaneously,1,frequency_below_5,False,11.015880880757749,11.899115942562418,30.983862569030038,317,552.0,0,0,0
Final Decision,21,27249,WAS,1,frequency_below_5,False,-38.50295147042705,-36.60317676813365,-23.808447627460232,950,1016.0,0,0,0
Final Decision,21,27434,instantly,1,frequency_below_5,False,10.291469615942352,13.739313806300222,33.84940888024516,299,536.0,0,0,0
Final Decision,21,27519,productive,3,frequency_below_5,False,-9.501192031991,-8.370903477532192,10.088618061649552,562,795.5,0,0,0
Final Decision,21,27707,succeeded,1,frequency_below_5,False,-29.350811835328123,-28.514407289827318,-6.948603150471293,780,964.0,0,0,0
Final Decision,21,27930,consistently,9,retained,True,8.162029023761873,10.673990068667125,44.48903394515361,228,583.0,0,0,0
Final Decision,21,27976,awful,1,frequency_below_5,False,-3.4486242747284357,-1.2735626713795942,21.32267216615214,486,728.0,0,0,0
Final Decision,21,28243,rounds,12,retained,True,-38.99524559065491,-38.44856984278785,-10.54116542868049,851,1018.5,0,0,0
Final Decision,21,28571,hitting,3,frequency_below_5,False,-12.285472240304118,-8.747935286912554,16.021987041280813,512,807.0,0,0,0
Final Decision,21,28642,counting,2,frequency_below_5,False,-24.937598341886755,-22.799945610683032,12.171239106739671,564,930.0,0,0,0
Final Decision,21,29065,badly,1,frequency_below_5,False,13.989669209245587,16.538283399143438,34.0327980990504,313,495.0,0,0,0
Final Decision,21,29097,favorable,1,frequency_below_5,False,-38.77036107955775,-37.985098967577144,-13.628380740319788,869,1020.0,0,0,0
Final Decision,21,29163,figured,1,frequency_below_5,False,1.9456302870425617,4.0760431304654094,30.57222703645574,321,666.0,0,0,0
Final Decision,21,29198,waited,4,frequency_below_5,False,-17.62782219161457,-15.310431640210055,7.775237947940299,641,870.0,0,0,0
Final Decision,21,29570,pressing,2,frequency_below_5,False,-11.741217181279211,-11.012764505560192,11.55281894258632,557,814.5,0,0,0
Final Decision,21,29774,rode,1,frequency_below_5,False,-49.063903588425426,-48.61600617631062,-20.068012961924854,888,1064.0,0,0,0
Final Decision,21,29967,Stayed,1,frequency_below_5,False,-69.94516457308805,-67.84391657882355,-27.59960735336857,973,1113.0,0,0,0
Final Decision,21,30028,odds,1,frequency_below_5,False,-40.78659549949401,-39.75503535678676,-14.792307135144009,873,1032.0,0,0,0
Final Decision,21,30212,positive,1,frequency_below_5,False,-31.254453283576165,-31.857554556585367,-11.773992394590076,805,984.0,0,0,0
Final Decision,21,30284,cled,1,frequency_below_5,False,-56.321888984933466,-54.55437956041237,-39.93222817276816,1043,1083.0,0,0,0
Final Decision,21,30314,failing,4,frequency_below_5,False,-14.539590843095878,-13.576977361820123,8.27260693622447,653,853.0,0,0,0
Final Decision,21,30578,outlined,1,frequency_below_5,False,-22.713845555691577,-19.77510835374327,-4.002838869155295,761,905.0,0,0,0
Final Decision,21,30696,sticks,1,frequency_below_5,False,-36.27270034491595,-35.31988765402954,-23.352426510994004,926,1004.0,0,0,0
Final Decision,21,30895,avoided,1,frequency_below_5,False,-20.20795505216815,-17.670169835518735,1.8656969236557317,726,885.0,0,0,0
Final Decision,21,31171,continuously,2,frequency_below_5,False,3.532690691382965,5.089919944481453,29.254749025935887,318,650.0,0,0,0
Final Decision,21,31185,consecutive,3,frequency_below_5,False,-0.17476027005966757,0.36624893655912605,26.866364461163293,331,705.0,0,0,0
Final Decision,21,31220,alternate,2,frequency_below_5,False,-14.754197314595158,-14.320833714901774,6.8817894882733786,654,842.0,0,0,0
Final Decision,21,31441,Stick,1,frequency_below_5,False,-66.53290945942916,-66.89078918792897,-42.765732454837746,1071,1110.0,0,0,0
Final Decision,21,31535,repeatedly,3,frequency_below_5,False,3.712529046074504,6.285293086020033,29.726377259259678,332,639.0,0,0,0
Final Decision,21,31554,systematic,1,frequency_below_5,False,-24.963930970860737,-25.26838109485413,-5.706515869592682,648,944.0,0,0,0
Final Decision,21,31565,companion,1,frequency_below_5,False,-19.09117903240546,-19.005857054902116,-0.8560484218540908,723,892.0,0,0,0
Final Decision,21,31803,sooner,1,frequency_below_5,False,-5.566160083421294,-5.565271675703223,15.64433277927538,532,754.5,0,0,0
Final Decision,21,31827,negative,1,frequency_below_5,False,-39.246153030189916,-40.38207909262339,-15.706768397108451,872,1025.0,0,0,0
Final Decision,21,31856,guided,1,frequency_below_5,False,-30.53574330773594,-28.98211504431572,-5.173769343122384,744,970.0,0,0,0
Final Decision,21,31928,generating,1,frequency_below_5,False,-15.596054816841425,-14.526643314149934,6.357562345483392,589,859.0,0,0,0
Final Decision,21,32155,selecting,4,frequency_below_5,False,-18.509558016165588,-16.77498073247236,9.884042989829624,610,881.0,0,0,0
Final Decision,21,32209,switching,22,retained,True,-14.400502194712796,-11.79848731012585,12.966984855126892,568,835.5,0,0,0
Final Decision,21,32269,yeah,1,frequency_below_5,False,-35.72134626176062,-35.83022932693345,-14.792650359010413,811,1008.0,0,0,0
Final Decision,21,32514,longest,1,frequency_below_5,False,-31.289348114945025,-31.058010706075635,-10.557203451510116,771,983.0,0,0,0
Final Decision,21,32657,nothing,3,frequency_below_5,False,-26.101365726728503,-26.109396900498297,7.608693275280304,565,950.0,0,0,0
Final Decision,21,33184,draws,1,frequency_below_5,False,-25.619247688612823,-25.75217641807673,-6.728188179669604,764,940.0,0,0,0
Final Decision,21,33220,Probably,1,frequency_below_5,False,-28.29315438183486,-28.54538209995197,-6.9107858946661125,699,958.0,0,0,0
Final Decision,21,33959,Ist,1,frequency_below_5,False,-90.48068922989383,-89.48420602852876,-74.95814804501217,1127,1133.0,0,0,0
Final Decision,21,34158,utilized,1,frequency_below_5,False,-22.21829801815925,-19.70268441106282,-0.413812665205667,719,905.0,0,0,0
Final Decision,21,34162,strat,1,frequency_below_5,False,-87.77076654697461,-87.79384302820262,-56.58515858212969,1079,1132.0,0,0,0
Final Decision,21,34303,performs,1,frequency_below_5,False,-27.87474057418968,-26.830670823998027,-6.810116707321433,791,955.0,0,0,0
Final Decision,21,35109,shifts,1,frequency_below_5,False,-27.550078192423403,-26.514741664107706,-0.47327243327212765,677,952.0,0,0,0
Final Decision,21,35260,disappoint,1,frequency_below_5,False,-36.497353858889255,-35.09568219276342,-18.504161297230997,856,1003.0,0,0,0
Final Decision,21,35473,cycling,1,frequency_below_5,False,-36.488280688224854,-35.89273163868339,-20.279888820349324,890,1004.0,0,0,0
Final Decision,21,35583,pickup,1,frequency_below_5,False,-30.60945259908614,-29.020818900950495,-16.57434183752935,856,971.0,0,0,0
Final Decision,21,35807,profitable,3,frequency_below_5,False,-29.382097124370606,-28.8187088810402,-1.9911469626312521,754,967.0,0,0,0
Final Decision,21,36011,randomly,6,retained,True,-8.129114362613642,-3.762738036647188,40.13078601780484,302,759.5,0,0,0
Final Decision,21,36168,rhythm,1,frequency_below_5,False,-40.867924446710376,-39.281207825861586,-22.37901731837076,914,1031.0,0,0,0
Final Decision,21,36306,failures,8,retained,True,-37.146276128599446,-36.79467757818963,-15.695673396972907,881,1009.0,0,0,0
Final Decision,21,36429,switched,52,retained,True,-7.534607795259736,-2.5376927996392276,21.922813302067947,442,743.0,0,0,0
Final Decision,21,36528,guilt,1,frequency_below_5,False,-33.23450144784581,-33.25581055571225,-19.728282921648642,880,987.0,0,0,0
Final Decision,21,36780,brow,1,frequency_below_5,False,-59.92554953894746,-59.345878165897886,-36.299844559819434,1039,1095.0,0,0,0
Final Decision,21,37106,continually,2,frequency_below_5,False,-1.4261772274902562,0.559396652728438,27.213503586013058,343,703.5,0,0,0
Final Decision,21,37133,crap,1,frequency_below_5,False,-22.156412088540364,-20.49844359847354,-1.5115632487860406,742,910.0,0,0,0
Final Decision,21,37275,didnt,5,retained,True,-15.385715933062484,-14.349083535657588,15.032036595375136,467,855.0,0,0,0
Final Decision,21,37438,stay,3,frequency_below_5,False,-32.192457750617955,-32.60351808756867,0.8414442884315463,667,981.0,0,0,0
Final Decision,21,37615,liber,1,frequency_below_5,False,-59.06750218338606,-59.6485054982159,-43.39798182862532,1036,1096.0,0,0,0
Final Decision,21,37762,motivated,1,frequency_below_5,False,-10.530773334347286,-9.091722538679724,7.627583173228114,621,803.5,0,0,0
Final Decision,21,38267,handful,1,frequency_below_5,False,-11.833936256246364,-8.761345619365859,9.993264330711561,593,809.0,0,0,0
Final Decision,21,38873,safer,1,frequency_below_5,False,-26.233208478061858,-26.29475641695798,-2.9400551541306514,757,939.0,0,0,0
Final Decision,21,38895,switches,1,frequency_below_5,False,-36.81687890560467,-35.746436424157345,-8.540786102792909,801,1008.0,0,0,0
Final Decision,21,39258,gaining,1,frequency_below_5,False,-15.701548020456276,-14.859806539992942,4.674735300651271,688,856.0,0,0,0
Final Decision,21,39653,deciding,2,frequency_below_5,False,-1.6111011259755277,0.35896270012230724,21.28249604790894,487,710.0,0,0,0
Final Decision,21,39786,successful,1,frequency_below_5,False,-59.6095665602022,-60.03657105120084,-38.16313111125123,1051,1095.0,0,0,0
Final Decision,21,39945,loses,1,frequency_below_5,False,-13.208937873532387,-11.806553327776147,7.661857779395246,568,834.0,0,0,0
Final Decision,21,40003,shifted,1,frequency_below_5,False,-21.377911377904265,-17.21864772997938,0.45804350546839745,737,883.0,0,0,0
Final Decision,21,40389,lasted,1,frequency_below_5,False,-21.57690312940654,-20.45824183280017,1.8131718965174597,681,907.0,0,0,0
Final Decision,21,41498,catching,1,frequency_below_5,False,-21.110731400578466,-21.32287786109419,-5.974461060508526,710,901.0,0,0,0
Final Decision,21,41966,favor,1,frequency_below_5,False,-76.54453905961455,-75.81058639231259,-59.77692433225797,1102,1124.0,0,0,0
Final Decision,21,42189,struggled,2,frequency_below_5,False,-16.451790118569946,-14.030738090484782,4.175108625623938,687,855.5,0,0,0
Final Decision,21,42377,clicked,10,retained,True,-42.168903818109364,-38.50952749125071,-7.308730901885927,809,1025.5,0,0,0
Final Decision,21,43409,pseudo,1,frequency_below_5,False,-40.79815542756159,-41.47343083360766,-28.2620098276048,927,1038.0,0,0,0
Final Decision,21,43630,Repeat,1,frequency_below_5,False,-66.31177390753913,-66.546703006402,-40.71761758600633,1041,1109.5,0,0,0
Final Decision,21,44168,companions,1,frequency_below_5,False,-39.27336982991501,-39.65634002833035,-16.84618878936803,870,1024.0,0,0,0
Final Decision,21,44199,Idea,1,frequency_below_5,False,-54.880502025423496,-54.508984057781994,-28.980333211311113,875,1084.0,0,0,0
Final Decision,21,44224,extensively,1,frequency_below_5,False,-29.462267996718733,-28.540906932402606,-11.159400919402383,806,963.0,0,0,0
Final Decision,21,44285,cared,1,frequency_below_5,False,-37.11736083722782,-36.00611031361298,-14.517074772331828,850,1010.5,0,0,0
Final Decision,21,45357,Partner,1,frequency_below_5,False,-48.766745472461146,-49.31268359204691,-22.62737375383407,939,1066.0,0,0,0
Final Decision,21,46235,Few,1,frequency_below_5,False,-42.527513167477984,-43.25413365091573,-22.725376987135135,886,1044.0,0,0,0
Final Decision,21,46282,versa,1,frequency_below_5,False,-95.32647707856921,-94.91585007639105,-60.313670642885505,1122,1137.0,0,0,0
Final Decision,21,46511,maximize,1,frequency_below_5,False,-36.13749521271585,-34.36123460090086,-15.784916243317335,884,1004.0,0,0,0
Final Decision,21,46935,dont,1,frequency_below_5,False,-40.24967698541273,-40.76286134284135,-8.537277443566651,765,1037.5,0,0,0
Final Decision,21,47412,guessing,3,frequency_below_5,False,-17.910534041934003,-18.352218359663976,9.595489635440895,494,873.5,0,0,0
Final Decision,21,47630,tended,5,retained,True,-31.731388298054874,-30.075847470626652,-7.021461264773569,804,972.5,0,0,0
Final Decision,21,48881,bounce,1,frequency_below_5,False,-43.108895461181596,-41.81577654425576,-23.927477517010367,909,1042.0,0,0,0
Final Decision,21,49004,sticking,3,frequency_below_5,False,-8.292179064069389,-7.343835767589039,13.910840525494205,588,785.0,0,0,0
Final Decision,21,49102,spur,1,frequency_below_5,False,-53.104808983224565,-52.51622440268719,-35.72975504670825,985,1077.0,0,0,0
Final Decision,21,49131,whoever,2,frequency_below_5,False,-28.12693196944707,-26.45238460948942,2.6423944269883872,703,953.5,0,0,0
Final Decision,21,49891,streak,6,retained,True,-58.644857625617384,-58.724308402906935,-37.225273836927485,1045,1091.0,0,0,0
Final Decision,21,50085,baskets,1,frequency_below_5,False,-80.29154994193159,-81.008208397346,-52.22922392057754,1102,1127.0,0,0,0
Final Decision,21,50991,clicks,2,frequency_below_5,False,-46.729023301623,-45.16592287571065,-22.75986181459492,914,1058.0,0,0,0
Final Decision,21,50995,yielded,1,frequency_below_5,False,-36.41394758339869,-35.35334520259185,-17.866134432465024,913,1004.0,0,0,0
Final Decision,21,51178,quicker,1,frequency_below_5,False,2.0919082368250748,4.38033900035615,29.043355084113237,334,663.5,0,0,0
Final Decision,21,51462,repeating,1,frequency_below_5,False,-16.575950210821137,-16.005152899941926,8.971166695753073,523,870.0,0,0,0
Final Decision,21,51619,tricky,1,frequency_below_5,False,2.8582023531897724,4.3635242459497725,23.92323529003554,450,656.5,0,0,0
Final Decision,21,52626,instinct,2,frequency_below_5,False,-34.96173994778754,-32.32469062129603,0.2963136594230571,599,988.0,0,0,0
Final Decision,21,52634,betray,1,frequency_below_5,False,-43.60579070385901,-43.09357115070905,-19.308361841814346,845,1048.0,0,0,0
Final Decision,21,52799,decks,10,retained,True,-68.53121700043731,-69.46942422129297,-31.05724006733629,1002,1115.0,0,0,0
Final Decision,21,52810,emoji,2,frequency_below_5,False,-92.11583212059179,-92.74646763689194,-63.62646656809065,1125,1135.0,0,0,0
Final Decision,21,53811,Whenever,1,frequency_below_5,False,-26.57220870530427,-26.364892474141826,-10.02615194390395,843,939.5,0,0,0
Final Decision,21,53907,having,1,frequency_below_5,False,-25.193884805283577,-25.37948902310638,-8.991844263807678,665,935.0,0,0,0
Final Decision,21,54996,pended,1,frequency_below_5,False,-71.869478374525,-71.78030126468636,-46.91682671467166,1084,1119.0,0,0,0
Final Decision,21,55524,rewarding,1,frequency_below_5,False,-19.13852750158665,-17.38300451285122,1.6994225173414554,730,879.0,0,0,0
Final Decision,21,55570,selections,1,frequency_below_5,False,-34.83576142962102,-33.533669403314306,-11.965362299593716,850,999.0,0,0,0
Final Decision,21,55572,iterations,1,frequency_below_5,False,-67.44811541351145,-67.72292608174192,-42.99473866304683,1074,1111.0,0,0,0
Final Decision,21,55862,intentionally,1,frequency_below_5,False,12.1747586524746,15.310387036569292,37.68987344999128,224,514.0,0,0,0
Final Decision,21,56908,Simply,1,frequency_below_5,False,-32.282789149357235,-31.184348500374206,-12.580281270198908,810,980.0,0,0,0
Final Decision,21,57476,anticipate,1,frequency_below_5,False,-15.07858483406788,-14.139558299937228,2.7705616053867517,675,852.0,0,0,0
Final Decision,21,58521,realizing,2,frequency_below_5,False,-19.998689343278556,-18.72276140485011,2.572811146911407,710,890.0,0,0,0
Final Decision,21,58743,successes,2,frequency_below_5,False,-28.690068015219932,-28.640709818500262,-7.606151069650687,808,953.0,0,0,0
Final Decision,21,58959,unsure,1,frequency_below_5,False,1.9522981015618037,3.072707712817627,20.008698672018213,437,671.0,0,0,0
Final Decision,21,59853,rewarded,1,frequency_below_5,False,-44.380214873018275,-41.81919898084571,-21.33566487753233,939,1044.0,0,0,0
Final Decision,21,60949,unsuccessful,2,frequency_below_5,False,-30.55363869102484,-29.320177873818018,-3.9968853892555622,773,971.0,0,0,0
Final Decision,21,60992,descending,1,frequency_below_5,False,-49.556313628187375,-48.91771459188902,-31.339269659180754,1006,1068.5,0,0,0
Final Decision,21,61157,guessed,7,retained,True,-30.51245209536752,-29.328379558541194,-4.503971040451582,700,972.0,0,0,0
Final Decision,21,62305,innocence,1,frequency_below_5,False,-58.395484544667106,-58.71929729673534,-30.431277720554434,982,1094.0,0,0,0
Final Decision,21,62437,foe,1,frequency_below_5,False,-67.7552976801501,-67.52789564993392,-46.4093748859578,1071,1112.0,0,0,0
Final Decision,21,62525,ascending,1,frequency_below_5,False,-56.5907386658901,-56.18592727720458,-40.16438408959194,1044,1085.5,0,0,0
Final Decision,21,64227,tolerate,1,frequency_below_5,False,-36.244064649102334,-35.67281379970822,-18.74083519248395,836,1008.5,0,0,0
Final Decision,21,64407,Eventually,1,frequency_below_5,False,-35.62875643029585,-35.85033455689486,-10.084953751482006,845,1002.0,0,0,0
Final Decision,21,65288,Considering,1,frequency_below_5,False,-28.544646563031293,-28.954998825117897,-12.878872639976713,747,971.0,0,0,0
Final Decision,21,67157,loser,1,frequency_below_5,False,-58.61151676143685,-57.893427215952386,-38.57662259724941,1047,1092.0,0,0,0
Final Decision,21,67302,intuition,1,frequency_below_5,False,-42.95477424715205,-42.7378031882091,-19.250078694928632,864,1042.0,0,0,0
Final Decision,21,67384,opted,1,frequency_below_5,False,-24.970077101961735,-22.625073152316283,-2.8223939132805684,749,927.0,0,0,0
Final Decision,21,67420,alternating,2,frequency_below_5,False,-36.11037483912195,-35.43924964736464,-7.417086917336793,822,1004.0,0,0,0
Final Decision,21,68661,scout,1,frequency_below_5,False,-71.46601574050395,-71.69735506674594,-51.14742325506147,1093,1118.5,0,0,0
Final Decision,21,69967,tapping,1,frequency_below_5,False,-54.03612681835823,-54.0354952168804,-35.35757401085415,1036,1079.0,0,0,0
Final Decision,21,70200,aforementioned,1,frequency_below_5,False,-48.2392880411813,-47.38998192606792,-26.717968213599544,963,1063.0,0,0,0
Final Decision,21,70651,retarded,1,frequency_below_5,False,-70.49054725377248,-70.66445442492183,-52.31160999925197,1087,1117.0,0,0,0
Final Decision,21,71893,entirety,1,frequency_below_5,False,-42.91790080229276,-43.263729920366856,-21.491941121395172,869,1042.0,0,0,0
Final Decision,21,72931,systematically,1,frequency_below_5,False,-25.481177467273767,-23.664541911794522,-3.10565428692766,763,932.0,0,0,0
Final Decision,21,73503,modifying,1,frequency_below_5,False,-31.327535457533692,-30.2242614024999,-13.544549829902364,827,973.0,0,0,0
Final Decision,21,74571,rotated,1,frequency_below_5,False,-47.31957994419065,-44.69337445331493,-23.48584962744895,949,1055.0,0,0,0
Final Decision,21,75711,confuse,1,frequency_below_5,False,-36.173490179940785,-34.60032221074316,-15.717657119047018,854,1003.0,0,0,0
Final Decision,21,75832,motivate,1,frequency_below_5,False,-42.74599206518811,-40.616769424472096,-25.49333085016287,938,1039.0,0,0,0
Final Decision,21,77885,progressed,1,frequency_below_5,False,-22.298388669867652,-19.677227743886526,-0.07413857983394823,746,904.0,0,0,0
Final Decision,21,78943,revise,1,frequency_below_5,False,-45.71525562413712,-45.45468038630765,-28.710915602636582,961,1056.0,0,0,0
Final Decision,21,78962,noticing,1,frequency_below_5,False,-25.73403697593711,-24.361014062560095,-5.842026270460366,771,939.0,0,0,0
Final Decision,21,79790,trustworthy,1,frequency_below_5,False,-19.495258929122627,-18.94893765204941,4.725564048015098,645,896.0,0,0,0
Final Decision,21,80461,teammate,1,frequency_below_5,False,-59.958340626901496,-60.38460571737498,-28.128053626425455,983,1094.0,0,0,0
Final Decision,21,80655,figuring,1,frequency_below_5,False,-13.355461852490178,-9.487398607108187,17.49054341282318,466,816.5,0,0,0
Final Decision,21,80986,dudes,1,frequency_below_5,False,-47.49839225758356,-46.95278755679678,-27.6347775903777,971,1060.0,0,0,0
Final Decision,21,81274,Initially,1,frequency_below_5,False,-32.171952805083045,-31.170930149520963,-11.010887840739146,819,981.0,0,0,0
Final Decision,21,84238,flipped,2,frequency_below_5,False,-38.63284092064246,-35.092652147238056,-17.945863670778632,908,1006.0,0,0,0
Final Decision,21,84378,presumption,1,frequency_below_5,False,-52.77116124447722,-53.53456567488573,-25.60258652026203,951,1079.0,0,0,0
Final Decision,21,84732,skipping,1,frequency_below_5,False,-43.32161808878317,-43.03763563240524,-27.698295122580504,957,1042.0,0,0,0
Final Decision,21,85909,tending,1,frequency_below_5,False,-36.625398318130124,-35.82340125356449,-16.601493450680945,870,1008.5,0,0,0
Final Decision,21,85995,Focused,1,frequency_below_5,False,-62.84342396603834,-61.76399201824974,-36.02597285025773,945,1101.0,0,0,0
Final Decision,21,86738,nope,2,frequency_below_5,False,-42.98078866228571,-42.6989273924663,-7.164613174901591,669,1041.0,0,0,0
Final Decision,21,87625,picked,1,frequency_below_5,False,-47.4213881179369,-46.21940643124597,-31.582448568503537,963,1061.0,0,0,0
Final Decision,21,89543,consciously,2,frequency_below_5,False,-15.37162287403078,-12.640279682698473,17.63090366372416,459,842.0,0,0,0
Final Decision,21,90956,witched,1,frequency_below_5,False,-61.825927522819754,-60.07183841313273,-34.49845693782852,1035,1098.0,0,0,0
Final Decision,21,91280,hesitated,1,frequency_below_5,False,-38.52673932396396,-38.068993502329334,-18.990770807990486,875,1016.0,0,0,0
Final Decision,21,91932,manipulated,1,frequency_below_5,False,-43.45098965171767,-42.76659853489873,-30.928330765178245,957,1043.0,0,0,0
Final Decision,21,93822,negatives,12,retained,True,-59.09066653397604,-59.014396153857334,-37.68740366736522,1027,1093.5,0,0,0
Final Decision,21,94002,Nope,6,retained,True,-64.3485065769434,-64.5036509929331,-16.819574112296852,831,1107.0,0,0,0
Final Decision,21,94278,Eventually,1,frequency_below_5,False,-32.81490959389462,-32.43220877909831,-4.0961553808033795,791,982.5,0,0,0
Final Decision,21,94969,Occasionally,1,frequency_below_5,False,-48.98757370272967,-48.395033858173534,-26.803192432405627,972,1066.0,0,0,0
Final Decision,21,95727,unreliable,1,frequency_below_5,False,-28.22916608305196,-26.575760119684965,-8.854601169853886,810,950.0,0,0,0
Final Decision,21,97390,sabo,1,frequency_below_5,False,-89.85218950019164,-89.5608983774699,-69.76490088781728,1123,1132.0,0,0,0
Final Decision,21,100080,Tried,5,retained,True,-45.79620200346001,-44.80909048750648,-25.01370545600868,962,1055.0,0,0,0
Final Decision,21,100850,Mostly,2,frequency_below_5,False,-35.4620293955038,-33.8918534691194,-8.798862592525555,839,995.0,0,0,0
Final Decision,21,104804,guesses,2,frequency_below_5,False,-37.85310321357902,-38.52232801335068,-5.2125384364547465,716,1016.0,0,0,0
Final Decision,21,105852,losers,1,frequency_below_5,False,-58.67676306395227,-58.354757279440534,-40.822009706328686,1050,1092.0,0,0,0
Final Decision,21,106108,dependable,1,frequency_below_5,False,-15.937205865142193,-15.60611559686289,10.12761113649601,593,863.0,0,0,0
Final Decision,21,109587,bounced,2,frequency_below_5,False,-42.79178463975585,-40.533568169309525,-25.831988047853603,961,1035.0,0,0,0
Final Decision,21,115959,emojis,1,frequency_below_5,False,-107.27195857320655,-107.34921263605327,-79.27713969973723,1134,1141.0,0,0,0
Final Decision,21,117298,inconsistency,1,frequency_below_5,False,-43.13551119661033,-42.992823401637764,-27.7677977804062,942,1041.0,0,0,0
Final Decision,21,117432,Afterwards,1,frequency_below_5,False,-55.784682474172925,-56.36211489526677,-38.25349393098187,1032,1083.0,0,0,0
Final Decision,21,118186,Scout,1,frequency_below_5,False,-94.53790124816118,-94.77295255351014,-67.26664162884626,1129,1137.0,0,0,0
Final Decision,21,118203,streaks,5,retained,True,-80.0217824852411,-80.5739503236513,-51.358350715019306,1107,1127.0,0,0,0
Final Decision,21,120975,wrongs,1,frequency_below_5,False,-63.06059743406783,-64.42242125426327,-33.72139163471323,1018,1107.0,0,0,0
Final Decision,21,121831,counting,1,frequency_below_5,False,-67.48175701962542,-67.54549352759969,-34.17191420653132,1019,1112.0,0,0,0
Final Decision,21,122126,admittedly,3,frequency_below_5,False,-25.354794056860623,-24.626458037703834,5.487637537082624,639,932.5,0,0,0
Final Decision,21,122232,stuck,1,frequency_below_5,False,-52.97772424556286,-51.092404712978805,-33.91042172527212,1025,1075.0,0,0,0
Final Decision,21,128662,sabotage,2,frequency_below_5,False,-55.2650157178394,-54.486251323266586,-37.72026226231611,1047,1082.0,0,0,0
Final Decision,21,129763,yep,1,frequency_below_5,False,-72.18676473196881,-71.03381548126868,-42.996168659433565,1060,1119.0,0,0,0
Final Decision,21,131123,tried,2,frequency_below_5,False,-44.33225941230679,-42.77528854599852,-24.010116838836645,952,1049.5,0,0,0
Final Decision,21,132232,recently,1,frequency_below_5,False,-47.57330427165529,-47.97178109894408,-21.546617144071867,903,1059.0,0,0,0
Final Decision,21,132597,groupings,1,frequency_below_5,False,-57.830908462798604,-58.7468324374975,-35.51601544135597,1012,1088.0,0,0,0
Final Decision,21,132707,allt,1,frequency_below_5,False,-96.26415983122061,-93.154100248796,-73.11247380949068,1124,1136.0,0,0,0
Final Decision,21,137818,Switching,1,frequency_below_5,False,-63.60744132415026,-61.99257696628656,-34.1618446391313,1036,1101.0,0,0,0
Final Decision,21,144141,☺,1,frequency_below_5,False,-132.008909763085,-132.45463785918113,-91.42410097872997,1142,1143.0,0,0,0
Final Decision,21,147028,proved,1,frequency_below_5,False,-60.994883369528786,-60.6510244741111,-41.8376992748421,1057,1098.0,0,0,0
Final Decision,21,148100,classmate,8,retained,True,-68.96427082983364,-69.44737354250913,-43.113738094682155,1064,1114.0,0,0,0
Final Decision,21,154820,spitting,1,frequency_below_5,False,-77.54317247189,-77.6263326431869,-57.06704936330691,1109,1125.0,0,0,0
Final Decision,21,158161,interrelated,1,frequency_below_5,False,-41.47824779409565,-42.4843171033302,-24.1750362366448,878,1040.5,0,0,0
Final Decision,21,159318,winnings,1,frequency_below_5,False,-55.885396535869454,-56.302735346294995,-32.6740558660828,988,1083.0,0,0,0
Final Decision,21,160019,Somewhat,2,frequency_below_5,False,-39.87246948185918,-39.33738827288778,-18.186896854869286,902,1023.0,0,0,0
Final Decision,21,169507,skipped,1,frequency_below_5,False,-78.3707099004831,-76.91288344750652,-54.57195821479069,1101,1125.0,0,0,0
Final Decision,21,174075,messes,1,frequency_below_5,False,-60.86782475051519,-60.594337873705,-41.9798530999985,1047,1097.0,0,0,0
Final Decision,21,176483,Rode,1,frequency_below_5,False,-126.93353318170917,-126.56497794749052,-96.48763222237974,1141,1142.0,0,0,0
Final Decision,21,179129,factored,1,frequency_below_5,False,-38.19070110336387,-37.28279978907409,-20.359416136478178,914,1016.0,0,0,0
Final Decision,21,189172,loosing,1,frequency_below_5,False,-64.26223701808797,-63.34928440709213,-36.01229054899613,1033,1106.0,0,0,0
Final Decision,21,190092,consecutively,1,frequency_below_5,False,-34.05178540466373,-34.48266885735144,-9.442096836564376,820,994.5,0,0,0
Final Decision,21,208261,hetically,1,frequency_below_5,False,-75.7471808315144,-73.44203387160118,-40.97008455990498,1061,1122.0,0,0,0
Final Decision,21,208549,Addendum,1,frequency_below_5,False,-92.01859540658937,-91.88496595983844,-66.06383510802611,1124,1134.0,0,0,0
Final Decision,21,208568,agy,1,frequency_below_5,False,-96.32736480977945,-94.76944884920752,-71.78501283011859,1129,1138.0,0,0,0
Final Decision,21,224073,beca,1,frequency_below_5,False,-93.33963176389713,-92.38314690994284,-75.0265535514795,1124,1136.0,0,0,0
Final Decision,21,227187,unhelpful,1,frequency_below_5,False,-40.23013013251352,-39.39626755926464,-18.054709169210366,900,1027.0,0,0,0
Final Decision,21,228676,fatigue,1,frequency_below_5,False,-94.2296890030281,-94.13974263783817,-62.627846700079786,1126,1137.0,0,0,0
Final Decision,21,230532,betrays,1,frequency_below_5,False,-58.04941166439827,-58.3928743505794,-34.03993304951726,1008,1091.5,0,0,0
Final Decision,21,230644,Gambling,1,frequency_below_5,False,-79.75880193455075,-79.7710227551735,-45.827570451527194,1041,1127.0,0,0,0
Final Decision,21,235248,,177,unreadable,False,139.34846021264045,139.70132974641263,164.2361080939896,1,1.0,486,486,486
Final Decision,21,235249,e,3,frequency_below_5,False,35.917256401202955,35.97657428268345,51.473057864591055,69,259.0,0,0,9
Final Decision,21,235251,t,59,unreadable,False,44.03423606635765,44.160709480447636,60.51873548854629,42,185.0,0,8,27
Final Decision,21,235252,i,10,unreadable,False,50.92749863432448,50.209524510098426,72.7219119391409,29,136.5,0,16,142
Final Decision,21,235253,o,1,frequency_below_5,False,37.01194963646435,36.52200658547931,53.26567399330016,85,251.5,0,0,11
Final Decision,21,235256,s,21,unreadable,False,55.79125397412528,55.134491295501384,71.89390196007567,16,108.5,0,25,215
Final Decision,21,235258,d,15,unreadable,False,47.17580325952409,46.72996942189762,63.04671849559448,44,154.0,0,8,93
Final Decision,21,235262,m,2,frequency_below_5,False,38.3871178114726,38.00281092797562,56.28737562693845,57,239.0,0,0,21
Final Decision,21,235265,.,590,unreadable,False,110.82169248879727,110.86998938013805,138.64497801168574,2,4.0,468,486,486
Final Decision,21,235269,",",314,unreadable,False,114.12331144029136,115.62468223623404,138.0008814435278,1,3.0,478,486,486
Final Decision,21,235274,1,108,unreadable,False,80.24832675706307,79.22975238071137,100.32835248058547,2,31.5,79,410,485
Final Decision,21,235275,),3,frequency_below_5,False,55.82457776932392,51.947513354839366,87.94355668237199,7,129.0,5,99,155
Final Decision,21,235276,0,271,unreadable,False,67.61018387607031,67.42975508111539,96.28887514259029,5,60.0,10,200,431
Final Decision,21,235277,S,1,frequency_below_5,False,30.470189332084782,29.60246670949066,47.135479439755905,81,335.0,0,0,22
Final Decision,21,235278,(,1,frequency_below_5,False,71.47698483361792,71.11278815619147,92.79805241830763,15,50.0,0,255,486
Final Decision,21,235281,"""",11,unreadable,False,45.27276014112061,44.65030971374457,69.96142491158719,46,183.0,0,5,78
Final Decision,21,235283,/,4,frequency_below_5,False,76.8729929319089,77.22859721032775,98.37579530398271,10,36.0,1,435,486
Final Decision,21,235284,2,40,unreadable,False,73.43826746661578,72.73817368286134,92.77332308334877,4,46.5,21,275,472
Final Decision,21,235285,I,183,unreadable,False,69.36987455539912,69.28790499446382,88.45035886969835,10,53.0,1,213,479
Final Decision,21,235289,;,8,unreadable,False,69.38597465752095,66.21343052626466,105.76073191053364,4,67.0,59,145,466
Final Decision,21,235290,-,10,unreadable,False,86.95798590567512,87.1460204785451,105.8593315563891,5,21.0,64,486,486
Final Decision,21,235292,:,3,frequency_below_5,False,71.53851395803328,71.36405956575172,92.36573658110444,11,51.0,0,234,485
Final Decision,21,235303,',95,unreadable,False,72.27158781940832,71.8548336640159,100.35447428837777,5,48.0,11,267,484
Final Decision,21,235304,3,27,unreadable,False,63.2344668697985,63.147140476694844,84.89399174705615,7,76.0,9,127,352
Final Decision,21,235308,5,93,unreadable,False,54.668803899597975,54.65407523100826,76.02397733236215,11,110.0,0,22,221
Final Decision,21,235310,4,6,unreadable,False,54.160311192434406,54.04464064045382,76.72336785005135,12,114.5,0,25,207
Final Decision,21,235315,9,1,frequency_below_5,False,48.16241142760287,48.44529328289401,69.91772732823293,23,150.0,0,10,125
Final Decision,21,235318,6,2,frequency_below_5,False,46.753799437173434,46.579238246004785,67.23223693976952,18,163.0,0,16,114
Final Decision,21,235321,8,1,frequency_below_5,False,48.644047503460335,48.79020718022363,69.34194150581206,20,150.0,0,11,129
Final Decision,21,235324,7,2,frequency_below_5,False,46.12622093817744,45.79964992071167,67.78935132720132,33,172.0,0,16,102
Final Decision,21,235333,K,1,frequency_below_5,False,17.022431304384327,16.01880729134146,35.50223480643666,101,506.5,0,0,0
Final Decision,21,235336,?,1,frequency_below_5,False,60.81614484508681,60.4657453860118,86.97605075162808,16,84.0,0,93,335
Final Decision,21,235340,+,1,frequency_below_5,False,43.385787528929455,42.378042769014954,72.2033552320432,34,200.0,0,1,103
Final Decision,21,235341,!,1,frequency_below_5,False,69.09737759033338,68.29014049827705,94.34827221683878,5,58.0,3,193,460
Final Decision,21,235358,%,7,unreadable,False,28.059970745822323,27.08120786233104,49.80852953185778,120,349.5,0,0,0
