id,gender,race,education_level,cognitive_reflection_1,cognitive_reflection_2,cognitive_reflection_3,paranoia_score,referential_group,persecution_group,Did any of the partners deliberately sabotage you?,best_deck_chosen_proportion,wsr_avg,mu02_avg,mu03_avg,kappa_avg,omega2_avg,omega3_avg,strategy,switching,combined_reflection,comprehension_continuous,judgment_continuous,evaluation_continuous,final_decision_continuous,confidence_continuous,gpt_rationale
208,Male,Black or African American,"Bachelor's degree (e.g., BA, BS)",5,5,47,0.111111111,low,low,-2,0.65,0,-0.282902246,-0.697897805,0.466650158,1.327059207,0.648294634,no,no,no ; no,0,0,0,0,0,Auto-scored due to empty or trivial reflection.
73,Female,White,"High school degree or equivalent (e.g., GED)",10,5,47,0,low,low,-2,0.70625,0.010204082,-0.311391432,-0.863134596,0.500720865,1.46191947,0.445643419,"Not really. If someone was giving me a positive score and then changed, I'd try another time and then go back to them.",Not really. I tended to try the person who was giving good scores a couple times after they hit a negative score.,"Not really. If someone was giving me a positive score and then changed, I'd try another time and then go back to them. ; Not really. I tended to try the person who was giving good scores a couple times after they hit a negative score.",3,3.1,2.5,3.4,2,"Comprehension: [0.0, 0.0, 0.3, 0.4, 0.3]
Judgment: [0.0, 0.0, 0.2, 0.5, 0.3]
Evaluation: [0.0, 0.1, 0.4, 0.4, 0.1]
Final Decision: [0.0, 0.0, 0.1, 0.4, 0.5]
Confidence: [0.1, 0.2, 0.4, 0.2, 0.1]

Rationale:
- **Comprehension**: The participant shows an understanding of the task's feedback mechanism (positive and negative scores) and the need to adapt to changes, indicating a moderate to good comprehension. The response suggests they grasped the task's dynamic nature but lacks explicit mention of overall goals or rules.
- **Judgment**: The participant describes a basic strategy of testing and retesting individuals based on the feedback received, which shows some planning and hypothesis formation. The strategy is somewhat simplistic but indicates a methodical approach.
- **Evaluation**: The participant reflects on the effectiveness of their strategy by indicating a willingness to switch after negative feedback, showing some evaluation. However, the depth of this reflection is limited, as there is no detailed analysis of why the strategy might work or fail.
- **Final Decision**: The participant describes a consistent rule or decision strategy of sticking with a choice until it fails multiple times. This shows a clear strategy, though it's not highly sophisticated.
- **Confidence**: The participant does not express strong certainty or doubt about their approach. The use of phrases like ""Not really"" suggests some uncertainty, but there is no strong expression of confidence or self-doubt, leading to a middle-range score."
27,Male,White,"High school degree or equivalent (e.g., GED)",10,5,24,0,low,low,-3,0.41875,0.076086957,-0.089610065,0.981840743,0.624361946,-1.373826635,-1.905809196,"I tried to find someone that was helpful and even if they didn;t help keep with them until they were lsoing me a greater amount, if so I would go to the next most helpful person.",No,"I tried to find someone that was helpful and even if they didn;t help keep with them until they were lsoing me a greater amount, if so I would go to the next most helpful person. ; No",2.1,2.3,1.7,2.7,1.6,"Comprehension: [0.0, 0.3, 0.4, 0.2, 0.1]  
Judgment: [0.0, 0.2, 0.4, 0.3, 0.1]  
Evaluation: [0.1, 0.3, 0.4, 0.2, 0.0]  
Final Decision: [0.0, 0.1, 0.3, 0.4, 0.2]  
Confidence: [0.2, 0.3, 0.3, 0.1, 0.1]  

**Rationale:**

**Comprehension:** The participant seems to have a basic understanding of the task as they describe sticking with a choice until it becomes less beneficial. However, the explanation lacks depth regarding the overall goal or rules of the task, suggesting a score leaning towards ""Adequate.""

**Judgment:** The participant outlines a strategy of sticking with a choice until it proves less beneficial, indicating some form of planning or hypothesis. This shows more than rudimentary understanding but lacks sophisticated insight into strategic variability or adaptability, fitting an ""Adequate"" to ""Good"" range.

**Evaluation:** The participant mentions switching when a choice starts ""losing me a greater amount,"" which shows some reflection on the strategy's effectiveness. However, the reflection on why this strategy worked or didn't is minimal, suggesting a score around ""Adequate.""

**Final Decision:** The participant describes a consistent rule of staying with a choice until it becomes less beneficial and then switching. This indicates some clarity in decision-making strategy, aligning with a ""Good"" score, though not fully sophisticated or deeply reasoned.

**Confidence:** The participant does not explicitly express confidence or doubt about their strategy. The brief and somewhat unclear response suggests uncertainty, fitting a score around ""Adequate."" The lack of strong confidence or self-assurance in their reflection supports this estimation."
222,Female,Black or African American,"Associate degree (e.g., AA, AS)",0.09,5,24,0,low,low,0,0.54375,0.136217949,-0.070645998,-1.237891288,0.4698502,1.463288778,-0.708075736,No,Only choosing a different person.,No ; Only choosing a different person.,0.2,0.2,0.1,0.2,0.3,"Comprehension: [0.8, 0.2, 0.0, 0.0, 0.0]  
Judgment: [0.8, 0.2, 0.0, 0.0, 0.0]  
Evaluation: [0.9, 0.1, 0.0, 0.0, 0.0]  
Final Decision: [0.8, 0.2, 0.0, 0.0, 0.0]  
Confidence: [0.7, 0.3, 0.0, 0.0, 0.0]  

Rationale: The participant's reflection is extremely brief and lacks depth across all dimensions. The response ""No ; Only choosing a different person."" does not clearly address the reflection questions regarding strategy use or changes in strategy during the task. 

- **Comprehension**: The response does not demonstrate an understanding of the task rules, structure, or goal. The probability is high (0.8) that the comprehension is absent.
- **Judgment**: There is no clear evidence of forming a hypothesis or plan about how to act, leading to a high probability (0.8) of absence in this dimension.
- **Evaluation**: The participant does not reflect on whether their strategy worked or why, which suggests a high probability (0.9) of absence in evaluation.
- **Final Decision**: The response does not describe a consistent rule or decision strategy, indicating a high probability (0.8) that this dimension is absent.
- **Confidence**: The participant does not express certainty or doubt about their approach or understanding, leading to a high probability (0.7) of absence in expressing confidence.

Overall, the reflection lacks the necessary detail and insight to score highly in any of the metacognitive dimensions."
419,Male,White,"Bachelor's degree (e.g., BA, BS)",10,100,47,2.444444444,high,high,2,0.48125,0.357057416,-0.023597983,0.982456867,0.621954307,-1.372757056,-1.932198543,nothing to strategy,no strategy,nothing to strategy ; no strategy,0.2,0.2,0.2,0.2,0.2,"Comprehension: [0.8, 0.2, 0.0, 0.0, 0.0]  
Judgment: [0.8, 0.2, 0.0, 0.0, 0.0]  
Evaluation: [0.8, 0.2, 0.0, 0.0, 0.0]  
Final Decision: [0.8, 0.2, 0.0, 0.0, 0.0]  
Confidence: [0.8, 0.2, 0.0, 0.0, 0.0]  

**Rationale:**  
The participant's reflection, ""nothing to strategy ; no strategy"", provides minimal insight into their understanding or approach to the task. This response suggests a lack of engagement with the task's strategic elements, leading to high probabilities of scoring low across all dimensions.

- **Comprehension:** The participant does not demonstrate an understanding of the task rules, structure, or goal, as they claim to have used ""no strategy."" This suggests a lack of comprehension or a disregard for the task's requirements.
- **Judgment:** The statement implies no hypothesis or plan was formed, as the participant explicitly states there was ""no strategy.""
- **Evaluation:** There is no reflection on whether a strategy worked or why, as the participant indicates they did not employ any strategy.
- **Final Decision:** The participant does not describe any consistent rule or decision strategy, reinforcing the notion of ""no strategy.""
- **Confidence:** The participant's brief response does not explicitly express certainty or doubt about their approach; however, the assertion of having ""no strategy"" might imply a certain level of confidence or resignation about this approach.

Given the brevity and content of the reflection, the probabilities are skewed towards lower scores, reflecting the absence of detailed metacognitive engagement with the task."
11,Male,White,"Bachelor's degree (e.g., BA, BS)",10,100,47,0,low,low,2,0.69375,0.008928572,-0.782634438,-3.434876325,0.436887676,0.645468325,-1.348705077,Just rotated around seeing which was beneficial,No,Just rotated around seeing which was beneficial ; No,1.2,2.1,0.3,2.1,1.2,"Comprehension: [0.0, 0.8, 0.2, 0.0, 0.0]  
Judgment: [0.0, 0.1, 0.7, 0.2, 0.0]  
Evaluation: [0.7, 0.3, 0.0, 0.0, 0.0]  
Final Decision: [0.0, 0.0, 0.9, 0.1, 0.0]  
Confidence: [0.1, 0.6, 0.3, 0.0, 0.0]  

Rationale:  
- **Comprehension**: The participant's statement ""Just rotated around seeing which was beneficial"" suggests a rudimentary understanding of the task's goal (to find beneficial choices), but lacks depth or clarity about the structure or rules, hence a high probability for a score of 1.
- **Judgment**: The participant indicates a basic strategy (""rotated around"") which shows some planning or hypothesis about how to act, but it's not detailed or sophisticated, leading to a higher probability for a score of 2.
- **Evaluation**: The reflection lacks any substantive evaluation of whether the strategy worked or why, leading to a high probability for a score of 0.
- **Final Decision**: The participant's response indicates they did not switch strategies, suggesting a consistent but not necessarily effective or reflective decision strategy, hence a high probability for a score of 2.
- **Confidence**: The participant's brief and vague response does not clearly express certainty or doubt about their approach, suggesting a higher probability for lower scores in this dimension."
34,Male,White,"High school degree or equivalent (e.g., GED)",0.05,5,47,0.277777778,low,low,NA,0.4625,0.359375,-0.004209998,0.961440215,0.625726162,-1.227583942,-1.897650157,Yes whenever I saw the amount of money I kept hitting that button,no,Yes whenever I saw the amount of money I kept hitting that button ; no,2.1,2.8,0.2,3.4,3.4,"Comprehension: [0.0, 0.1, 0.7, 0.2, 0.0]
Judgment: [0.0, 0.0, 0.3, 0.6, 0.1]
Evaluation: [0.8, 0.2, 0.0, 0.0, 0.0]
Final Decision: [0.0, 0.0, 0.1, 0.4, 0.5]
Confidence: [0.0, 0.0, 0.1, 0.4, 0.5]

**Rationale:**
- **Comprehension:** The participant shows a basic understanding of the task's reward mechanism by focusing on the amount of money and responding to it. However, the reflection lacks depth about the overall structure or goal of the task, suggesting a score leaning towards ""Adequate.""
- **Judgment:** The participant indicates a simple strategy based on the observed reward, which reflects some planning or hypothesis formation about how to act. The response suggests a moderate level of judgment, leaning towards ""Good.""
- **Evaluation:** The participant does not reflect on the effectiveness of their strategy or why it might have worked or not, indicating a high probability of an ""Absent"" score in this dimension.
- **Final Decision:** The participant's strategy seems consistent, as indicated by repeatedly hitting the same button when seeing the amount of money. This suggests a clearer rule or decision strategy, leaning towards ""Good"" or ""Exemplary.""
- **Confidence:** The participant's brief and straightforward response does not explicitly express confidence or doubt, but the simplicity and directness might imply some level of confidence in their approach, leaning towards ""Good."""
454,Female,White,"Bachelor's degree (e.g., BA, BS)",0.9,5,47,0.111111111,low,low,-2,0.61875,0.008064516,-0.28040959,-2.19497405,0.458900998,1.117288629,-0.160548007,"if i got negative value, i would try a different person","no, stayed the same","if i got negative value, i would try a different person ; no, stayed the same",2.1,2.8,2.9,3.9,3.4,"Comprehension: [0.0, 0.1, 0.7, 0.2, 0.0]  
Judgment: [0.0, 0.0, 0.3, 0.6, 0.1]  
Evaluation: [0.0, 0.0, 0.2, 0.7, 0.1]  
Final Decision: [0.0, 0.0, 0.0, 0.1, 0.9]  
Confidence: [0.0, 0.0, 0.1, 0.4, 0.5]  

**Rationale:**

**Comprehension:**  
The participant's reflection shows a basic understanding of the task's feedback mechanism (negative value leads to a strategy change). However, the explanation lacks depth about the overall task structure or goals, hence a higher probability for an ""Adequate"" score.

**Judgment:**  
The participant indicates a clear plan or hypothesis (switching choices upon receiving a negative outcome), which shows some strategic thinking. The reflection suggests a moderate level of planning, leaning towards a ""Good"" score.

**Evaluation:**  
The participant implicitly reflects on the effectiveness of their strategy by sticking to it throughout, suggesting it worked for them. This indicates a good level of self-assessment, thus a higher probability for a ""Good"" score.

**Final Decision:**  
The participant explicitly states they did not change their strategy (""no, stayed the same""), indicating a very strong adherence to their chosen approach. This clarity and consistency in their decision-making process justify a high probability for an ""Exemplary"" score.

**Confidence:**  
The participant's brief response does not explicitly state confidence, but the decision to stick with a single strategy throughout the task suggests a high level of confidence in their chosen method. This is reflected in the higher probabilities for ""Good"" and ""Exemplary"" scores."
184,Male,White,"Bachelor's degree (e.g., BA, BS)",0.1,5,47,1.722222222,low,high,1,0.51875,0.18627451,-0.013037963,0.49172658,0.545852633,-0.198433332,-1.035655959,I guessed,No,I guessed ; No,0.1,0.1,0.1,0.1,0.1,"Comprehension: [0.9, 0.1, 0.0, 0.0, 0.0]  
Judgment: [0.9, 0.1, 0.0, 0.0, 0.0]  
Evaluation: [0.9, 0.1, 0.0, 0.0, 0.0]  
Final Decision: [0.9, 0.1, 0.0, 0.0, 0.0]  
Confidence: [0.9, 0.1, 0.0, 0.0, 0.0]  

**Rationale:**  
The participant's reflection, ""I guessed ; No,"" provides minimal insight into their metacognitive processes during the task. The response is extremely brief and lacks depth across all dimensions of the Metacognitive Prompting framework.

- **Comprehension:** The participant does not demonstrate an understanding of the task rules, structure, or goal. The use of ""guessed"" suggests a lack of engagement with the task's requirements, leading to a high probability of a score of 0.
- **Judgment:** There is no evidence of forming a hypothesis or plan about how to act, other than random guessing. This indicates a lack of strategic thinking or planning, justifying a high probability of a score of 0.
- **Evaluation:** The participant does not reflect on whether their strategy worked or why, which is critical for this dimension. The absence of any evaluative comments supports a high probability of a score of 0.
- **Final Decision:** The participant does not describe any consistent rule or decision strategy they ultimately applied. The response ""No"" to changing strategies does not provide information about any decision-making process, leading to a high probability of a score of 0.
- **Confidence:** The participant's brief response does not express any certainty or doubt about their approach or understanding. The lack of any substantive content leads to a high probability of a score of 0.

Overall, the reflection lacks the necessary depth and detail to score above a rudimentary level in any of the MP dimensions."
260,Female,White,"Bachelor's degree (e.g., BA, BS)",5,5,47,0.611111111,low,low,-2,0.63125,0.044444445,-0.43061218,-2.968299543,0.44814588,0.467594312,-1.173001546,"Yes, I went left to right, if we failed two times in a row I would move down to the next person.  Switching back to the person on the far left if I failed with the rightmost person twice.","No, I pretty much stuck with that strategy throughout the game.","Yes, I went left to right, if we failed two times in a row I would move down to the next person.  Switching back to the person on the far left if I failed with the rightmost person twice. ; No, I pretty much stuck with that strategy throughout the game.",3.4,3.5,2.7,3.8,3.5,"Comprehension: [0.0, 0.0, 0.1, 0.4, 0.5]  
Judgment: [0.0, 0.0, 0.1, 0.3, 0.6]  
Evaluation: [0.0, 0.1, 0.3, 0.4, 0.2]  
Final Decision: [0.0, 0.0, 0.0, 0.2, 0.8]  
Confidence: [0.0, 0.0, 0.1, 0.3, 0.6]  

**Rationale:**

**Comprehension:** The participant clearly understood the task rules and structure, as evidenced by their systematic approach to moving from left to right and switching based on specific failure conditions. The reflection shows a good grasp of the task's mechanics, hence the high scores in the upper range.

**Judgment:** The participant formed a clear hypothesis or plan (moving left to right and switching after two failures), indicating a structured approach to the task. The reflection shows a thoughtful plan, thus scoring higher in the judgment dimension.

**Evaluation:** The participant did reflect on their strategy's effectiveness to some extent, mentioning sticking with it throughout the game, which implies some level of evaluation. However, there's less depth on why this strategy was effective or not, leading to a moderate score.

**Final Decision:** The participant described a consistent rule or decision strategy they applied throughout the task, with clear rules on when to switch. This shows a high level of adherence to a final decision strategy, justifying a high score.

**Confidence:** The participant expressed a degree of certainty in their approach by sticking to their strategy throughout the game and clearly articulating the rules they followed. This suggests confidence in their understanding and strategy, warranting a higher score in this dimension."
116,Male,White,"Master's degree (e.g., MA, MS, MEd)",0.1,100,47,0,low,low,-2,0.54375,0,-0.065223921,-1.077851771,0.466501211,1.530308747,0.328793416,I tried to alternate between partners to find the most valuable one,Not really. The 2nd partner seemed to be the most valuable in most cases,I tried to alternate between partners to find the most valuable one ; Not really. The 2nd partner seemed to be the most valuable in most cases,3,3.1,2.5,3.4,2.7,"Comprehension: [0.0, 0.0, 0.3, 0.4, 0.3]  
Judgment: [0.0, 0.0, 0.2, 0.5, 0.3]  
Evaluation: [0.0, 0.1, 0.4, 0.4, 0.1]  
Final Decision: [0.0, 0.0, 0.1, 0.4, 0.5]  
Confidence: [0.0, 0.1, 0.3, 0.4, 0.2]  

**Rationale:**

**Comprehension:** The participant shows a basic understanding of the task by recognizing the need to alternate between options to find the most valuable one. The reflection indicates some understanding but lacks depth about the overall structure or goal beyond finding the ""most valuable"" partner. The probabilities reflect a good but not exemplary understanding.

**Judgment:** The participant formed a basic plan to alternate between partners, which shows some level of strategic thinking. However, the strategy is not elaborated upon deeply, suggesting a good but not sophisticated level of judgment.

**Evaluation:** The participant reflects on the effectiveness of their strategy by noting that the second partner seemed most valuable, indicating some evaluation. However, there is minimal insight into why this might be the case or a deeper analysis of the strategy's effectiveness across different scenarios.

**Final Decision:** The participant seems to have settled on focusing more on the second partner as the task progressed, indicating a decision strategy. The reflection suggests a reasonably clear final decision but lacks a detailed explanation of how this decision was reached or its implications.

**Confidence:** The participant does not express strong confidence or doubt explicitly. The reflection suggests a moderate level of certainty about their approach, as they did not switch strategies and identified a seemingly effective option. However, there is some uncertainty implied by the lack of depth in their evaluation and justification."
176,Male,Asian,"Master's degree (e.g., MA, MS, MEd)",5,5,47,0.222222222,low,low,-2,0.5625,0.149891775,-0.060053126,0.558862637,0.598645906,0.097631535,-0.933494473,No I did not use any strategies.,"No, I just picked the ones that seemed more likely.","No I did not use any strategies. ; No, I just picked the ones that seemed more likely.",2.2,1.1,0.1,2.1,3.3,"Comprehension: [0.0, 0.0, 0.8, 0.2, 0.0]  
Judgment: [0.0, 0.9, 0.1, 0.0, 0.0]  
Evaluation: [0.9, 0.1, 0.0, 0.0, 0.0]  
Final Decision: [0.0, 0.0, 0.9, 0.1, 0.0]  
Confidence: [0.0, 0.0, 0.0, 0.7, 0.3]  

Rationale:  
- **Comprehension**: The participant's response suggests a basic understanding of the task as they mention picking options that ""seemed more likely."" This indicates some grasp of the probabilistic nature of the task, hence a higher probability for an ""Adequate"" score.
- **Judgment**: The participant explicitly states they did not use any strategies, which implies a lack of deliberate planning or hypothesis formation. This is almost entirely absent, thus a high probability for a ""Rudimentary"" score.
- **Evaluation**: There is no reflection on the effectiveness of their approach or any reasoning about why they chose as they did, beyond the minimal acknowledgment of likelihood. This dimension is largely absent.
- **Final Decision**: The participant indicates a consistent approach of choosing based on perceived likelihood, which suggests some form of decision rule, albeit a simple one. This leans towards an ""Adequate"" score.
- **Confidence**: The participant does not explicitly express confidence or doubt about their approach. However, the straightforward and unambiguous statement about their method suggests a degree of implicit confidence, warranting a higher score in this dimension."
330,Female,White,"Master's degree (e.g., MA, MS, MEd)",10,5,24,1.055555556,high,low,-2,0.575,0,-0.104090524,0.247646797,0.397885325,2.424997289,0.844233719,"not at first, then I moved on as soon as my partner went negative",I only switched once I got the feel of what was happening,"not at first, then I moved on as soon as my partner went negative ; I only switched once I got the feel of what was happening",2.1,2.2,1.7,2.7,1.8,"Comprehension: [0.0, 0.3, 0.4, 0.2, 0.1]  
Judgment: [0.0, 0.2, 0.5, 0.2, 0.1]  
Evaluation: [0.1, 0.4, 0.3, 0.1, 0.1]  
Final Decision: [0.0, 0.1, 0.3, 0.4, 0.2]  
Confidence: [0.1, 0.3, 0.4, 0.1, 0.1]  

**Rationale:**

**Comprehension:** The participant's reflection suggests a basic understanding of the task dynamics as they mention adapting their strategy based on their partner's performance. However, the depth of understanding the task rules or structure isn't explicitly clear, hence a higher probability for a score of 2 (Adequate).

**Judgment:** The participant indicates some form of planning or hypothesis formation as they decided to switch strategies based on the unfolding situation. The reflection lacks detail on the specifics of the judgment process, leading to a higher score in the Adequate range.

**Evaluation:** The participant does reflect on the effectiveness of their strategy by implicitly suggesting that they switched upon observing a negative outcome. However, there is minimal insight into why they believed the strategy worked or didn't, thus a higher score in the Rudimentary to Adequate range.

**Final Decision:** The participant describes a decision to switch strategies, indicating some level of consistent rule application towards the end. The reflection suggests a moderate level of clarity in their final decision-making process, justifying a higher score in the Good range.

**Confidence:** The participant's confidence in their approach or understanding is not strongly conveyed. There is an implicit sense of trial and error, suggesting some uncertainty. This leads to a higher probability in the Adequate range, with some possibility of Rudimentary or Good."
120,Male,White,"High school degree or equivalent (e.g., GED)",5,5,47,0,low,low,-2,0.4875,0.381097561,-0.014418189,0.304490016,0.568404784,-0.241795954,-0.949711556,"Rode the hot hand. When it started being negative more, went to the right",I would occasionally do something different but it wasn't for long.,"Rode the hot hand. When it started being negative more, went to the right ; I would occasionally do something different but it wasn't for long.",2.5,3.1,2.7,2.7,1.7,"Comprehension: [0.0, 0.1, 0.4, 0.4, 0.1]
Judgment: [0.0, 0.0, 0.2, 0.5, 0.3]
Evaluation: [0.0, 0.1, 0.3, 0.4, 0.2]
Final Decision: [0.0, 0.1, 0.3, 0.4, 0.2]
Confidence: [0.1, 0.3, 0.4, 0.2, 0.0]

Rationale:
- **Comprehension**: The participant shows some understanding of the task as they mention reacting to negative outcomes and changing their choice. However, the reflection lacks depth in explaining the task structure or goals, suggesting a score leaning towards ""Adequate"" to ""Good"".
- **Judgment**: The participant indicates a strategy (""Rode the hot hand"") and a response to changing conditions (""went to the right""), which shows some planning and hypothesis formation. The reflection suggests a ""Good"" understanding with some possibility of being ""Exemplary"".
- **Evaluation**: The participant reflects on the effectiveness of their strategy by noting the change when outcomes became negative, indicating some evaluation. The reflection is more towards ""Good"" but not fully comprehensive.
- **Final Decision**: The participant mentions sticking to a strategy but also occasionally trying something different. This shows some consistency but also flexibility, aligning with a ""Good"" score but not fully exemplary.
- **Confidence**: The participant's language shows some uncertainty and lack of firm commitment to the strategy (""occasionally do something different""), suggesting moderate confidence. The probabilities lean towards ""Adequate"" with some uncertainty reflected in the score."
59,Male,Black or African American,"Bachelor's degree (e.g., BA, BS)",5,100,47,1.944444444,low,high,-2,0.725,0,-0.26288615,-1.943488175,0.486527784,0.924220335,0.061628053,I was switching to a different partner on the first sign that they were giving me -50 scores. This was especially true when they would give me multiple 100 scores in a row and then suddenly start spitting out -50 scores.,"I think that I kept to my strategy, which was switching to a different partner the on the first sign that they were giving me -50 scores. When a partner was giving me multiple 100 scores, I stuck with them. The second they gave me a -50 score, I switched to a different partner.","I was switching to a different partner on the first sign that they were giving me -50 scores. This was especially true when they would give me multiple 100 scores in a row and then suddenly start spitting out -50 scores. ; I think that I kept to my strategy, which was switching to a different partner the on the first sign that they were giving me -50 scores. When a partner was giving me multiple 100 scores, I stuck with them. The second they gave me a -50 score, I switched to a different partner.",3.4,3.4,3.3,3.8,3.8,"Comprehension: [0.0, 0.0, 0.1, 0.4, 0.5]  
Judgment: [0.0, 0.0, 0.1, 0.4, 0.5]  
Evaluation: [0.0, 0.0, 0.2, 0.3, 0.5]  
Final Decision: [0.0, 0.0, 0.0, 0.2, 0.8]  
Confidence: [0.0, 0.0, 0.0, 0.2, 0.8]  

Rationale:  
- **Comprehension**: The participant clearly understood the task rules and goals, as evidenced by their ability to describe the task's reward structure and their response to it. The reflection shows a good grasp of the task dynamics, hence the high scores.
- **Judgment**: The participant formed a clear hypothesis or plan (switching partners upon receiving a -50 score), which they consistently applied. This shows a well-defined strategy, justifying a high score.
- **Evaluation**: The participant reflects on the effectiveness of their strategy by indicating consistency in their actions based on the outcomes (100 or -50 scores). They show some depth in evaluating the strategy's outcomes, leading to a higher score.
- **Final Decision**: The participant describes a consistent rule or decision strategy (switching partners upon receiving a -50 score) that they applied throughout the task. This clear articulation of a decision rule warrants a high score.
- **Confidence**: The participant expresses a high level of certainty in their approach, as they consistently applied their strategy and described it without ambiguity or doubt. This confidence in their strategy execution supports a high score."
48,Male,White,"High school degree or equivalent (e.g., GED)",5,5,47,0.166666667,low,low,-3,0.6125,0.039141415,-0.425732206,-1.441031063,0.458796799,1.166691172,-0.528649294,"The strategy I used the most was if a partner caused two failures in a row, I switched to someone else.",Initially I switched whenever a failure occurred but realized that I was making enough success to tolerate two failures before deciding to move on.,"The strategy I used the most was if a partner caused two failures in a row, I switched to someone else. ; Initially I switched whenever a failure occurred but realized that I was making enough success to tolerate two failures before deciding to move on.",3.4,3.5,3.3,3.4,3,"Comprehension: [0.0, 0.0, 0.1, 0.4, 0.5]
Judgment: [0.0, 0.0, 0.1, 0.3, 0.6]
Evaluation: [0.0, 0.0, 0.2, 0.3, 0.5]
Final Decision: [0.0, 0.0, 0.1, 0.4, 0.5]
Confidence: [0.0, 0.1, 0.2, 0.3, 0.4]

**Rationale:**
- **Comprehension:** The participant clearly understood the task rules and structure, as evidenced by their ability to articulate a specific strategy based on the outcomes of their actions (two failures leading to a switch). The reflection shows a good grasp of the task's goal, hence the high scores towards 4.
- **Judgment:** The participant formed a clear hypothesis about how to act, initially switching after one failure and then adjusting to two. This shows a thoughtful planning process, meriting a high score.
- **Evaluation:** The participant reflected on the effectiveness of their initial strategy and made adjustments based on their success rate, indicating a good level of self-evaluation and understanding of strategy effectiveness.
- **Final Decision:** The participant described a consistent rule they applied after initial adjustments, showing a clear decision strategy by the end of the task.
- **Confidence:** The participant expressed some level of certainty in their approach by sticking to a modified strategy after evaluating its effectiveness, though there is still some implied uncertainty as they did not explicitly state their confidence level, hence a slightly lower score in this dimension."
31,Male,White,"Bachelor's degree (e.g., BA, BS)",10,100,24,0.388888889,low,low,2,0.6625,0,-0.39530111,-0.910215923,0.449238067,1.989529812,-0.560985385,I didn't.,"Not really, just tapping about and seeing what was what ☺","I didn't. ; Not really, just tapping about and seeing what was what ☺",0.4,0.3,0.1,0.2,1.7,"Comprehension: [0.7, 0.2, 0.1, 0.0, 0.0]  
Judgment: [0.8, 0.1, 0.1, 0.0, 0.0]  
Evaluation: [0.9, 0.1, 0.0, 0.0, 0.0]  
Final Decision: [0.8, 0.2, 0.0, 0.0, 0.0]  
Confidence: [0.1, 0.3, 0.4, 0.2, 0.0]  

Rationale:
- **Comprehension**: The participant's response suggests a minimal understanding of the task, as indicated by ""just tapping about and seeing what was what."" This implies some awareness but lacks depth or clarity about the task's structure or goals, hence a higher probability for a score of 0.
- **Judgment**: The participant does not describe forming any specific hypothesis or plan, as indicated by the casual nature of their approach. The response suggests a very rudimentary level of judgment, leading to a high probability for a score of 0.
- **Evaluation**: There is no reflection on whether the strategy worked or why, as the participant does not seem to have applied a deliberate strategy. This leads to a high probability for a score of 0.
- **Final Decision**: The participant does not describe any consistent rule or decision strategy, as the approach was random. This results in a high probability for a score of 0.
- **Confidence**: The participant shows some level of confidence or at least nonchalance about their approach, as indicated by the casual tone and smiley face. This suggests some degree of self-assuredness in their method, albeit not a strategic one, leading to a higher probability for scores around 1 and 2."
190,Male,Black or African American,"Bachelor's degree (e.g., BA, BS)",0.1,5,47,0,low,low,1,0.66875,0.05,-0.109586443,-0.545016862,0.456532776,1.920643628,0.257598476,no,no,no ; no,0,0,0,0,0,Auto-scored due to empty or trivial reflection.
269,Female,"American Indian or Alaska Native,Black or African American,White","Some college or university, no degree",10,100,24,0.055555556,low,low,2,0.5875,0.00877193,-0.089272907,-1.499252031,0.447724575,1.204099167,-0.041593392,"If I got negative points, I typically switched to a different player, one that I noticed consistently gave me more positive points.","No, I pretty much stuck to my strategy.","If I got negative points, I typically switched to a different player, one that I noticed consistently gave me more positive points. ; No, I pretty much stuck to my strategy.",3.4,3.3,3,3.6,3.6,"Comprehension: [0.0, 0.0, 0.1, 0.4, 0.5]  
Judgment: [0.0, 0.0, 0.2, 0.3, 0.5]  
Evaluation: [0.0, 0.0, 0.3, 0.4, 0.3]  
Final Decision: [0.0, 0.0, 0.1, 0.2, 0.7]  
Confidence: [0.0, 0.0, 0.1, 0.2, 0.7]  

**Rationale:**

**Comprehension:** The participant shows a good understanding of the task rules and goals, as evidenced by their strategy of switching players based on the points received. The response indicates a clear grasp of the task's probabilistic nature and the goal of maximizing points, warranting a high score.

**Judgment:** The participant formed a clear hypothesis or plan (switching players based on performance), which is articulated in the response. This shows a good level of judgment in forming a strategy based on observed outcomes, deserving a high score.

**Evaluation:** The participant reflects on the effectiveness of their strategy by indicating that they switched to players who ""consistently gave me more positive points."" This shows some evaluation of strategy effectiveness, though it lacks depth in explaining why some strategies might have worked better than others.

**Final Decision:** The participant describes a consistent rule or decision strategy (switching to better-performing players) and also mentions sticking to this strategy throughout the task. This indicates a strong adherence to a chosen strategy, justifying a high score.

**Confidence:** The participant expresses a clear and straightforward strategy without indicating any doubt about their approach or understanding. The confidence in their strategy and decision to stick with it throughout the task suggests a high level of confidence."
142,Female,White,"Master's degree (e.g., MA, MS, MEd)",5,100,47,0.055555556,low,low,-1,0.5,0.032608696,-0.688638118,-2.194902461,0.454228647,0.845449051,0.017223172,"If I lost points I would pick the same person one more time to determine if it was just a bad day or not. If it was negative again, I would switch people.",No I don't think so.,"If I lost points I would pick the same person one more time to determine if it was just a bad day or not. If it was negative again, I would switch people. ; No I don't think so.",2.5,3.1,2.9,3.4,2.7,"Comprehension: [0.0, 0.1, 0.4, 0.4, 0.1]
Judgment: [0.0, 0.0, 0.2, 0.5, 0.3]
Evaluation: [0.0, 0.0, 0.3, 0.5, 0.2]
Final Decision: [0.0, 0.0, 0.1, 0.4, 0.5]
Confidence: [0.0, 0.1, 0.3, 0.4, 0.2]

**Rationale:**

**Comprehension:** The participant shows an understanding of the task's structure by recognizing the need to reassess a choice after a negative outcome. The strategy of giving a ""person"" a second chance suggests an understanding of the probabilistic nature of the task. The response is somewhat clear but lacks depth in explaining the full task structure, hence a higher probability for scores 2 and 3.

**Judgment:** The participant's strategy involves forming a hypothesis (giving a second chance to confirm a pattern) before changing the decision. This indicates a planned approach to decision-making, meriting a higher score in judgment, leaning towards good (3) and exemplary (4).

**Evaluation:** The participant reflects on the effectiveness of their strategy by deciding to switch after a repeated negative outcome, showing some evaluation of their approach's success. This reflection is somewhat clear but not deeply insightful, suggesting a higher score in the good range.

**Final Decision:** The participant describes a consistent rule for their decision-making process (giving a second chance before switching), which is articulated with moderate clarity. The strategy is somewhat sophisticated, indicating a higher probability for scores 3 and 4.

**Confidence:** The participant does not explicitly express confidence or doubt about their strategy, but the use of a conditional plan (""if it was negative again, I would switch"") suggests some level of certainty in their approach. The response leans more towards adequate and good, with some probability for exemplary due to the structured decision-making process."
281,Female,White,"Associate degree (e.g., AA, AS)",5,5,47,0,low,low,-2,0.55,0.071428572,0.069597636,0.578598945,0.414917496,2.772852357,-0.9272557,I tried to watch which one came up with 100 the most.,"Yes. If one stopped coming up with 100, I would try another one.","I tried to watch which one came up with 100 the most. ; Yes. If one stopped coming up with 100, I would try another one.",3,3.1,3,3.2,3.2,"Comprehension: [0.0, 0.0, 0.3, 0.4, 0.3]  
Judgment: [0.0, 0.0, 0.2, 0.5, 0.3]  
Evaluation: [0.0, 0.0, 0.3, 0.4, 0.3]  
Final Decision: [0.0, 0.0, 0.2, 0.4, 0.4]  
Confidence: [0.0, 0.0, 0.2, 0.4, 0.4]  

Rationale:
- **Comprehension**: The participant shows a basic understanding of the task's goal, which is to identify the option that most frequently results in a reward (score of 100). The response indicates a grasp of the task structure but lacks depth in explaining the rules or the overall goal beyond the immediate task, hence the distribution leaning towards a good understanding but not exemplary.
- **Judgment**: The participant formed a basic plan to monitor which option yielded the highest reward and to switch upon a decrease in reward frequency. This shows a clear strategy formation but lacks a sophisticated approach to hypothesis testing or anticipation of changes, thus a higher probability towards a good score.
- **Evaluation**: The participant reflects on the effectiveness of their strategy by monitoring outcomes and adjusting based on those outcomes. This indicates some level of strategy evaluation, but the depth of this reflection is not fully developed, leading to a higher score in the good range.
- **Final Decision**: The participant describes a consistent rule or decision strategy by switching options when the previously chosen option stops yielding the highest reward. This strategy is clear but not detailed in terms of how quickly or under what specific conditions they switch, thus a higher score in the good range.
- **Confidence**: The participant does not explicitly express confidence or doubt about their strategy. However, the straightforward statement of their approach suggests a moderate level of confidence in their method, reflected in the higher scores towards good and exemplary, assuming implicit confidence in their decision-making process."
231,Male,Asian,"Associate degree (e.g., AA, AS)",0.05,5,47,0.722222222,low,low,1,0.58125,0.010204082,-0.202767433,-1.581438314,0.453596947,1.610606418,-0.226584944,"If I found a student that gave me 100, I tried to stick with them until they started losing me points.",No.,"If I found a student that gave me 100, I tried to stick with them until they started losing me points. ; No.",2.5,2.7,2.8,3.7,4,"Comprehension: [0.0, 0.0, 0.5, 0.5, 0.0]  
Judgment: [0.0, 0.0, 0.3, 0.7, 0.0]  
Evaluation: [0.0, 0.0, 0.2, 0.8, 0.0]  
Final Decision: [0.0, 0.0, 0.0, 0.3, 0.7]  
Confidence: [0.0, 0.0, 0.0, 0.0, 1.0]  

**Rationale:**

**Comprehension:** The participant shows an understanding of the task's basic mechanics, as they mention sticking with a choice that yields high points. However, the reflection lacks depth in explaining the overall goal or structure beyond this point, suggesting a moderate understanding. Hence, the probabilities are split between ""Adequate"" and ""Good.""

**Judgment:** The participant indicates a clear plan or hypothesis by choosing to stick with a ""student"" that gives high points. This demonstrates some strategic planning, leaning more towards a ""Good"" understanding of how to approach the task, but not quite exemplary as the strategy is quite straightforward.

**Evaluation:** The participant reflects on the effectiveness of their strategy by noting the point at which they would abandon their chosen option (""until they started losing me points""). This shows a good level of self-assessment, warranting a higher score in ""Evaluation.""

**Final Decision:** The participant describes a consistent rule or decision strategy (""stick with them until they started losing me points""), which is clear and somewhat sophisticated given the probabilistic nature of the task. This suggests a strong adherence to a chosen strategy, meriting a higher score in ""Final Decision.""

**Confidence:** The participant's response, particularly the use of a definitive statement and a clear strategy without expressing any doubt, indicates a high level of confidence in their approach. The lack of any questioning or uncertainty about their strategy justifies a high score in ""Confidence."""
241,Male,Black or African American,"Associate degree (e.g., AA, AS)",10,10,47,2.611111111,high,high,-2,0.4375,0.559166667,-0.001491542,1.005897394,0.612252648,-1.6619011,-1.959486975,No. I guessed,Yes. With each percentage I switch people.,No. I guessed ; Yes. With each percentage I switch people.,1.6,2.5,1.5,2.3,1.7,"Comprehension: [0.1, 0.4, 0.3, 0.2, 0.0]  
Judgment: [0.0, 0.1, 0.4, 0.4, 0.1]  
Evaluation: [0.2, 0.3, 0.3, 0.2, 0.0]  
Final Decision: [0.0, 0.2, 0.4, 0.3, 0.1]  
Confidence: [0.1, 0.3, 0.4, 0.2, 0.0]  

**Rationale:**

**Comprehension:** The participant's response indicates a basic understanding of the task as they mention switching strategies based on percentages, which suggests some grasp of the task's probabilistic nature. However, the response lacks depth or clarity about the full structure or goal of the task, hence the higher probabilities for lower scores.

**Judgment:** The participant mentions a strategy of switching ""people"" based on percentages, which implies some form of hypothesis or plan about how to act. The response, however, is not very detailed or sophisticated, leading to a higher probability for middle scores.

**Evaluation:** The participant's reflection on whether their strategy worked is implied but not explicitly detailed. They mention switching strategies, which suggests some level of evaluation, but do not provide reasons for the effectiveness of these changes, leading to a moderate score probability.

**Final Decision:** The participant indicates a decision strategy of switching based on percentages, but the explanation is vague and lacks a clear, consistent rule. This warrants a moderate score, as there is some indication of a strategy but not a well-articulated one.

**Confidence:** The participant's confidence in their approach is not clearly expressed. The use of a guessing strategy initially and the brief mention of strategy switching suggest some uncertainty or lack of full confidence in their approach, leading to higher probabilities for lower scores."
483,Female,White,"High school degree or equivalent (e.g., GED)",0.1,5,24,1.666666667,low,high,1,0.44375,0,-0.647553691,-2.824380183,0.456574578,0.496154282,-0.997011466,I noticed when the person I was working with caused me to lose 50 several times in a row. I would try to find the more helpful person.,Only switched people when I got too many -50 in a row.,I noticed when the person I was working with caused me to lose 50 several times in a row. I would try to find the more helpful person. ; Only switched people when I got too many -50 in a row.,2.5,3.1,2.9,3.4,2.7,"Comprehension: [0.0, 0.1, 0.4, 0.4, 0.1]  
Judgment: [0.0, 0.0, 0.2, 0.5, 0.3]  
Evaluation: [0.0, 0.0, 0.3, 0.5, 0.2]  
Final Decision: [0.0, 0.0, 0.1, 0.4, 0.5]  
Confidence: [0.0, 0.1, 0.3, 0.4, 0.2]  

Rationale:
- **Comprehension**: The participant shows an understanding of the task's goal (to avoid negative outcomes and find a better option) but does not explicitly mention understanding the rules or structure. The response suggests a basic grasp, hence a higher probability towards the middle scores.
- **Judgment**: The participant formed a plan to switch to a more helpful person after experiencing losses, indicating a clear strategy. The response shows a good level of planning and hypothesis formation, leaning towards higher scores.
- **Evaluation**: The participant reflects on the effectiveness of their strategy by noting the conditions under which they would switch, which shows some evaluation. However, the depth of this reflection is not fully comprehensive, suggesting a higher score but not the highest.
- **Final Decision**: The participant describes a consistent rule for their decision-making process (switching after several losses), which is fairly clear and indicates a thoughtful approach. This warrants a higher score.
- **Confidence**: The participant's language shows some certainty in their approach but also implies a reactive rather than proactive strategy, suggesting moderate confidence. The scores are distributed to reflect this partial certainty."
180,Female,White,"Bachelor's degree (e.g., BA, BS)",10,100,24,0.222222222,low,low,-2,0.625,0,-0.311137057,-0.564181519,0.468960301,2.457326158,-0.661362366,"I stuck to the person who was successful and when they stopped being successful, I changed people.",No. I stuck with the same one.,"I stuck to the person who was successful and when they stopped being successful, I changed people. ; No. I stuck with the same one.",3,3.1,2.5,3.6,3.5,"Comprehension: [0.0, 0.0, 0.3, 0.4, 0.3]  
Judgment: [0.0, 0.0, 0.2, 0.5, 0.3]  
Evaluation: [0.0, 0.1, 0.4, 0.4, 0.1]  
Final Decision: [0.0, 0.0, 0.1, 0.2, 0.7]  
Confidence: [0.0, 0.0, 0.1, 0.3, 0.6]  

**Rationale:**

**Comprehension:** The participant shows a basic understanding of the task's goal, which is to stick with a successful strategy and change when it stops working. The clarity and depth are not fully developed, but there is a reasonable understanding, hence the higher probabilities towards the upper end of the scale.

**Judgment:** The participant formed a clear plan (following the successful ""person"") and had a contingency for when to switch strategies. This indicates a good level of judgment, though not fully sophisticated or detailed in explanation.

**Evaluation:** The participant reflects on the effectiveness of their strategy by noting the change when the chosen ""person"" stopped being successful. This shows some evaluation but lacks depth in analyzing why the strategy worked or didn't, hence a moderate score.

**Final Decision:** The participant clearly states that they stuck with one strategy throughout, despite initially mentioning a change. This contradiction might suggest confusion, but the final adherence to one strategy is strongly affirmed, leading to a higher score in this dimension.

**Confidence:** The participant's statement is somewhat contradictory but ends with a firm declaration of sticking to one strategy, indicating a fair amount of confidence in their approach by the end of the task. The score leans towards higher confidence, reflecting this final assertiveness."
138,Female,"Asian,White","Some college or university, no degree",5,100,47,0.333333333,low,low,0,0.75,0,-0.033750621,-0.273644203,0.461951587,2.432946016,-0.415200113,"I honestly don't even remember. I think it was just this one failed me, move on to the next. If the next failed me, go back to the first to see if I get failed again.",I don't remember. I don't think so.,"I honestly don't even remember. I think it was just this one failed me, move on to the next. If the next failed me, go back to the first to see if I get failed again. ; I don't remember. I don't think so.",2.1,2.5,1.7,2.2,1.1,"Comprehension: [0.0, 0.3, 0.4, 0.2, 0.1]  
Judgment: [0.0, 0.1, 0.4, 0.4, 0.1]  
Evaluation: [0.1, 0.3, 0.4, 0.2, 0.0]  
Final Decision: [0.0, 0.2, 0.5, 0.2, 0.1]  
Confidence: [0.3, 0.4, 0.2, 0.1, 0.0]  

**Rationale:**

**Comprehension:** The participant shows a basic understanding of the task's trial-and-error nature but lacks a clear grasp of the overall structure or goal. The response indicates some understanding but is not detailed or sophisticated.

**Judgment:** The participant describes a rudimentary strategy of moving from one option to another based on failure, which shows some level of planning or hypothesis formation. However, the strategy is not deeply reasoned or particularly strategic, suggesting a mid-range score.

**Evaluation:** The participant reflects minimally on the effectiveness of their strategy (""this one failed me, move on to the next""), but there is little depth or analysis of why certain choices might have worked or not, leading to a moderate score.

**Final Decision:** The participant hints at a consistent rule (""move on to the next"" if failed), but the strategy is not clearly articulated or shown to be effective throughout the task. The response suggests some level of decision-making but lacks depth.

**Confidence:** The participant expresses significant doubt and uncertainty about their strategy and recollection of the task (""I honestly don't even remember""), indicating low confidence in their approach and understanding. This warrants a higher probability for lower scores in this dimension."
153,Female,White,"High school degree or equivalent (e.g., GED)",5,5,47,0.222222222,low,low,-2,0.625,0.010416667,-0.206911,-2.55341336,0.473353858,0.052718107,-0.202434826,If one person did not do well twice in a row I would switch to someone else.,No,If one person did not do well twice in a row I would switch to someone else. ; No,2.5,3.1,1.7,3.4,2.3,"Comprehension: [0.0, 0.1, 0.4, 0.4, 0.1]  
Judgment: [0.0, 0.0, 0.2, 0.5, 0.3]  
Evaluation: [0.1, 0.3, 0.4, 0.2, 0.0]  
Final Decision: [0.0, 0.0, 0.1, 0.4, 0.5]  
Confidence: [0.0, 0.2, 0.4, 0.3, 0.1]  

Rationale:
- **Comprehension**: The participant shows some understanding of the task's structure by indicating a rule-based approach to switching choices based on performance. The response suggests an adequate grasp but lacks depth in explaining the overall goal or rules beyond the immediate strategy, hence a higher probability for scores 2 and 3.
- **Judgment**: The participant clearly formed a plan (switching after two failures), indicating a strategic approach. The clarity and simplicity of the plan suggest a higher score, leaning towards good, as it shows a clear hypothesis about how to act.
- **Evaluation**: The participant's reflection on the strategy's effectiveness is implied but not explicitly detailed. They mention a specific action (switching after failures) but do not deeply analyze its success or failure, leading to a moderate score.
- **Final Decision**: The participant describes a consistent rule they applied (switching after two consecutive failures), which is a clear decision strategy. The simplicity and clarity of this rule suggest a higher score, leaning towards good and exemplary.
- **Confidence**: The participant does not explicitly express confidence or doubt about their strategy. The brief and straightforward nature of the response suggests some uncertainty, as there is no strong affirmation or doubt expressed, leading to a moderate score in this dimension."
344,Male,White,Completed some postgraduate,5,5,47,0,low,low,-2,0.65625,0.009803922,-0.963723319,-2.187108423,0.415574977,1.404609054,-0.449905546,if a deck seemed to get bad i switched,not really,if a deck seemed to get bad i switched ; not really,2,2.5,1.5,2.1,1.7,"Comprehension: [0.0, 0.3, 0.4, 0.3, 0.0]  
Judgment: [0.0, 0.1, 0.4, 0.4, 0.1]  
Evaluation: [0.1, 0.4, 0.4, 0.1, 0.0]  
Final Decision: [0.0, 0.2, 0.5, 0.3, 0.0]  
Confidence: [0.1, 0.3, 0.4, 0.2, 0.0]  

**Rationale:**

**Comprehension:** The participant's brief statement implies a basic understanding of the task's dynamics (switching decks when outcomes are unfavorable), but lacks depth or explicit acknowledgment of the task's rules or goals. The probability distribution reflects some understanding but not at a sophisticated level.

**Judgment:** The participant's strategy of switching decks based on performance suggests some form of planning or hypothesis (i.e., ""if a deck gets bad, switch""), but the reflection is too brief to assess a deeper strategic approach. The distribution leans towards an adequate understanding with some good insight due to the implied hypothesis.

**Evaluation:** The participant's reflection on the strategy's effectiveness is minimal and indirect (""not really""), indicating some evaluation but very limited in depth. The probabilities suggest a rudimentary to adequate level of reflection on the strategy's success.

**Final Decision:** The participant indicates a decision strategy (switching decks when they seem bad), but the strategy is not described in detail nor is it clear if this was consistently applied throughout the task. The distribution reflects an adequate understanding with some good insight.

**Confidence:** The participant's confidence in their strategy is unclear and seems low, as indicated by the phrase ""not really."" This suggests some doubt about the effectiveness of their approach. The probabilities reflect uncertainty, leaning towards a lower confidence level."
263,Male,Black or African American,"Master's degree (e.g., MA, MS, MEd)",10,5,24,3.111111111,high,high,1,0.5375,0.197628459,-0.023091478,1.004123028,0.616233287,-1.502534997,-1.945601992,my knowledge,no,my knowledge ; no,0.1,0.1,0.1,0.1,0.1,"Comprehension: [0.9, 0.1, 0.0, 0.0, 0.0]  
Judgment: [0.9, 0.1, 0.0, 0.0, 0.0]  
Evaluation: [0.9, 0.1, 0.0, 0.0, 0.0]  
Final Decision: [0.9, 0.1, 0.0, 0.0, 0.0]  
Confidence: [0.9, 0.1, 0.0, 0.0, 0.0]  

Rationale: The participant's reflection, ""my knowledge ; no,"" provides extremely minimal information and lacks clarity or depth in all metacognitive dimensions. The response does not demonstrate an understanding of the task rules, structure, or goal (Comprehension), nor does it show any evidence of forming a hypothesis or plan (Judgment). There is no reflection on the effectiveness of any strategy or reasoning behind actions (Evaluation), and no consistent rule or decision strategy is described (Final Decision). Finally, the participant does not express any certainty or doubt about their approach or understanding, making it difficult to assess their Confidence. The probabilities are heavily weighted towards a score of 0 in all dimensions due to the absence of substantive content in the reflection."
185,Female,White,"Master's degree (e.g., MA, MS, MEd)",0.05,5,47,0.333333333,low,low,-2,0.54375,0.019230769,-0.552284026,-2.952811485,0.463233911,0.078536397,-1.1632044,"I checked partners until I found one that gave +100 more than 50% of the time, then stuck with that partner until they started giving a few -50s in a row, then switched to try someone new.","I did not change my strategy really, I just kept to the approach described above.","I checked partners until I found one that gave +100 more than 50% of the time, then stuck with that partner until they started giving a few -50s in a row, then switched to try someone new. ; I did not change my strategy really, I just kept to the approach described above.",3.4,3.5,3.3,3.8,3.8,"Comprehension: [0.0, 0.0, 0.1, 0.4, 0.5]  
Judgment: [0.0, 0.0, 0.1, 0.3, 0.6]  
Evaluation: [0.0, 0.0, 0.2, 0.3, 0.5]  
Final Decision: [0.0, 0.0, 0.0, 0.2, 0.8]  
Confidence: [0.0, 0.0, 0.0, 0.2, 0.8]  

Rationale:
- **Comprehension**: The participant clearly understood the task rules and goals, as evidenced by their method of selecting partners based on performance and switching when performance dropped. The reflection shows a good grasp of the task structure, hence the high scores.
- **Judgment**: The participant formed a clear hypothesis about how to act, choosing partners based on their success rate and switching upon a decline in performance. This indicates a well-thought-out plan, meriting a high score.
- **Evaluation**: The participant reflected on the effectiveness of their strategy by monitoring the outcomes (positive or negative scores) and deciding when to switch partners. This shows a good level of self-assessment, deserving a high score.
- **Final Decision**: The participant described a consistent rule or decision strategy throughout the task, sticking to a partner until a decline in performance was observed. This clear and consistent strategy justifies a high score.
- **Confidence**: The participant expressed a high level of certainty in their approach, stating they did not really change their strategy and adhered to the initial plan. This strong conviction supports a high score in confidence."
149,Male,White,"Bachelor's degree (e.g., BA, BS)",5,5,47,0.055555556,low,low,0,0.725,0.009090909,-0.136985234,-1.984879547,0.463696602,0.461179795,0.521288107,"I would typically stay on someone who was giving ""+100"" until they gave me two ""-50s"" in a row.","No, I basically used the same strategy the whole game.","I would typically stay on someone who was giving ""+100"" until they gave me two ""-50s"" in a row. ; No, I basically used the same strategy the whole game.",3.4,3.5,3.3,3.8,3.9,"Comprehension: [0.0, 0.0, 0.1, 0.4, 0.5]  
Judgment: [0.0, 0.0, 0.1, 0.3, 0.6]  
Evaluation: [0.0, 0.0, 0.2, 0.3, 0.5]  
Final Decision: [0.0, 0.0, 0.0, 0.2, 0.8]  
Confidence: [0.0, 0.0, 0.0, 0.1, 0.9]  

**Rationale:**

**Comprehension:** The participant clearly understood the task rules and structure, as evidenced by their strategy of staying with a choice until receiving two negative outcomes. This shows a good grasp of the task's probabilistic nature and the need for a systematic approach to maximize gains. The high scores reflect this understanding.

**Judgment:** The participant's strategy formulation (""stay on someone who was giving '+100' until they gave me two '-50s' in a row"") indicates a clear and thoughtful plan based on the task's reward structure. This demonstrates a good level of judgment in hypothesizing a viable strategy.

**Evaluation:** The participant implicitly evaluated their strategy by sticking to it throughout the game, suggesting it worked sufficiently for them. They did not explicitly state their reflections on the strategy's effectiveness, but the consistency in application implies some level of evaluation.

**Final Decision:** The participant explicitly stated that they used the same strategy throughout the game, indicating a strong and consistent decision-making process. This high score reflects their commitment to their chosen approach despite the task's challenges.

**Confidence:** The participant's statement of sticking with the same strategy throughout the game and the lack of any expressed doubt about their approach suggest a high level of confidence in their strategy and understanding of the task. This is reflected in the high score for this dimension."
229,Male,White,"Bachelor's degree (e.g., BA, BS)",5,5,47,1,low,low,-2,0.69375,0.016949153,-0.173988811,0.070741428,0.439727673,2.763697219,-1.457659253,No,No,No ; No,0,0,0,0,0,Auto-scored due to empty or trivial reflection.
145,Male,White,"Bachelor's degree (e.g., BA, BS)",0.1,100,24,3.111111111,high,high,2,0.425,0.648634454,0.012622053,0.996328144,0.609377938,-1.683773926,-1.972564159,interest,no,interest ; no,0.1,0.1,0.1,0.1,0.1,"Comprehension: [0.9, 0.1, 0.0, 0.0, 0.0]  
Judgment: [0.9, 0.1, 0.0, 0.0, 0.0]  
Evaluation: [0.9, 0.1, 0.0, 0.0, 0.0]  
Final Decision: [0.9, 0.1, 0.0, 0.0, 0.0]  
Confidence: [0.9, 0.1, 0.0, 0.0, 0.0]  

Rationale: The participant's reflection, consisting only of the words ""interest ; no,"" provides almost no information relevant to the MP dimensions. There is no clear indication that the participant understood the task rules, structure, or goal (Comprehension), nor is there evidence of forming a hypothesis or plan (Judgment). The reflection lacks any assessment of whether their strategy was effective (Evaluation), does not describe any consistent rule or decision strategy (Final Decision), and does not express any certainty or doubt about their approach (Confidence). Given the extreme brevity and lack of content in the reflection, high probabilities are assigned to a score of 0 across all dimensions, indicating an absence of evidence for any metacognitive processing as per the MP framework."
207,Male,White,"High school degree or equivalent (e.g., GED)",10,100,24,1.555555556,high,high,-2,0.63125,0.010416667,-0.157979464,-0.505262745,0.443007179,2.444493647,-0.254655247,I just kept searching for the one who would give the most points and avoided those taking points away.,No I kept the same strategy and moved around looking for the person that gave the most,I just kept searching for the one who would give the most points and avoided those taking points away. ; No I kept the same strategy and moved around looking for the person that gave the most,2.5,3.1,1.7,3.4,3.4,"Comprehension: [0.0, 0.1, 0.4, 0.4, 0.1]  
Judgment: [0.0, 0.0, 0.2, 0.5, 0.3]  
Evaluation: [0.1, 0.3, 0.4, 0.2, 0.0]  
Final Decision: [0.0, 0.0, 0.1, 0.4, 0.5]  
Confidence: [0.0, 0.0, 0.1, 0.4, 0.5]  

**Rationale:**

**Comprehension:** The participant shows a basic understanding of the task's goal (maximizing points and minimizing losses), but the reflection lacks depth in explaining the structure or rules of the task. The probabilities reflect a mostly adequate understanding with some room for more detailed comprehension.

**Judgment:** The participant clearly formed a strategy based on their understanding of the task, which involved searching for the most rewarding option. The reflection indicates a plan of action, hence the higher probabilities for good and exemplary scores.

**Evaluation:** The participant reflects on their strategy's effectiveness to some extent by sticking to it throughout the task, indicating it worked for them. However, there is minimal insight into why this strategy worked or any consideration of alternative strategies, leading to a higher probability for an adequate score.

**Final Decision:** The participant consistently applied their strategy throughout the task, as indicated by their statement of not changing it and continuously searching for the best option. This shows a clear decision-making process, warranting higher scores in this dimension.

**Confidence:** The participant's reflection does not explicitly express confidence, but the fact that they did not change their strategy and described it straightforwardly suggests a level of certainty about their approach. This is reflected in the higher probabilities for good and exemplary scores."
163,Male,White,"High school degree or equivalent (e.g., GED)",5,5,47,0,low,low,0,0.65625,0,-0.117042986,-1.372321267,0.412120929,2.440652594,-0.344989187,which ever player was steady giving 100 points,no,which ever player was steady giving 100 points ; no,1.6,1.1,1,1.5,1.1,"Comprehension: [0.1, 0.4, 0.3, 0.2, 0.0]  
Judgment: [0.3, 0.4, 0.2, 0.1, 0.0]  
Evaluation: [0.4, 0.3, 0.2, 0.1, 0.0]  
Final Decision: [0.2, 0.3, 0.3, 0.2, 0.0]  
Confidence: [0.3, 0.4, 0.2, 0.1, 0.0]  

**Rationale:**

**Comprehension:** The participant's response is minimal and somewhat unclear, indicating a basic or rudimentary understanding of the task's structure or goal. The mention of ""100 points"" suggests some grasp of the task's mechanics, but the overall comprehension is not deeply articulated or detailed.

**Judgment:** The response vaguely hints at a strategy (""which ever player was steady giving 100 points""), suggesting a rudimentary to adequate level of forming a hypothesis or plan. However, the lack of clarity and detail in the strategy description leads to a lower score.

**Evaluation:** The participant's reflection on whether their strategy worked is minimal and lacks depth, as indicated by the terse response. There is a slight indication of evaluation (""no""), but it's not clear what is being evaluated or why the strategy might not have worked, leading to a lower score.

**Final Decision:** The participant does not clearly describe a consistent rule or decision strategy they ultimately applied. The response is ambiguous and does not provide a clear decision-making process, leading to a score that reflects uncertainty about the participant's final strategy.

**Confidence:** The participant's confidence in their approach or understanding is not explicitly stated and can only be inferred with difficulty. The use of a simple negative (""no"") might suggest some level of doubt, but overall, the confidence level expressed is unclear and minimal."
41,Male,White,"Associate degree (e.g., AA, AS)",0.1,100,24,0.333333333,low,low,1,0.55,0.090277778,-0.001895812,0.545331814,0.552126763,0.24663855,-0.670913157,I stuck to the first partner that gave me a 100 for most part of the game,No I didn't,I stuck to the first partner that gave me a 100 for most part of the game ; No I didn't,2.1,2.8,1.1,3.4,3.5,"Comprehension: [0.0, 0.1, 0.7, 0.2, 0.0]  
Judgment: [0.0, 0.0, 0.3, 0.6, 0.1]  
Evaluation: [0.3, 0.4, 0.2, 0.1, 0.0]  
Final Decision: [0.0, 0.0, 0.1, 0.4, 0.5]  
Confidence: [0.0, 0.0, 0.1, 0.3, 0.6]  

Rationale:
- **Comprehension**: The participant shows some understanding of the task by sticking to a strategy based on initial success (""the first partner that gave me a 100""). This indicates a basic grasp of the task's reward system, but lacks depth in understanding the probabilistic or reversal elements of the task. Hence, a higher probability is given to an ""Adequate"" score.
- **Judgment**: The participant formed a basic plan to stick with the initially successful option. This shows some level of strategic planning, but it's not sophisticated or adaptive. A ""Good"" score is more probable as the participant did form a clear, though simple, plan.
- **Evaluation**: The reflection lacks a detailed evaluation of the strategy's effectiveness beyond the initial success. The participant does not reflect on whether this approach was effective throughout the task or why it might/might not have been effective, leading to a higher probability for a ""Rudimentary"" score.
- **Final Decision**: The participant clearly states that they did not switch strategies, indicating a consistent decision strategy. However, the lack of adaptation or complexity in this strategy suggests a score between ""Adequate"" and ""Good.""
- **Confidence**: The participant's brief and straightforward response suggests a high level of confidence in their chosen strategy, despite its simplicity. The lack of doubt or uncertainty in their reflection supports a higher score in this dimension."
177,Male,White,"Some college or university, no degree",10,5,47,0.166666667,low,low,1,0.56875,0.009433963,-0.554818009,-1.678054955,0.451223846,0.992101297,0.08476886,I generally waited until I got -50 twice in a row before switching partners.,No,I generally waited until I got -50 twice in a row before switching partners. ; No,2.1,3.1,0.7,3.4,1.4,"Comprehension: [0.0, 0.1, 0.7, 0.2, 0.0]  
Judgment: [0.0, 0.0, 0.2, 0.5, 0.3]  
Evaluation: [0.5, 0.3, 0.2, 0.0, 0.0]  
Final Decision: [0.0, 0.0, 0.1, 0.4, 0.5]  
Confidence: [0.2, 0.3, 0.4, 0.1, 0.0]  

Rationale:
- **Comprehension**: The participant shows an understanding of the task's feedback mechanism by mentioning the -50 score, but does not explicitly discuss the overall goal or rules beyond this. The response suggests a basic grasp but lacks depth, hence a higher probability for an ""Adequate"" score.
- **Judgment**: The participant describes a specific strategy (waiting for -50 twice before switching), indicating some planning and hypothesis formation. The clarity and specificity of this strategy suggest a good understanding of how to approach the task, leaning towards a higher score.
- **Evaluation**: The participant does not reflect on the effectiveness of their strategy or why it might have worked or failed, only stating what they did. This lack of reflection justifies a higher probability for lower scores in this dimension.
- **Final Decision**: The clear articulation of a consistent rule (""waited until I got -50 twice"") for decision-making during the task suggests a good to exemplary understanding and application of a final decision strategy.
- **Confidence**: The participant does not express any explicit confidence or doubt about their strategy. The terse nature of the response and the lack of any qualifying statements suggest moderate uncertainty, hence a higher probability for lower scores in this dimension."
448,Female,White,"Associate degree (e.g., AA, AS)",10,5,24,0.111111111,low,low,1,0.625,0.009259259,-0.55459203,-1.823389867,0.43384067,1.198963702,0.380136259,I just stayed with the same figure until I got -50 2 times in a row then chose another figure until I got the 100 sign,no used same strategy,I just stayed with the same figure until I got -50 2 times in a row then chose another figure until I got the 100 sign ; no used same strategy,3.4,3.4,3.3,3.9,3.8,"Comprehension: [0.0, 0.0, 0.1, 0.4, 0.5]  
Judgment: [0.0, 0.0, 0.1, 0.4, 0.5]  
Evaluation: [0.0, 0.0, 0.2, 0.3, 0.5]  
Final Decision: [0.0, 0.0, 0.0, 0.1, 0.9]  
Confidence: [0.0, 0.0, 0.0, 0.2, 0.8]  

**Rationale:**

**Comprehension:**  
The participant clearly understood the task rules and structure, as evidenced by their method of sticking with one figure until a specific negative outcome occurred twice, then switching. This shows a good grasp of the task's probabilistic nature and the goal of maximizing rewards. The response is sophisticated in its simplicity and adherence to a clear rule, suggesting a high level of comprehension.

**Judgment:**  
The participant formed a clear hypothesis or plan about how to act, which was to stay with one choice until it failed twice, then switch. This strategy is not only mentioned but also implies a systematic approach to decision-making within the task's framework, indicating a high level of judgment.

**Evaluation:**  
While the participant did not explicitly state an evaluation of the strategy's effectiveness, the implication that they continued with this strategy throughout suggests an implicit evaluation that it was effective enough to not warrant a change. The reflection on strategy effectiveness is somewhat indirect but can be inferred from the consistency in strategy use.

**Final Decision:**  
The participant described a very consistent rule or decision strategy, which was to switch figures only after receiving two negative outcomes in a row. This shows a high level of adherence to a chosen strategy, indicating a strong final decision-making process.

**Confidence:**  
The participant's brief statement reflects a high level of confidence in their chosen strategy, as they did not switch strategies and succinctly described their approach without expressing any doubt. The lack of questioning or reconsideration of the approach suggests strong confidence in their decision-making."
129,Female,White,"High school degree or equivalent (e.g., GED)",10,5,47,0.388888889,low,low,1,0.61875,0,-0.147711072,0.436026895,0.439889626,2.751968113,-0.612037415,"I simply based my decisions on patterns, such as if I'm being rewarded then I stick with that partner until something changes.",Not really. I was pretty consistent with my strategy I feel.,"I simply based my decisions on patterns, such as if I'm being rewarded then I stick with that partner until something changes. ; Not really. I was pretty consistent with my strategy I feel.",3,3.1,2.5,3.4,3.4,"Comprehension: [0.0, 0.0, 0.3, 0.4, 0.3]  
Judgment: [0.0, 0.0, 0.2, 0.5, 0.3]  
Evaluation: [0.0, 0.1, 0.4, 0.4, 0.1]  
Final Decision: [0.0, 0.0, 0.1, 0.4, 0.5]  
Confidence: [0.0, 0.0, 0.1, 0.4, 0.5]  

**Rationale:**

**Comprehension:** The participant shows a basic understanding of the task's structure by recognizing the reward system and adapting their choices based on it. The response indicates a good grasp but lacks a detailed explanation of the task rules or goals, hence the higher probabilities for scores 2 and 3.

**Judgment:** The participant explicitly mentions using a pattern-based strategy, which reflects a clear plan of action (sticking with a rewarding option). This demonstrates a good level of judgment in forming a hypothesis about how to act, justifying the higher probabilities for scores 3 and 4.

**Evaluation:** The participant reflects on the effectiveness of their strategy by noting consistency and sticking with a rewarding option until a change occurs. However, there is minimal insight into why this strategy worked or didn't, which is why the probabilities are higher for scores 2 and 3, with a small chance for a 4.

**Final Decision:** The participant describes a consistent rule or decision strategy (""stick with that partner until something changes""), indicating a clear final decision-making process. The response leans towards a higher understanding and application of a decision strategy, justifying higher scores in 3 and 4.

**Confidence:** The participant expresses a sense of certainty about their approach (""I was pretty consistent with my strategy I feel""), suggesting confidence in their understanding and strategy use. The probabilities are skewed towards higher scores (3 and 4) to reflect this confidence, with a slight possibility of a lower score due to the use of ""I feel,"" which might introduce a bit of doubt."
234,Male,Asian,"Bachelor's degree (e.g., BA, BS)",5,100,49,0.055555556,low,low,-1,0.70625,0.010638298,-0.078044908,-1.664278063,0.442337818,1.008484088,-0.618417998,"I kept trying the person until they gave me a negative result. I gave them one more chance to see if they'll flip and if they don't, I move to another person.","Yes, by the end, people tend to flip 5050 more often so I had to stay on the same person to get any positive results.","I kept trying the person until they gave me a negative result. I gave them one more chance to see if they'll flip and if they don't, I move to another person. ; Yes, by the end, people tend to flip 5050 more often so I had to stay on the same person to get any positive results.",3,3.1,3.4,3.4,2.9,"Comprehension: [0.0, 0.0, 0.3, 0.4, 0.3]
Judgment: [0.0, 0.0, 0.2, 0.5, 0.3]
Evaluation: [0.0, 0.0, 0.1, 0.4, 0.5]
Final Decision: [0.0, 0.0, 0.1, 0.4, 0.5]
Confidence: [0.0, 0.1, 0.2, 0.4, 0.3]

Rationale:
- **Comprehension**: The participant shows an understanding of the task's structure by describing their method of interacting with different ""persons"" based on the results received. The reflection indicates a grasp of the task's probabilistic nature, hence the higher scores towards the upper end.
- **Judgment**: The participant describes a clear strategy of giving a person another chance before switching, which shows planning and hypothesis formation about how to act. The reflection leans more towards a good understanding, hence a higher score in the upper range.
- **Evaluation**: The participant reflects on the effectiveness of their strategy by noting the change in behavior (""people tend to flip 5050 more often"") and adjusting their approach accordingly. This shows a good level of self-evaluation, meriting higher scores.
- **Final Decision**: The participant describes a consistent rule or decision strategy by sticking with the same person towards the end to maximize positive results. This indicates a clear and consistent decision-making process, justifying higher scores.
- **Confidence**: The participant seems somewhat confident in their approach but also acknowledges the variability and unpredictability inherent in the task (""5050 more often""). This mixed expression of certainty and doubt suggests moderate to good confidence."
56,Female,White,"High school degree or equivalent (e.g., GED)",0.05,5,47,0.444444444,low,low,2,0.60625,0.030367505,-0.652024126,-2.902756792,0.448722157,0.567839398,-0.445985359,If I got a negative 2 times I moved on to another person.,no,If I got a negative 2 times I moved on to another person. ; no,2.1,3.1,1.7,3.2,1.5,"Comprehension: [0.0, 0.1, 0.7, 0.2, 0.0]  
Judgment: [0.0, 0.0, 0.2, 0.5, 0.3]  
Evaluation: [0.1, 0.3, 0.4, 0.2, 0.0]  
Final Decision: [0.0, 0.0, 0.1, 0.6, 0.3]  
Confidence: [0.2, 0.3, 0.3, 0.2, 0.0]  

**Rationale:**

**Comprehension:**  
The participant shows a basic understanding of the task rules by indicating a response to negative outcomes (""If I got a negative 2 times I moved on to another person""). This suggests some grasp of the task structure but lacks depth in explaining the overall goal or rules comprehensively. The probability distribution leans towards ""Adequate"" as the participant understands the task to some extent but does not elaborate.

**Judgment:**  
The participant's strategy (""moved on to another person"" after two negatives) reflects a clear plan or hypothesis about how to act, indicating a decision-making process based on the outcomes received. The response is somewhat clear and thoughtful, suggesting a ""Good"" level of judgment with a possibility of being ""Exemplary"" due to the strategic shift based on specific conditions.

**Evaluation:**  
The reflection includes a minimal evaluation of the strategy's effectiveness. The participant does not explicitly reflect on why this strategy was chosen or its success rate, only that the strategy was to switch after certain conditions were met. This warrants a score leaning towards ""Adequate"" as there is some implicit evaluation but not deeply analyzed or explained.

**Final Decision:**  
The participant describes a consistent rule or decision strategy (""If I got a negative 2 times I moved on to another person""), which shows a clear final decision-making process. This response is more towards ""Good"" as it clearly states what the participant decided to do consistently throughout the task, with some probability of being ""Exemplary"" if interpreted as a well-considered strategy.

**Confidence:**  
The participant's confidence in their approach is not explicitly stated, and the use of a semicolon followed by ""no"" might indicate some doubt or reconsideration of their statement. This ambiguity suggests uncertainty about their approach or understanding, leading to a distribution that spans from ""Rudimentary"" to ""Good,"" reflecting mixed signals about their confidence level."
173,Male,"Asian,Black or African American","Bachelor's degree (e.g., BA, BS)",0.05,5,47,2.5,high,high,-1,0.66875,0.054054054,-0.16431768,-0.493753566,0.461535588,2.113838111,-0.858760164,,, ; ,0,0,0,0,0,Auto-scored due to empty or trivial reflection.
68,Male,Black or African American,"Bachelor's degree (e.g., BA, BS)",5,5,47,0.444444444,low,low,0,0.6375,0.037749288,-0.406098226,-1.081692427,0.480263761,1.036625159,0.11702291,no,no,no ; no,0,0,0,0,0,Auto-scored due to empty or trivial reflection.
4,Male,White,"Bachelor's degree (e.g., BA, BS)",0.1,100,24,0,low,low,-2,0.675,0.01,-0.129578146,-0.744700706,0.446319747,2.16922244,0.213838028,no,yes i did,no ; yes i did,0.1,0.1,0.1,0.1,0.1,"Comprehension: [0.9, 0.1, 0.0, 0.0, 0.0]  
Judgment: [0.9, 0.1, 0.0, 0.0, 0.0]  
Evaluation: [0.9, 0.1, 0.0, 0.0, 0.0]  
Final Decision: [0.9, 0.1, 0.0, 0.0, 0.0]  
Confidence: [0.9, 0.1, 0.0, 0.0, 0.0]  

Rationale: The participant's reflection is extremely brief and lacks any substantive content that would allow for a detailed evaluation across the five dimensions of the Metacognitive Prompting framework. The responses ""no"" and ""yes I did"" provide no insight into the participant's understanding of the task, their judgment or planning process, their evaluation of the strategy's effectiveness, the consistency of their decision-making, or their confidence in their approach. Therefore, the probabilities are heavily weighted towards a score of 0 (Absent) for all dimensions, with a slight possibility (0.1) of a score of 1 (Rudimentary) to acknowledge the minimal acknowledgment of strategy change."
272,Female,White,"Associate degree (e.g., AA, AS)",10,5,47,0.111111111,low,low,3,0.73125,0.008474577,-0.040434446,-0.671094568,0.396831466,2.267778852,-0.327544747,"Yes, I tried to find the dependable person and stick with him until I had to find someone else.","No, I pretty much stuck with the same strategy.","Yes, I tried to find the dependable person and stick with him until I had to find someone else. ; No, I pretty much stuck with the same strategy.",3,3.1,2.5,3.8,3.5,"Comprehension: [0.0, 0.0, 0.3, 0.4, 0.3]  
Judgment: [0.0, 0.0, 0.2, 0.5, 0.3]  
Evaluation: [0.0, 0.1, 0.4, 0.4, 0.1]  
Final Decision: [0.0, 0.0, 0.0, 0.2, 0.8]  
Confidence: [0.0, 0.0, 0.1, 0.3, 0.6]  

**Rationale:**

**Comprehension:**  
The participant's reflection indicates a basic understanding of the task's goal (finding the dependable option and sticking with it). The response suggests a grasp of the task structure but lacks detailed explanation of the rules or deeper insights into the task's complexity. The probabilities reflect a good understanding but not an exemplary one.

**Judgment:**  
The participant formed a clear plan (to stick with a dependable choice), which shows a good level of judgment. The reflection, however, does not delve into alternative strategies or adjustments that might have been considered, which prevents a higher score.

**Evaluation:**  
The participant reflects on the effectiveness of their strategy by implicitly suggesting it worked until a switch was necessary. However, there is minimal insight into why the strategy worked or didn't, which limits the score to a mix between adequate and good.

**Final Decision:**  
The participant clearly states that they adhered to their initial strategy throughout the task, indicating a strong and consistent decision-making process. This is reflected in the high probability for a score of 4, showing exemplary adherence to a chosen strategy.

**Confidence:**  
The participant's confidence in their strategy is implied through their commitment to it throughout the task and the lack of expressed doubt. The reflection does not explicitly state confidence, but the adherence to the strategy suggests a high level of confidence, meriting a higher score in this dimension."
367,Female,White,"Some college or university, no degree",0.05,5,47,0.111111111,low,low,-3,0.6,0,-0.621449274,-1.24891104,0.454342694,1.011194786,1.324861079,"If I got -50 twice in a row, I would switch.","Not really, at first it was just guesswork, the strategy developed over time.","If I got -50 twice in a row, I would switch. ; Not really, at first it was just guesswork, the strategy developed over time.",2.5,3.1,2.9,3.4,2.4,"Comprehension: [0.0, 0.1, 0.4, 0.4, 0.1]  
Judgment: [0.0, 0.0, 0.2, 0.5, 0.3]  
Evaluation: [0.0, 0.0, 0.3, 0.5, 0.2]  
Final Decision: [0.0, 0.0, 0.1, 0.4, 0.5]  
Confidence: [0.0, 0.2, 0.3, 0.4, 0.1]  

**Rationale:**

**Comprehension:** The participant shows some understanding of the task rules by mentioning a specific condition under which they would switch strategies. However, the depth of understanding the overall task structure or goal is not fully articulated, hence a higher probability in the middle range (2 and 3).

**Judgment:** The participant explicitly mentions a conditional strategy (""If I got -50 twice in a row, I would switch""), indicating a clear hypothesis about how to act. This suggests a good level of judgment, leaning towards higher scores.

**Evaluation:** The participant reflects on the development of their strategy over time, indicating some evaluation of their approach's effectiveness. However, the depth of this reflection is not fully comprehensive, warranting a higher score in the middle range.

**Final Decision:** The participant describes a specific rule they applied (""switch after -50 twice""), which shows a consistent decision strategy. The clarity and specificity of this rule suggest a higher score, leaning towards exemplary.

**Confidence:** The participant's confidence is somewhat ambiguous. They start with guesswork and develop a strategy over time, which shows some uncertainty initially but more confidence as the task progresses. The scores are distributed to reflect this progression from doubt to moderate confidence."
259,Male,Black or African American,"High school degree or equivalent (e.g., GED)",10,5,47,0,low,low,1,0.43125,0.040816327,-0.001391151,0.963680691,0.631596123,-1.114238697,-1.875540009,"No, not in particular. I simply looked for who was helpful at the time and then utilized their services until they had failed to be of use to me on consecutive occasions.","No, I stuck with the same strategy throughout the the task.","No, not in particular. I simply looked for who was helpful at the time and then utilized their services until they had failed to be of use to me on consecutive occasions. ; No, I stuck with the same strategy throughout the the task.",2.5,3.1,3,3.5,3.4,"Comprehension: [0.0, 0.1, 0.4, 0.4, 0.1]  
Judgment: [0.0, 0.0, 0.2, 0.5, 0.3]  
Evaluation: [0.0, 0.0, 0.3, 0.4, 0.3]  
Final Decision: [0.0, 0.0, 0.1, 0.3, 0.6]  
Confidence: [0.0, 0.0, 0.1, 0.4, 0.5]  

**Rationale:**

**Comprehension:** The participant seems to have a basic understanding of the task as they describe using services until they fail. This suggests some grasp of the task's structure of evaluating choices based on outcomes. However, the response lacks depth in explaining the rules or goals explicitly, hence the higher probabilities for scores 2 and 3.

**Judgment:** The participant's strategy formulation is evident as they describe sticking with a choice until it fails repeatedly. This indicates a planned approach, meriting a higher score in judgment. The response suggests a somewhat sophisticated strategy, leaning towards scores 3 and 4.

**Evaluation:** The participant reflects on the effectiveness of their strategy by mentioning the discontinuation of using services after consecutive failures. This shows some evaluation of their strategy's success, warranting moderate to high scores.

**Final Decision:** The participant clearly states that they maintained the same strategy throughout the task. This consistency and clarity in their decision-making process suggest a higher score, with a significant probability for a score of 4.

**Confidence:** The participant does not explicitly express confidence, but the firm statement of sticking with the same strategy and the clear rationale behind it imply a strong sense of certainty about their approach, justifying higher scores in this dimension."
475,Female,White,"Bachelor's degree (e.g., BA, BS)",5,5,24,0.111111111,low,low,-3,0.6375,0.008196721,0.243865972,-0.66381325,0.435802863,2.179025332,-1.037651839,I simply changed my choice if it went to -50 and staying with the choice if I kept getting 100,I did not switch strategies.,I simply changed my choice if it went to -50 and staying with the choice if I kept getting 100 ; I did not switch strategies.,3.1,3,2,3.8,3.9,"Comprehension: [0.0, 0.0, 0.2, 0.5, 0.3]  
Judgment: [0.0, 0.0, 0.3, 0.4, 0.3]  
Evaluation: [0.1, 0.2, 0.4, 0.2, 0.1]  
Final Decision: [0.0, 0.0, 0.0, 0.2, 0.8]  
Confidence: [0.0, 0.0, 0.0, 0.1, 0.9]  

**Rationale:**

**Comprehension:** The participant shows a basic understanding of the task rules by describing their response to specific outcomes (-50 and 100). They demonstrate a grasp of the task structure and goals, though not in a sophisticated manner. The probability leans towards a good understanding but not exemplary, as the insight into the broader task structure or variations is not mentioned.

**Judgment:** The participant formed a clear plan based on the outcomes of their choices, indicating a strategy based on the rewards received. This shows a good level of judgment, though not highly sophisticated or nuanced, hence the distribution leaning towards a score of 3.

**Evaluation:** The participant reflects minimally on the effectiveness of their strategy by implicitly suggesting it did not require change. However, there is little depth in analyzing why this strategy worked or considering alternative strategies, which suggests an adequate level of evaluation.

**Final Decision:** The participant clearly states they did not switch strategies, indicating a strong adherence to their chosen approach throughout the task. This shows a high level of consistency in their decision-making process, justifying a high score in this dimension.

**Confidence:** The participant's statement is straightforward and shows no doubt about their approach or understanding of the task. The confidence in their strategy and decision to not switch strategies is strongly conveyed, warranting a high score in this dimension."
405,Female,White,"Master's degree (e.g., MA, MS, MEd)",5,5,47,0.111111111,low,low,-3,0.61875,0,-0.396415364,-2.112028442,0.455820049,0.88687492,0.129776511,"If a card was a loser 2 times in a row, I selected another deck.","In the beginning, I switched after 1 losing card. Then I switched to 2 losing cards in a row.","If a card was a loser 2 times in a row, I selected another deck. ; In the beginning, I switched after 1 losing card. Then I switched to 2 losing cards in a row.",3.4,3.5,3.3,3.5,3.5,"Comprehension: [0.0, 0.0, 0.1, 0.4, 0.5]  
Judgment: [0.0, 0.0, 0.1, 0.3, 0.6]  
Evaluation: [0.0, 0.0, 0.2, 0.3, 0.5]  
Final Decision: [0.0, 0.0, 0.1, 0.3, 0.6]  
Confidence: [0.0, 0.0, 0.1, 0.3, 0.6]  

Rationale:
- **Comprehension**: The participant clearly understood the task rules and structure, as evidenced by their strategy of switching decks based on the number of consecutive losses. The reflection shows a good grasp of the task's goal, which is to minimize losses by adapting the strategy. The probability leans towards higher scores because the participant's understanding is implicit in their strategic adjustments.
- **Judgment**: The participant formed a clear hypothesis or plan about how to act, initially switching decks after one loss and then adjusting to switch after two consecutive losses. This shows a progression in their planning and hypothesis testing, deserving a higher score.
- **Evaluation**: The participant reflected on the effectiveness of their initial strategy and made adjustments based on their observations, indicating some level of evaluation. They did not explicitly state why they thought one strategy worked better than the other, but the change implies some evaluation was made.
- **Final Decision**: The participant described a consistent rule or decision strategy they ultimately applied, which was to switch decks after two consecutive losses. This shows a clear and thoughtful decision-making process.
- **Confidence**: The participant's strategy shift and the clarity in their final decision suggest a level of confidence in their approach. They did not express doubt, and the adjustment in strategy indicates they were confident enough in their observations to make a change."
480,Female,White,"Some college or university, no degree",0.1,100,24,2.222222222,high,high,-1,0.60625,0.43732493,-0.027971696,0.159864231,0.588051612,-0.313801364,-1.02858231,counting the times i got the correct answer on which person,no,counting the times i got the correct answer on which person ; no,2.1,1.7,0.2,1.5,0.4,"Comprehension: [0.0, 0.1, 0.7, 0.2, 0.0]  
Judgment: [0.1, 0.3, 0.4, 0.2, 0.0]  
Evaluation: [0.8, 0.2, 0.0, 0.0, 0.0]  
Final Decision: [0.1, 0.4, 0.4, 0.1, 0.0]  
Confidence: [0.7, 0.2, 0.1, 0.0, 0.0]  

**Rationale:**

**Comprehension:** The participant's response indicates a basic understanding of the task as they mention ""counting the times i got the correct answer on which person."" This suggests they grasped the task involved identifying correct choices, but the depth of understanding the task's structure or goal is not fully articulated. Hence, a higher probability is given to a score of 2 (Adequate).

**Judgment:** The participant's strategy of counting correct answers implies some form of planning or hypothesis about how to approach the task. However, the reflection lacks detail on how this strategy was formulated or its underlying rationale, leading to a higher probability for a score of 2 (Adequate).

**Evaluation:** The participant does not reflect on whether their strategy was effective or why it might have been so. The response ""no"" when asked if they switched strategies does not provide insight into their evaluation of the strategy's effectiveness. Therefore, a high probability is assigned to a score of 0 (Absent).

**Final Decision:** The participant mentions a specific strategy but does not elaborate on whether they consistently applied this strategy throughout the task or adapted it based on task performance. The response is somewhat unclear, leading to a higher probability for a score of 2 (Adequate).

**Confidence:** The participant's brief and somewhat ambiguous response does not convey a strong sense of certainty or doubt about their understanding or strategy. The lack of explicit confidence or self-assessment cues leads to a higher probability for a score of 0 (Absent)."
202,Female,White,"Master's degree (e.g., MA, MS, MEd)",5,5,47,0.055555556,low,low,-2,0.575,0.009433963,-0.54540563,-3.567718722,0.44070004,0.326372978,-0.758560457,two negatives in a row made me usually switch,no,two negatives in a row made me usually switch ; no,2.1,3.1,3,3.4,3.4,"Comprehension: [0.0, 0.1, 0.7, 0.2, 0.0]
Judgment: [0.0, 0.0, 0.2, 0.5, 0.3]
Evaluation: [0.0, 0.0, 0.3, 0.4, 0.3]
Final Decision: [0.0, 0.0, 0.1, 0.4, 0.5]
Confidence: [0.0, 0.0, 0.1, 0.4, 0.5]

**Rationale:**

**Comprehension:** The participant's response indicates a basic understanding of the task's feedback mechanism (responding to two negatives), but lacks depth in explaining the overall goal or rules. The response is somewhat clear but not detailed, hence a higher probability for an ""Adequate"" score.

**Judgment:** The participant explicitly mentions a decision rule based on the task's feedback (""two negatives in a row made me usually switch""), which shows some planning. The response suggests a moderate level of strategic thinking, leaning towards a ""Good"" score.

**Evaluation:** The participant reflects on the effectiveness of their strategy by implicitly suggesting that switching after two negatives was a deliberate choice, indicating some evaluation. The reflection isn't deeply analytical but shows awareness, thus a higher score in ""Good.""

**Final Decision:** The participant describes a consistent rule (""two negatives in a row made me usually switch""), indicating a clear decision strategy. The response is concise but shows a definitive strategy, supporting a higher score in ""Good"" to ""Exemplary.""

**Confidence:** The participant's brief response does not explicitly express confidence, but the use of a definitive strategy (""usually switch"") and the lack of questioning their own approach suggest a reasonable level of confidence. This supports a higher probability for ""Good"" to ""Exemplary."""
348,Female,White,"Bachelor's degree (e.g., BA, BS)",0.05,5,47,0.166666667,low,low,2,0.5875,0.009090909,-0.240603418,0.797519928,0.64327563,-0.870053164,-1.739235399,Not really. When I got -50 I tried to stick with the deck for a few times to see if it was a pattern or not.,No,Not really. When I got -50 I tried to stick with the deck for a few times to see if it was a pattern or not. ; No,2.5,3.1,2.9,3.4,1.7,"Comprehension: [0.0, 0.1, 0.4, 0.4, 0.1]  
Judgment: [0.0, 0.0, 0.2, 0.5, 0.3]  
Evaluation: [0.0, 0.0, 0.3, 0.5, 0.2]  
Final Decision: [0.0, 0.0, 0.1, 0.4, 0.5]  
Confidence: [0.1, 0.3, 0.4, 0.2, 0.0]  

**Rationale:**

**Comprehension:** The participant shows some understanding of the task by recognizing the negative outcome (-50) and attempting to discern a pattern. This indicates a basic grasp of the task's mechanics, though not deeply detailed or sophisticated.

**Judgment:** The participant's strategy to ""stick with the deck for a few times"" after a negative outcome suggests a hypothesis about the task's pattern. This demonstrates some planning and hypothesis formation, warranting a higher score in judgment.

**Evaluation:** The participant reflects on the effectiveness of their strategy by continuing with the same deck to test for a pattern. This shows some evaluation of their approach, though it lacks depth in analyzing why this strategy was chosen or its effectiveness beyond the immediate results.

**Final Decision:** The participant indicates a decision strategy of sticking with a choice after a negative outcome to test consistency, which shows a clear rule they applied. This decision-making process is somewhat consistent and strategic, deserving a higher score.

**Confidence:** The participant does not express strong confidence or doubt; their language is somewhat neutral and factual. This suggests moderate uncertainty about their strategy's effectiveness, reflected in the middle-range scores for confidence."
439,Male,"Asian,Black or African American","Some college or university, no degree",5,5,47,0.222222222,low,low,1,0.6625,0,-0.125258944,-0.350760446,0.497515593,1.986983864,0.660013847,No,"No, I consistently just tried to find the teammate that would give me the highest points","No ; No, I consistently just tried to find the teammate that would give me the highest points",3,3.1,0.4,3.8,3.4,"Comprehension: [0.0, 0.0, 0.3, 0.4, 0.3]  
Judgment: [0.0, 0.0, 0.2, 0.5, 0.3]  
Evaluation: [0.7, 0.2, 0.1, 0.0, 0.0]  
Final Decision: [0.0, 0.0, 0.0, 0.2, 0.8]  
Confidence: [0.0, 0.0, 0.1, 0.4, 0.5]  

**Rationale:**

**Comprehension:** The participant's response indicates a basic understanding of the task's goal (to find the teammate that would give the highest points). However, there is no mention of understanding the rules or structure beyond this point, suggesting a moderate level of comprehension.

**Judgment:** The participant's strategy to consistently find the highest point-giving teammate implies some level of planning or hypothesis formation. The clarity and simplicity of the strategy suggest a good level of judgment, though not highly sophisticated or varied.

**Evaluation:** The participant did not reflect on whether their strategy worked or why, which suggests a lack of evaluation. The response is mostly focused on the strategy used without any assessment of its effectiveness or reasoning behind its success or failure.

**Final Decision:** The participant clearly stated that they did not switch strategies and consistently applied the same decision rule throughout the task. This shows a high level of consistency and clarity in their final decision-making process.

**Confidence:** The participant's brief response does not explicitly state confidence, but the lack of questioning or doubt about their chosen strategy and the straightforward assertion of their approach suggest a relatively high level of confidence in their understanding and strategy."
71,Female,White,"Some college or university, no degree",10,100,24,0.111111111,low,low,1,0.6875,0.010416667,-0.350053146,-1.684303859,0.445557612,0.812205382,0.218045772,I'd switch people as soon as I hit 2 negatives in a row. From there I'd find whoever gives me 100 first.,"No, stayed the same.","I'd switch people as soon as I hit 2 negatives in a row. From there I'd find whoever gives me 100 first. ; No, stayed the same.",3.4,3.4,2.1,3.8,3.9,"Comprehension: [0.0, 0.0, 0.1, 0.4, 0.5]
Judgment: [0.0, 0.0, 0.1, 0.4, 0.5]
Evaluation: [0.1, 0.2, 0.3, 0.3, 0.1]
Final Decision: [0.0, 0.0, 0.0, 0.2, 0.8]
Confidence: [0.0, 0.0, 0.0, 0.1, 0.9]

Rationale:
- **Comprehension**: The participant clearly understood the task rules as they described a specific strategy based on the outcomes of their actions (switching after 2 negatives). The probability leans heavily towards a higher score because the participant's strategy directly reflects an understanding of the task's probabilistic nature.
- **Judgment**: The participant formed a clear plan (switching after 2 negatives) indicating a hypothesis about how to act within the task's structure. This shows a good level of judgment in forming a strategy based on the task's feedback mechanism.
- **Evaluation**: The participant's reflection on whether their strategy worked is implicit rather than explicit. They did not provide a detailed analysis of the strategy's effectiveness but did imply some level of ongoing assessment by sticking to their plan throughout. The probabilities are spread across the middle scores to reflect this partial evaluation.
- **Final Decision**: The participant expressed a consistent rule or decision strategy (switching after 2 negatives) and confirmed they did not change this strategy throughout the task. This shows a high level of commitment to their chosen approach, justifying a high score.
- **Confidence**: The participant's brief and straightforward affirmation of their unchanging strategy (""No, stayed the same"") alongside their clear rule suggests a high level of confidence in their approach. The high probability towards a score of 4 reflects this strong certainty."
195,Female,Black or African American,"Bachelor's degree (e.g., BA, BS)",10,100,24,3.4375,high,high,1,0.49375,0.265957447,-0.052613432,0.738044639,0.521495103,0.941277966,-1.938750875,no strategy,no,no strategy ; no,0.2,0.1,0.1,0.2,0.3,"Comprehension: [0.8, 0.2, 0.0, 0.0, 0.0]  
Judgment: [0.9, 0.1, 0.0, 0.0, 0.0]  
Evaluation: [0.9, 0.1, 0.0, 0.0, 0.0]  
Final Decision: [0.8, 0.2, 0.0, 0.0, 0.0]  
Confidence: [0.7, 0.3, 0.0, 0.0, 0.0]  

Rationale: The participant's reflection is extremely brief and lacks depth across all dimensions. The response ""no strategy ; no"" suggests a minimal understanding of the task and an absence of strategic thinking or evaluation.

- **Comprehension**: The participant's response implies a very rudimentary understanding of the task, as they acknowledge the concept of using a strategy but claim not to have used one. This suggests some level of comprehension but is far from clear or detailed.
- **Judgment**: The participant indicates no use of a strategy, which suggests they did not form a hypothesis or plan, hence the high probability of a score close to 0.
- **Evaluation**: There is no reflection on the effectiveness of their approach or any reasoning provided, which justifies a high probability of a low score.
- **Final Decision**: The participant's statement implies they did not apply any consistent rule or decision strategy, supporting a high probability of a low score.
- **Confidence**: The brevity and nature of the response suggest low confidence in their approach or understanding of the task, although there is a slight chance they are confident in their decision to not employ a strategy."
354,Male,Asian,"Bachelor's degree (e.g., BA, BS)",$1.05 ,100,47,0.222222222,low,low,-2,0.68125,0,-0.069293568,-1.364471769,0.491223448,1.187388848,0.975349432,I keep picking the same deck until I get two negative response.,I didn't have a strategy early on.  I stick with the same strategy most of the game.,I keep picking the same deck until I get two negative response. ; I didn't have a strategy early on.  I stick with the same strategy most of the game.,2.5,3.1,1.7,3.4,2.7,"Comprehension: [0.0, 0.1, 0.4, 0.4, 0.1]  
Judgment: [0.0, 0.0, 0.2, 0.5, 0.3]  
Evaluation: [0.1, 0.3, 0.4, 0.2, 0.0]  
Final Decision: [0.0, 0.0, 0.1, 0.4, 0.5]  
Confidence: [0.0, 0.1, 0.3, 0.4, 0.2]  

**Rationale:**

**Comprehension:**  
The participant shows a basic understanding of the task rules by sticking to a deck until receiving two negative responses. However, the reflection lacks depth in explaining the structure or goal beyond this rule, suggesting a score leaning towards ""Adequate"" but not fully comprehensive.

**Judgment:**  
The participant indicates a decision-making process (""keep picking the same deck until I get two negative responses""), which reflects some planning. The mention of sticking with this strategy for most of the game suggests a somewhat consistent application, justifying a higher score in this dimension.

**Evaluation:**  
The participant's reflection on strategy effectiveness is minimal. They mention sticking with the strategy but do not deeply reflect on its success or reasons for its effectiveness or failure. This warrants a score around ""Adequate.""

**Final Decision:**  
The participant clearly states a consistent rule they applied throughout the task (""keep picking the same deck until I get two negative responses""). This shows a clear decision strategy, meriting a score leaning towards ""Good"" or ""Exemplary.""

**Confidence:**  
Confidence is somewhat implied through the consistency of the strategy used, but there is no explicit expression of certainty or doubt about their approach. The score is therefore centered around ""Adequate"" to ""Good,"" reflecting implicit confidence through action rather than explicit statement."
326,Decline to answer,White,"Bachelor's degree (e.g., BA, BS)",$0.05 ,5,47,0.111111111,low,low,-2,0.66875,0,0.225853208,-1.336546204,0.448611628,1.77826248,-0.959126257,"I would usually stick with a student until failing an assignment, and then look for another student who performs better.","As the game went on, I found that it was more likely for one student to occasionally fail while still being more reliable than the other two, so as the game went on I was more likely to give a student multiple chances to continue working with me if they failed after a long streak of passing.","I would usually stick with a student until failing an assignment, and then look for another student who performs better. ; As the game went on, I found that it was more likely for one student to occasionally fail while still being more reliable than the other two, so as the game went on I was more likely to give a student multiple chances to continue working with me if they failed after a long streak of passing.",3.4,3.5,3.3,3.5,3,"Comprehension: [0.0, 0.0, 0.1, 0.4, 0.5]  
Judgment: [0.0, 0.0, 0.1, 0.3, 0.6]  
Evaluation: [0.0, 0.0, 0.2, 0.3, 0.5]  
Final Decision: [0.0, 0.0, 0.1, 0.3, 0.6]  
Confidence: [0.0, 0.1, 0.2, 0.3, 0.4]  

**Rationale:**

**Comprehension:** The participant demonstrates a good understanding of the task's structure and goals, as evidenced by their strategy of sticking with a ""student"" until failure and then reassessing. The analogy to students suggests a metaphorical understanding of the task elements (choices as students), indicating a sophisticated grasp. Hence, a high score is justified.

**Judgment:** The participant clearly formed a hypothesis about how to act, initially sticking with one choice until it failed and later adjusting their strategy based on performance reliability. This shows a progression in their planning and hypothesis formation, warranting a high score.

**Evaluation:** The participant reflects on the effectiveness of their strategy by noting the reliability of one choice over others despite occasional failures. This indicates a thoughtful evaluation of strategy effectiveness, deserving a high score.

**Final Decision:** The participant describes a consistent rule or decision strategy they ultimately applied, which was to give a choice multiple chances if it showed long-term reliability. This shows a clear and thoughtful decision-making process, meriting a high score.

**Confidence:** The participant expresses some certainty in their approach by sticking to a revised strategy as the game progressed, but there is still some implied uncertainty as they adjusted their strategy based on the game's unfolding nature. This suggests moderate confidence, thus the distribution leaning towards the middle and higher end of the scale."
237,Male,White,"Bachelor's degree (e.g., BA, BS)",10,5,24,1.555555556,low,high,-3,0.5125,0.087776867,-0.029546039,0.702925122,0.559915469,0.199178935,-0.775630769,No,no,No ; no,0,0,0,0,0,Auto-scored due to empty or trivial reflection.
375,Male,Black or African American,"Some college or university, no degree",10,5,47,0.722222222,low,low,-3,0.5625,0.063752277,-0.194870807,-1.134141406,0.468501653,1.995640133,-1.148237495,I kept hitting the same deck until it turned sour. Then I would switch decks or keep hitting after catching a -50.,Yes.,I kept hitting the same deck until it turned sour. Then I would switch decks or keep hitting after catching a -50. ; Yes.,2.5,2.8,2.9,3.2,3.4,"Comprehension: [0.0, 0.1, 0.4, 0.4, 0.1]  
Judgment: [0.0, 0.0, 0.3, 0.6, 0.1]  
Evaluation: [0.0, 0.0, 0.2, 0.7, 0.1]  
Final Decision: [0.0, 0.0, 0.1, 0.6, 0.3]  
Confidence: [0.0, 0.0, 0.1, 0.4, 0.5]  

**Rationale:**

**Comprehension:** The participant shows a basic understanding of the task rules by recognizing that they should switch decks when outcomes become unfavorable. However, the reflection lacks depth in explaining the structure or goal beyond immediate responses to negative feedback, hence the higher probabilities for scores 2 and 3.

**Judgment:** The participant formed a basic plan (continuing to choose a deck until it yields a negative outcome), indicating some level of strategic thinking. The reflection suggests a somewhat clear but not deeply sophisticated approach, leading to a higher score in the 3 range.

**Evaluation:** The participant reflects on the effectiveness of their strategy by implicitly acknowledging the need to switch after a significant loss (-50). This shows a good level of self-assessment, meriting a higher score in the 3 range, with some possibility for a 4 if interpreted as a nuanced understanding of risk and reward.

**Final Decision:** The participant describes a consistent rule (switching decks after negative outcomes), but the strategy is not elaborated in great detail. The reflection suggests a fairly reliable decision-making process, justifying a higher score in the 3 range, with some potential for a 4.

**Confidence:** The participant's brief and somewhat casual response (""Yes."") when asked about strategy switching shows some confidence in their approach, but it lacks explicit self-assurance or detailed justification. This warrants a higher probability towards scores 3 and 4, recognizing some implicit confidence in their decision-making process."
352,Male,White,"Bachelor's degree (e.g., BA, BS)",5,5,47,0.055555556,low,low,-3,0.4875,0,-1.084680573,-2.981280725,0.450621148,0.257467738,-0.986156579,Three negatives in a row caused me to switch to another card.,Not really.,Three negatives in a row caused me to switch to another card. ; Not really.,2.1,2.8,2.9,3.4,3.4,"Comprehension: [0.0, 0.1, 0.7, 0.2, 0.0]  
Judgment: [0.0, 0.0, 0.3, 0.6, 0.1]  
Evaluation: [0.0, 0.0, 0.2, 0.7, 0.1]  
Final Decision: [0.0, 0.0, 0.1, 0.4, 0.5]  
Confidence: [0.0, 0.0, 0.1, 0.4, 0.5]  

**Rationale:**

**Comprehension:** The participant shows an understanding of the task rules by indicating a response to consecutive negative outcomes (three negatives in a row). This suggests a basic grasp of the task's feedback mechanism, though the reflection lacks depth about the overall goal or structure of the task. Hence, a higher probability is given to an ""Adequate"" score.

**Judgment:** The participant's statement about switching cards after three negative outcomes indicates a planned response to specific conditions, showing some level of strategic thinking. The reflection, however, is brief and lacks detailed explanation of the strategy's formulation, leading to a higher score in ""Good.""

**Evaluation:** The participant reflects on the effectiveness of their strategy by implicitly suggesting that a change was necessary after repeated negative feedback. The semi-colon followed by ""Not really"" hints at some evaluation of this decision, though it's not deeply elaborated, justifying a higher score in ""Good.""

**Final Decision:** The participant indicates a decision rule (switching after three negatives), but the addition of ""Not really"" introduces ambiguity about the consistency of this strategy. This suggests some level of strategic consistency but also uncertainty or reconsideration, leading to a higher probability in ""Good"" and ""Exemplary.""

**Confidence:** The inclusion of ""Not really"" after stating a decision rule suggests a level of uncertainty or doubt about the chosen approach. This shows self-awareness regarding the confidence in their strategy, warranting a higher score in ""Good"" and ""Exemplary"" for expressing thoughtful restraint and uncertainty."
88,Male,White,"Master's degree (e.g., MA, MS, MEd)",10,100,24,0.388888889,low,low,-2,0.55625,0.274075501,0.006562152,0.995258632,0.632094933,-1.203121309,-1.876434551,I went with the person that gave me the 100 as much as possible,no,I went with the person that gave me the 100 as much as possible ; no,2.5,2.8,0.4,3.1,1.7,"Comprehension: [0.0, 0.1, 0.4, 0.4, 0.1]  
Judgment: [0.0, 0.0, 0.3, 0.6, 0.1]  
Evaluation: [0.7, 0.2, 0.1, 0.0, 0.0]  
Final Decision: [0.0, 0.0, 0.2, 0.5, 0.3]  
Confidence: [0.1, 0.3, 0.4, 0.2, 0.0]  

Rationale:  
- **Comprehension**: The participant's response indicates a basic understanding of the task's goal (to maximize rewards), but lacks depth in explaining the structure or rules. The probability distribution reflects some understanding but not a comprehensive grasp.
- **Judgment**: The participant formed a basic plan (choosing the option that previously gave a high reward), which shows some judgment. The distribution leans towards a ""Good"" rating because they had a clear, though simple, hypothesis.
- **Evaluation**: The participant did not reflect on the effectiveness of their strategy beyond a simple negative answer to whether they changed strategies. This suggests a lack of deep evaluation, hence the higher probability for a lower score.
- **Final Decision**: The participant stuck with a consistent decision strategy (choosing the same rewarding option), which is somewhat articulated. The distribution suggests a moderate to good understanding and application of a decision rule.
- **Confidence**: The participant's brief response shows some level of uncertainty or minimal confidence in their approach, reflected in the higher probabilities for lower scores. The lack of elaboration or strong assertion about their strategy suggests lower confidence."
296,Male,White,"Bachelor's degree (e.g., BA, BS)",5,5,47,0.388888889,low,low,-2,0.60625,0.00925926,-0.960245248,-2.834881279,0.439215573,0.504293672,-0.876217177,"Not really. I went with one person until they started to continually disappoint. Sometimes all of them failed, so I would just kind of go back and forth until I found a good pattern in one.","Only when there were all fails, I would quickly switch back and forth between people. I felt like once you got into a rhythm, you could pretty much stick with certain people and you had a sense of when to change.","Not really. I went with one person until they started to continually disappoint. Sometimes all of them failed, so I would just kind of go back and forth until I found a good pattern in one. ; Only when there were all fails, I would quickly switch back and forth between people. I felt like once you got into a rhythm, you could pretty much stick with certain people and you had a sense of when to change.",2.5,3.1,2.9,3.4,3.1,"Comprehension: [0.0, 0.1, 0.4, 0.4, 0.1]  
Judgment: [0.0, 0.0, 0.2, 0.5, 0.3]  
Evaluation: [0.0, 0.0, 0.3, 0.5, 0.2]  
Final Decision: [0.0, 0.0, 0.1, 0.4, 0.5]  
Confidence: [0.0, 0.0, 0.2, 0.5, 0.3]  

**Rationale:**

**Comprehension:** The participant shows some understanding of the task's dynamics, as indicated by their strategy of sticking with one option until it fails consistently. However, the reflection lacks a detailed explanation of the task rules or goals, suggesting a moderate level of comprehension.

**Judgment:** The participant describes forming a strategy based on the performance of their choices, indicating some level of planning and hypothesis formation. The mention of finding a ""good pattern"" and sticking with certain ""people"" until a rhythm is found suggests a more thoughtful approach, warranting a higher score.

**Evaluation:** The participant reflects on the effectiveness of their strategy by noting the need to switch when all options fail, showing some evaluation. However, the depth of this reflection is not fully comprehensive, as it lacks detailed analysis of why specific strategies worked or failed.

**Final Decision:** The participant describes a consistent rule or decision strategy by sticking with certain options once a rhythm is established. This indicates a relatively clear and somewhat sophisticated decision-making process, deserving a higher score.

**Confidence:** The participant expresses a sense of rhythm and timing in their strategy, suggesting some confidence in their approach. However, the language used (""kind of go back and forth,"" ""felt like"") implies some uncertainty, justifying a score that leans towards confidence but acknowledges some doubt."
433,Female,White,"Some college or university, no degree",10,5,47,0.333333333,low,low,-2,0.65,0,-0.11513033,-1.378397738,0.483378345,1.533864728,-0.817432512,"I often gave a person a 2nd chance after causing us to fail, but if we failed twice in a row, I moved on to another person",No,"I often gave a person a 2nd chance after causing us to fail, but if we failed twice in a row, I moved on to another person ; No",2.1,3.1,3,3.4,3.4,"Comprehension: [0.0, 0.1, 0.7, 0.2, 0.0]  
Judgment: [0.0, 0.0, 0.2, 0.5, 0.3]  
Evaluation: [0.0, 0.0, 0.3, 0.4, 0.3]  
Final Decision: [0.0, 0.0, 0.1, 0.4, 0.5]  
Confidence: [0.0, 0.0, 0.1, 0.4, 0.5]  

**Rationale:**

**Comprehension:** The participant seems to understand the task as involving choices (persons) and consequences (failure), and the strategy involves giving chances and then moving on. The understanding is somewhat clear but lacks depth about the task's structure or goals, hence a higher probability for a score of 2.

**Judgment:** The participant describes a specific hypothesis about how to act (giving a second chance and then moving on after repeated failure). This indicates a planned approach, scoring higher in judgment, with a good probability of scoring 3.

**Evaluation:** The participant reflects on the strategy's outcome (moving on after two failures), suggesting some evaluation of the strategy's effectiveness. This shows a moderate level of reflection, leaning towards a score of 3.

**Final Decision:** The participant describes a consistent rule (giving a second chance, then switching after two failures), indicating a clear decision strategy. This suggests a higher score, with a good chance of scoring 4.

**Confidence:** The participant does not explicitly express confidence or doubt, but the clarity in describing the strategy suggests some level of confidence. The response leans towards a higher score, with a good probability of scoring 4, indicating confidence in the chosen strategy."
210,Male,Asian,"Bachelor's degree (e.g., BA, BS)",0.1,5,47,0,low,low,-2,0.56875,0.05012275,-0.210832482,0.021028894,0.437378786,1.814165483,-0.691097228,I went from sticking with one to changing it after two losses.,Somewhat yes,I went from sticking with one to changing it after two losses. ; Somewhat yes,2.1,2.8,2.9,3.2,1.5,"Comprehension: [0.0, 0.1, 0.7, 0.2, 0.0]  
Judgment: [0.0, 0.0, 0.3, 0.6, 0.1]  
Evaluation: [0.0, 0.0, 0.2, 0.7, 0.1]  
Final Decision: [0.0, 0.0, 0.1, 0.6, 0.3]  
Confidence: [0.1, 0.4, 0.4, 0.1, 0.0]  

**Rationale:**

**Comprehension:** The participant's brief statement indicates a basic understanding of the task's requirement to adapt strategies based on outcomes (changing strategy after two losses). The response is somewhat clear but lacks depth, hence a higher probability for an ""Adequate"" score.

**Judgment:** The participant's strategy of changing after two losses suggests a planned approach, indicating some judgment. The clarity and simplicity of the plan suggest a ""Good"" score, but the lack of detailed reasoning prevents a higher score.

**Evaluation:** The participant reflects on the effectiveness of their strategy by indicating a change after losses, which shows some evaluation. The reflection on strategy effectiveness is clear but not deeply insightful, supporting a higher probability for a ""Good"" score.

**Final Decision:** The participant describes a consistent rule (changing after two losses), which shows some decision-making. The strategy is somewhat clear and consistent, justifying a higher score in ""Good,"" with some probability for ""Exemplary"" due to the clear rule application.

**Confidence:** The participant's expression ""Somewhat yes"" when asked if they switched strategies indicates uncertainty and doubt about their approach. This suggests a lack of strong confidence, supporting higher probabilities for ""Rudimentary"" and ""Adequate"" scores."
401,Female,Asian,"Bachelor's degree (e.g., BA, BS)",5,I am not sure,47,0.111111111,low,low,3,0.55625,0,0.010577017,-0.866931618,0.443447594,1.874852696,-0.809482396,I just tried to switch to an adjacent deck whenever I felt my current deck wasn't working,i found myself staying with a deck more even when it wasn't favorable,I just tried to switch to an adjacent deck whenever I felt my current deck wasn't working ; i found myself staying with a deck more even when it wasn't favorable,2.5,2.9,3.1,3.4,2,"Comprehension: [0.0, 0.1, 0.4, 0.4, 0.1]  
Judgment: [0.0, 0.0, 0.3, 0.5, 0.2]  
Evaluation: [0.0, 0.0, 0.2, 0.5, 0.3]  
Final Decision: [0.0, 0.0, 0.1, 0.4, 0.5]  
Confidence: [0.1, 0.2, 0.4, 0.2, 0.1]  

**Rationale:**

**Comprehension:** The participant shows some understanding of the task structure by recognizing the need to switch decks, indicating they grasped the basic rules. However, the depth of understanding the overall goal or structure isn't fully articulated, hence a higher probability in the middle range.

**Judgment:** The participant formed a basic plan (switching decks based on performance), which shows some judgment. The reflection includes a strategy, but it lacks a detailed explanation of how decisions were made initially, leading to a higher score in the ""Good"" range.

**Evaluation:** The participant reflects on their strategy's effectiveness, noting that they stayed with a deck even when it wasn't favorable. This shows a good level of self-evaluation and awareness of strategy effectiveness, justifying higher scores in ""Good"" and ""Exemplary.""

**Final Decision:** The participant describes a consistent rule they applied (staying longer with a deck), which shows a clear decision strategy, especially towards the end of the task. This is reflected in the higher scores towards ""Good"" and ""Exemplary.""

**Confidence:** The participant expresses some uncertainty about their approach (""whenever I felt""), indicating a mix of certainty and doubt. This mixed expression justifies a balanced distribution across the scale, with a slight lean towards ""Adequate."""
293,Male,Asian,"Master's degree (e.g., MA, MS, MEd)",10,5,47,1.111111111,low,high,1,0.5875,0.120585702,-0.132300585,0.938496357,0.623467131,-1.351461739,-1.915776238,I tried to predict which classmate provided the most points by going back and forth,no,I tried to predict which classmate provided the most points by going back and forth ; no,2.1,2.8,0.2,2.6,1.1,"Comprehension: [0.0, 0.1, 0.7, 0.2, 0.0]  
Judgment: [0.0, 0.0, 0.3, 0.6, 0.1]  
Evaluation: [0.8, 0.2, 0.0, 0.0, 0.0]  
Final Decision: [0.0, 0.0, 0.5, 0.4, 0.1]  
Confidence: [0.3, 0.4, 0.2, 0.1, 0.0]  

**Rationale:**

**Comprehension:** The participant shows some understanding of the task as they mention trying to predict which classmate provided the most points. However, the explanation lacks depth and clarity on how the task structure or rules influenced their approach, hence a higher probability for an ""Adequate"" score.

**Judgment:** The participant indicates a strategy of going back and forth between choices, suggesting some form of hypothesis or plan. The response is somewhat clear but lacks detailed reasoning or sophistication, leading to a higher probability for a ""Good"" score.

**Evaluation:** The participant's reflection does not clearly articulate whether their strategy was effective or why it might have been so. The response is mostly absent of evaluative content, thus a high probability for an ""Absent"" score.

**Final Decision:** The participant's strategy description (""going back and forth"") suggests some consistency in their approach, but it is not articulated in a sophisticated or fully rational manner. This leads to a higher probability for an ""Adequate"" score.

**Confidence:** The participant's brief and somewhat ambiguous response (""; no"") at the end might indicate doubt or uncertainty about their strategy or its effectiveness. This suggests a higher probability for a ""Rudimentary"" score, as there is some expression of doubt but not clearly articulated."
378,Male,White,"Some college or university, no degree",5,5,47,0,low,low,-3,0.59375,0,-0.274415399,-0.250257764,0.43795409,1.426772114,0.697225075,I tried to wait for a bad card twice that told me that it moved,no stayed pretty much the same,I tried to wait for a bad card twice that told me that it moved ; no stayed pretty much the same,2,2.1,1.5,2.2,1.4,"Comprehension: [0.0, 0.3, 0.4, 0.3, 0.0]
Judgment: [0.0, 0.2, 0.5, 0.3, 0.0]
Evaluation: [0.1, 0.4, 0.4, 0.1, 0.0]
Final Decision: [0.0, 0.1, 0.6, 0.3, 0.0]
Confidence: [0.2, 0.3, 0.4, 0.1, 0.0]

Rationale:
- **Comprehension**: The participant seems to have a basic understanding of the task as they mention waiting for a specific outcome (""a bad card"") to determine their action. However, the explanation lacks depth and clarity, suggesting a moderate understanding.
- **Judgment**: The participant indicates a strategy (""wait for a bad card twice"") which shows some planning. The strategy is somewhat clear but not detailed or sophisticated, leading to a higher probability for an adequate score.
- **Evaluation**: The participant reflects minimally on the effectiveness of their strategy by noting that the situation ""stayed pretty much the same."" This suggests some evaluation but lacks depth or detailed reasoning about why the strategy worked or didn't work.
- **Final Decision**: The participant mentions a consistent approach but does not elaborate on its effectiveness or any adjustments made. This suggests a moderate level of clarity in their decision-making process.
- **Confidence**: The participant's statement shows some uncertainty and lack of confidence in the outcome (""stayed pretty much the same""), indicating they are not fully confident in their strategy or its results. This leads to a higher probability for an adequate score."
217,Male,White,"Bachelor's degree (e.g., BA, BS)",0.05,5,47,0,low,low,-1,0.4875,0.626923077,0.00405095,1.005141816,0.606212694,-1.742107496,-1.978114793,I tried to find out the pattern and bounce back and forth when making a choice.,Yes I found myself trying to figure out the pattern and think what it could be next.,I tried to find out the pattern and bounce back and forth when making a choice. ; Yes I found myself trying to figure out the pattern and think what it could be next.,2.5,2.6,1.7,2.3,1.7,"Comprehension: [0.0, 0.1, 0.4, 0.4, 0.1]  
Judgment: [0.0, 0.1, 0.3, 0.5, 0.1]  
Evaluation: [0.1, 0.3, 0.4, 0.2, 0.0]  
Final Decision: [0.0, 0.2, 0.4, 0.3, 0.1]  
Confidence: [0.1, 0.3, 0.4, 0.2, 0.0]  

**Rationale:**

**Comprehension:** The participant indicates an understanding of the task by mentioning their attempt to ""find out the pattern"" which suggests they grasped the goal of identifying a pattern in choices. The response is somewhat clear but lacks depth about the structure or rules, hence a higher probability for a score of 2 and 3.

**Judgment:** The participant explicitly states their strategy to ""bounce back and forth"" and to ""think what it could be next,"" showing they formed a plan based on their understanding. This indicates a good level of judgment, leaning towards a score of 3.

**Evaluation:** The participant reflects on their strategy by acknowledging their attempts to figure out the pattern, but they do not deeply analyze whether this strategy was effective or why. This suggests a moderate level of evaluation, with a higher probability for a score of 2.

**Final Decision:** The participant mentions a consistent approach of trying to predict and adjust their choices, but the description lacks a clear, definitive rule or strategy that was consistently applied. This suggests an adequate to good final decision-making process, with a higher probability for a score of 2 and 3.

**Confidence:** The participant does not express strong certainty or doubt about their approach; the reflection shows some level of confidence by stating their strategy but also implies uncertainty by continuously trying to figure out the pattern. This suggests an adequate level of confidence, with a higher probability for a score of 2."
321,Male,White,"Some college or university, no degree",5,5,47,0.666666667,low,low,-1,0.625,0.017857143,0.01803854,-2.121392124,0.434807318,1.48624752,-0.456014785,"Eventually I reached a point where if I got two -50s in a row I would always switch, and I'd sometimes switch after just one because I knew positive streaks from other partners were quite possible.","Yes, as the game progressed I became more likely to give up on a partner who got a -50 because I knew it was possible to get several 100s in a row.","Eventually I reached a point where if I got two -50s in a row I would always switch, and I'd sometimes switch after just one because I knew positive streaks from other partners were quite possible. ; Yes, as the game progressed I became more likely to give up on a partner who got a -50 because I knew it was possible to get several 100s in a row.",3.4,3.4,3.3,3.5,3.5,"Comprehension: [0.0, 0.0, 0.1, 0.4, 0.5]  
Judgment: [0.0, 0.0, 0.1, 0.4, 0.5]  
Evaluation: [0.0, 0.0, 0.2, 0.3, 0.5]  
Final Decision: [0.0, 0.0, 0.1, 0.3, 0.6]  
Confidence: [0.0, 0.0, 0.1, 0.3, 0.6]  

**Rationale:**

**Comprehension:** The participant demonstrates a clear understanding of the task rules and structure, particularly the consequences of receiving -50s and the potential for positive streaks. The reflection shows a sophisticated grasp of the task dynamics, hence the high scores in the upper range.

**Judgment:** The participant's strategy formulation, such as deciding when to switch based on the outcomes (-50s), indicates a well-thought-out plan and hypothesis about how to act within the game. This reflects a high level of judgment, warranting scores leaning towards the higher end.

**Evaluation:** The participant reflects on the effectiveness of their strategy by acknowledging the possibility and benefit of switching after negative outcomes to potentially capitalize on positive streaks. This shows a good level of strategy evaluation, deserving a higher score.

**Final Decision:** The reflection describes a consistent rule or decision strategy (switching after two consecutive -50s and sometimes after one), indicating a clear and somewhat sophisticated decision-making process. This justifies a higher score in this dimension.

**Confidence:** The participant expresses a level of certainty in their approach, particularly in their decision to switch partners after negative outcomes, reflecting confidence in their understanding and strategy. This is supported by their acknowledgment of the game's structure and potential outcomes, suggesting a higher score."
101,Female,White,"Bachelor's degree (e.g., BA, BS)",5,5,47,0.166666667,low,low,0,0.65,0,-0.143939996,-0.80760079,0.479284391,1.957791246,0.318543799,Tried to find one with 100 and clicked it until it changed,no,Tried to find one with 100 and clicked it until it changed ; no,2.1,2.8,0.2,3.7,1.5,"Comprehension: [0.0, 0.1, 0.7, 0.2, 0.0]  
Judgment: [0.0, 0.0, 0.3, 0.6, 0.1]  
Evaluation: [0.8, 0.2, 0.0, 0.0, 0.0]  
Final Decision: [0.0, 0.0, 0.0, 0.3, 0.7]  
Confidence: [0.1, 0.4, 0.4, 0.1, 0.0]  

Rationale:
- **Comprehension**: The participant shows an understanding of the task's basic mechanism (finding and clicking a target), but lacks depth in explaining the rules or structure beyond the immediate action. The probability leans towards ""Adequate"" as they understood to click a choice until it changed.
- **Judgment**: The participant formed a basic plan (to keep selecting a choice until it changed), indicating some level of strategic thinking. The score leans towards ""Good"" as there is a clear, albeit simple, plan.
- **Evaluation**: The participant did not reflect on the effectiveness of their strategy or why it might have worked or failed, hence the high probability for ""Absent.""
- **Final Decision**: The participant stuck to a consistent rule (clicking the same choice until it changed), which is a clear decision strategy. The score is skewed towards ""Exemplary"" as they did not waver in their approach.
- **Confidence**: The participant's brief and somewhat ambiguous response (""no"" to strategy switching) suggests uncertainty or minimal self-assurance about their approach, leading to a higher probability for ""Adequate."""
146,Female,White,"High school degree or equivalent (e.g., GED)",5,5,47,0,low,low,0,0.55,0.05174292,-0.054958452,-2.548404021,0.622582,-0.668471929,-0.631397101,each one I tried seemed to not follow through,yep often,each one I tried seemed to not follow through ; yep often,1.6,1.5,1.7,1.1,1.3,"Comprehension: [0.1, 0.4, 0.3, 0.2, 0.0]  
Judgment: [0.2, 0.3, 0.3, 0.2, 0.0]  
Evaluation: [0.1, 0.3, 0.4, 0.2, 0.0]  
Final Decision: [0.3, 0.4, 0.2, 0.1, 0.0]  
Confidence: [0.2, 0.4, 0.3, 0.1, 0.0]  

**Rationale:**

**Comprehension:** The participant's statement ""each one I tried seemed to not follow through"" suggests a basic understanding of the task's trial-and-error nature, but lacks depth in explaining the task rules or goals. The response indicates some awareness but is not detailed, hence a higher probability for a score of 1.

**Judgment:** The participant's reflection shows some indication of forming strategies (""each one I tried""), implying attempts at planning or hypothesizing. However, the lack of specificity and depth in describing these strategies leads to a higher score in the lower range.

**Evaluation:** The phrase ""seemed to not follow through"" suggests a rudimentary reflection on the effectiveness of the strategies used, indicating some evaluation. However, the lack of detail about why strategies failed or succeeded leads to a moderate score.

**Final Decision:** The participant's brief and vague response does not clearly describe a consistent rule or decision strategy applied throughout the task. The statement ""yep often"" ambiguously suggests frequent changes without clarity, leading to a higher probability of lower scores.

**Confidence:** The participant's expression shows some uncertainty and lack of confidence in the strategies used (""seemed to not follow through""), but does not strongly convey either confidence or doubt. The response leans towards lower confidence, hence a higher score in the lower range."
5,Female,White,"Bachelor's degree (e.g., BA, BS)",10,100,47,0.444444444,low,low,-2,0.49375,0,-0.91445053,-3.778985391,0.431306101,0.408209929,-1.664933889,I tried to select the same person as long as i was getting postive scores then i tried to figure out a sequence,,I tried to select the same person as long as i was getting postive scores then i tried to figure out a sequence ; ,2.5,3.1,1.7,3,1.6,"Comprehension: [0.0, 0.1, 0.4, 0.4, 0.1]  
Judgment: [0.0, 0.0, 0.2, 0.5, 0.3]  
Evaluation: [0.1, 0.3, 0.4, 0.2, 0.0]  
Final Decision: [0.0, 0.0, 0.3, 0.4, 0.3]  
Confidence: [0.1, 0.4, 0.3, 0.2, 0.0]  

Rationale:
- **Comprehension**: The participant shows an understanding of the task's goal (maximizing positive scores) and the basic rule of sticking with a choice that yields positive outcomes. The mention of trying to ""figure out a sequence"" suggests some grasp of the task's structure, though not fully sophisticated.
- **Judgment**: The participant clearly formed a plan to stick with a choice as long as it yielded positive results and then attempted to discern a pattern or sequence. This indicates a strategic approach, though the depth of strategic planning is not fully clear.
- **Evaluation**: The participant reflects on the strategy by indicating a shift from one approach to another, suggesting some level of evaluation. However, there is no detailed analysis of why the strategy was changed or its effectiveness, leading to a moderate score.
- **Final Decision**: The participant describes a consistent rule initially (sticking with a positive outcome) and hints at a shift in strategy. This shows some level of decision-making but lacks a clear, final strategy that was consistently applied throughout.
- **Confidence**: The participant does not explicitly express confidence or doubt about their approach. The reflection suggests some uncertainty as they attempted to ""figure out a sequence,"" indicating they were not entirely sure of their initial strategy. This leads to a moderate score in confidence, leaning towards uncertainty."
57,Female,White,"Bachelor's degree (e.g., BA, BS)",10,100,24,1.777777778,high,high,NA,0.3875,0.569264069,0.000598101,0.998148217,0.607170686,-1.754225375,-1.984597638,NO,NO,NO ; NO,0,0,0,0,0,Auto-scored due to empty or trivial reflection.
97,Female,White,"High school degree or equivalent (e.g., GED)",5,5,47,0,low,low,-3,0.65625,0.073089047,-0.817311204,-2.614152145,0.469329935,0.348609031,-1.054523541,"I stuck with the one that had the ""100"" when he tried to sabotage me I would try to find the next one with the ""100""",no,"I stuck with the one that had the ""100"" when he tried to sabotage me I would try to find the next one with the ""100"" ; no",2.5,2.8,1.7,3.4,2.7,"Comprehension: [0.0, 0.1, 0.4, 0.4, 0.1]  
Judgment: [0.0, 0.0, 0.3, 0.6, 0.1]  
Evaluation: [0.1, 0.3, 0.4, 0.2, 0.0]  
Final Decision: [0.0, 0.0, 0.1, 0.4, 0.5]  
Confidence: [0.0, 0.1, 0.3, 0.4, 0.2]  

**Rationale:**

**Comprehension:** The participant shows a basic understanding of the task by recognizing the goal of finding the ""100"" and responding to changes. The response indicates some grasp of the task structure but lacks depth in explaining the rules or goals beyond the immediate response to changes, hence a higher probability for scores 2 and 3.

**Judgment:** The participant's strategy of sticking with the ""100"" and searching for another ""100"" after a sabotage implies a planned approach, though not elaborately described. The clarity in their plan suggests a good level of judgment, leading to a higher probability for score 3.

**Evaluation:** The participant briefly reflects on the effectiveness of their strategy by continuing to search for ""100"" after sabotage, indicating some evaluation. However, there is minimal insight into why this strategy was effective or not, leading to a higher probability for score 2.

**Final Decision:** The participant clearly states their decision to stick with the ""100"" and look for another ""100"" after sabotage, showing a consistent rule in their strategy. This clarity and consistency in decision-making justify a higher probability for scores 4 and 3.

**Confidence:** The participant does not explicitly express confidence or doubt about their strategy. The brief and straightforward nature of the response suggests some level of certainty but not enough to score highly on confidence. Thus, a higher probability is given to scores 2 and 3, indicating moderate confidence."
291,Male,"American Indian or Alaska Native,White","Bachelor's degree (e.g., BA, BS)",10,100,24,2.611111111,low,high,3,0.575,0.264285715,-0.013498559,0.99378547,0.633446474,-1.111563885,-1.869047201,no,yes,no ; yes,0,0,0,0,0,Auto-scored due to empty or trivial reflection.
203,Female,Black or African American,"Bachelor's degree (e.g., BA, BS)",0.1,100,48,0.555555556,low,low,-3,0.59375,0.145833334,0.020159084,-1.399992721,0.474539873,1.340478737,-0.779288303,Focused Idea,NO,Focused Idea ; NO,0.2,0.2,0.2,0.2,0.2,"Comprehension: [0.8, 0.2, 0.0, 0.0, 0.0]  
Judgment: [0.8, 0.2, 0.0, 0.0, 0.0]  
Evaluation: [0.8, 0.2, 0.0, 0.0, 0.0]  
Final Decision: [0.8, 0.2, 0.0, 0.0, 0.0]  
Confidence: [0.8, 0.2, 0.0, 0.0, 0.0]  

**Rationale:**  
The reflection provided, ""Focused Idea ; NO,"" is extremely brief and lacks substantive content across all metacognitive dimensions. 

- **Comprehension:** The phrase ""Focused Idea"" suggests a minimal understanding of having a strategy or approach, but it is not clear if the participant comprehends the task rules, structure, or goal. The probability is high (0.8) for a score of 0 due to the lack of clear evidence of understanding.
  
- **Judgment:** The reflection does not clearly indicate that the participant formed a hypothesis or plan about how to act, other than a vague notion of having a ""focused idea."" The probability of a score of 0 remains high (0.8) due to the absence of explicit planning or hypothesis formation.

- **Evaluation:** There is no indication that the participant reflected on whether their strategy worked or why it might have worked or failed. The reflection lacks any evaluative content, leading to a high probability (0.8) of a score of 0.

- **Final Decision:** The reflection does not describe any consistent rule or decision strategy that was ultimately applied. The term ""NO"" is ambiguous and does not clarify the nature of the final decision. Thus, the probability of a score of 0 is high (0.8).

- **Confidence:** The participant does not express any certainty or doubt about their approach or understanding. The reflection lacks any language indicating confidence, leading to a high probability (0.8) of a score of 0.

Overall, the reflection is too brief and vague to provide meaningful insights into the participant's metacognitive processes regarding the task."
152,Male,White,Completed some postgraduate,10,100,47,0.222222222,low,low,-1,0.68125,0.00862069,-0.161685949,-1.054082854,0.440752374,2.118191784,-0.569315823,I tried to find patterns in who to trust after getting rejected.,"Yes. First I tried finding patterns in the interval of successful projects, then i tried finding patterns in the number failures, later I tried working out which partner would be the next one to be successful.","I tried to find patterns in who to trust after getting rejected. ; Yes. First I tried finding patterns in the interval of successful projects, then i tried finding patterns in the number failures, later I tried working out which partner would be the next one to be successful.",3.3,3.4,3.2,3,2.1,"Comprehension: [0.0, 0.0, 0.2, 0.3, 0.5]  
Judgment: [0.0, 0.0, 0.1, 0.4, 0.5]  
Evaluation: [0.0, 0.0, 0.2, 0.4, 0.4]  
Final Decision: [0.0, 0.0, 0.3, 0.4, 0.3]  
Confidence: [0.1, 0.2, 0.3, 0.3, 0.1]  

Rationale:
- **Comprehension**: The participant shows a good understanding of the task's goal, which is to identify patterns and make decisions based on those patterns. The reflection indicates a clear grasp of the task's structure and goals, hence the higher probabilities towards the upper end of the scale.
- **Judgment**: The participant explicitly mentions trying different strategies to find patterns, indicating a clear formation of hypotheses and plans. The reflection shows a progression in strategy application, justifying higher scores in judgment.
- **Evaluation**: The participant reflects on the effectiveness of their strategies by shifting from one pattern-seeking method to another, indicating some level of evaluation. However, there is no deep insight into why specific strategies did or did not work, which limits the score to the middle range.
- **Final Decision**: The participant describes a consistent rule or decision strategy by the end of the reflection, but it is not entirely clear if one strategy was settled upon as more effective than the others. This uncertainty results in a balanced distribution across the middle scores.
- **Confidence**: The participant does not explicitly express confidence or doubt about their strategies, leading to a moderate score. The reflection suggests some level of uncertainty, as indicated by strategy switching, but does not fully articulate confidence levels, hence the spread across the middle values."
18,Male,White,"Bachelor's degree (e.g., BA, BS)",10,100,47,0.055555556,low,low,-3,0.36875,0.210555556,-0.082343086,0.911745849,0.622133313,-1.414602316,-1.859153633,Well basically I just try to stick with the positive result as many times in a row as I can,I did not,Well basically I just try to stick with the positive result as many times in a row as I can ; I did not,2,2.5,1.5,2.3,1.7,"Comprehension: [0.0, 0.3, 0.4, 0.3, 0.0]  
Judgment: [0.0, 0.1, 0.4, 0.4, 0.1]  
Evaluation: [0.2, 0.3, 0.3, 0.2, 0.0]  
Final Decision: [0.0, 0.2, 0.4, 0.3, 0.1]  
Confidence: [0.1, 0.3, 0.4, 0.2, 0.0]  

**Rationale:**

**Comprehension:** The participant shows some understanding of the task by attempting to follow a positive result repeatedly. However, the depth of understanding the overall structure or goal of the task is not fully clear, hence a higher probability for an ""Adequate"" score.

**Judgment:** The participant indicates a basic strategy (""stick with the positive result as many times in a row as I can""), suggesting some form of planning or hypothesis. The clarity and depth are somewhat limited, leading to a higher probability for an ""Adequate"" to ""Good"" score.

**Evaluation:** The participant's reflection on the effectiveness of their strategy is minimal and lacks depth (""I did not""), indicating they recognized a strategy failure but did not elaborate on why it might not have worked. This warrants a higher probability for an ""Adequate"" score.

**Final Decision:** The participant describes a consistent rule they tried to apply, but the reflection lacks depth on how this decision was adapted or optimized throughout the task. This suggests a score leaning towards ""Adequate"" to ""Good.""

**Confidence:** The participant does not express strong certainty or doubt about their approach; the statement is somewhat neutral and lacks depth in confidence expression. This leads to a higher probability for an ""Adequate"" score."
457,Male,Other,Less than a high school diploma,10,5,47,0.055555556,low,low,-3,0.55,0.051666667,-0.314218403,-1.604820099,0.485304947,0.773350673,0.359806287,Tried to switch after 2 consecutive negative outcomes.,Not really.,Tried to switch after 2 consecutive negative outcomes. ; Not really.,2.5,2.8,1.7,3.1,1.5,"Comprehension: [0.0, 0.1, 0.4, 0.4, 0.1]  
Judgment: [0.0, 0.0, 0.3, 0.6, 0.1]  
Evaluation: [0.1, 0.3, 0.4, 0.2, 0.0]  
Final Decision: [0.0, 0.0, 0.2, 0.5, 0.3]  
Confidence: [0.1, 0.4, 0.4, 0.1, 0.0]  

**Rationale:**

**Comprehension:** The participant's brief reflection indicates some understanding of the task's requirement to adapt strategies based on outcomes, as shown by the mention of switching strategies after negative outcomes. However, the depth of understanding isn't fully clear, hence a higher probability in the middle range (2 and 3).

**Judgment:** The participant's strategy to switch after negative outcomes shows some level of planning and hypothesis formation about how to act within the task. The clarity isn't fully developed but suggests a thoughtful approach, leading to a higher score in the 'Good' range.

**Evaluation:** The participant reflects minimally on the effectiveness of their strategy (""Not really""), indicating some evaluation but lacking depth or detailed reasoning about why the strategy may not have worked effectively. This warrants a moderate score, leaning towards 'Adequate'.

**Final Decision:** The participant mentions a specific strategy (switching after negative outcomes), but the addition of ""Not really"" suggests some inconsistency or reconsideration of this strategy. This indicates a somewhat clear but not fully consistent rule, leading to a higher score in the 'Good' range.

**Confidence:** The participant's expression of doubt (""Not really"") after stating their strategy shows uncertainty about their approach or understanding of the task. This suggests a lower level of confidence, warranting a higher probability in the 'Adequate' range."
233,Male,White,"Associate degree (e.g., AA, AS)",10,100,24,2.705882353,high,high,0,0.65,0.235398861,-0.130314178,-0.825353554,0.536207163,1.376188561,-0.40150019,I just try to get it how the person chances while losing -50 points.,"Yeah, it was really difficult that when the person changed.","I just try to get it how the person chances while losing -50 points. ; Yeah, it was really difficult that when the person changed.",1.7,1.3,1.1,1.5,1.1,"Comprehension: [0.1, 0.3, 0.4, 0.2, 0.0]  
Judgment: [0.2, 0.4, 0.3, 0.1, 0.0]  
Evaluation: [0.3, 0.4, 0.2, 0.1, 0.0]  
Final Decision: [0.2, 0.3, 0.3, 0.2, 0.0]  
Confidence: [0.3, 0.4, 0.2, 0.1, 0.0]  

**Rationale:**

**Comprehension:** The participant shows some understanding of the task as they mention the change in the person's behavior in response to losing points. However, the reflection lacks depth and clarity about the full structure or goal of the task, suggesting a moderate comprehension.

**Judgment:** The participant indicates a basic strategy of observing changes in behavior due to point loss, but there is no clear plan or hypothesis about how to act on this observation. The response suggests a rudimentary to adequate level of judgment.

**Evaluation:** The participant reflects on the difficulty of the task when changes occur, indicating some level of evaluation. However, there is no deep analysis of whether their strategy was effective or why, leading to a score leaning towards rudimentary to adequate.

**Final Decision:** The reflection lacks a clear description of a consistent rule or decision strategy applied throughout the task. The participant mentions a strategy but does not elaborate on its consistency or finality, suggesting an adequate score at best.

**Confidence:** The participant expresses difficulty and a sense of challenge, which may indicate some doubt about their approach or understanding. There is no strong expression of certainty, leading to a score that suggests low confidence."
409,Male,White,"Some college or university, no degree",5,5,47,0,low,low,-3,0.69375,0.018518519,-0.116312269,0.353124642,0.4815308,2.22499572,0.203673875,"Yes, my strategy was to look for the points in one of the 3 cards and when I obtained the points I would choose it again until it no longer gave me points. Then I would look for the points on one of the other 2 remaining cards and do the same",No,"Yes, my strategy was to look for the points in one of the 3 cards and when I obtained the points I would choose it again until it no longer gave me points. Then I would look for the points on one of the other 2 remaining cards and do the same ; No",3,3.1,2.5,3.4,3.5,"Comprehension: [0.0, 0.0, 0.3, 0.4, 0.3]
Judgment: [0.0, 0.0, 0.2, 0.5, 0.3]
Evaluation: [0.0, 0.1, 0.4, 0.4, 0.1]
Final Decision: [0.0, 0.0, 0.1, 0.4, 0.5]
Confidence: [0.0, 0.0, 0.1, 0.3, 0.6]

**Rationale:**

**Comprehension:** The participant demonstrates a basic understanding of the task's structure and goal, which is to select cards that yield points. The strategy of switching cards after one stops yielding points shows an understanding of the task's reversal nature. The probabilities reflect a good understanding but not a comprehensive one, as the reflection lacks depth about the overall goal beyond immediate point collection.

**Judgment:** The participant formed a clear plan to follow points, which shows a good level of judgment. They decided to stick with a card until it ceased to give points and then switch, indicating a systematic approach. The probabilities lean towards a higher score due to the clear articulation of this plan.

**Evaluation:** The participant reflects on their strategy working by implicitly indicating that they would switch cards when one stopped yielding points. However, there is minimal explicit reflection on why this strategy worked or didn't, hence the moderate scores.

**Final Decision:** The participant describes a consistent rule or decision strategy by sticking with a card until it stops giving points and then switching. This strategy is clearly articulated, suggesting a higher score, but it lacks a nuanced explanation of any adjustments or considerations beyond the basic rule.

**Confidence:** The participant does not express explicit doubt or uncertainty about their strategy. The brief and straightforward nature of the response, combined with the lack of questioning or alternative strategies, suggests a high level of confidence in their chosen approach, reflected in the higher probabilities towards the upper end of the scale."
55,Male,White,"Bachelor's degree (e.g., BA, BS)",5,5,47,0.055555556,low,low,-2,0.7,0.008196722,-0.338380787,-0.48598181,0.438974191,1.668143176,-0.119784848,"No, not really. I just switched when I felt that the partners might have changed.","No, I kept the same strategy the entire time.","No, not really. I just switched when I felt that the partners might have changed. ; No, I kept the same strategy the entire time.",2.5,1.7,1.3,3.4,1.7,"Comprehension: [0.0, 0.1, 0.4, 0.4, 0.1]  
Judgment: [0.1, 0.3, 0.4, 0.2, 0.0]  
Evaluation: [0.2, 0.4, 0.3, 0.1, 0.0]  
Final Decision: [0.0, 0.0, 0.1, 0.4, 0.5]  
Confidence: [0.1, 0.3, 0.4, 0.2, 0.0]  

**Rationale:**

**Comprehension:** The participant's reflection indicates a basic understanding of the task as they mention switching strategies based on a perceived change in ""partners,"" which likely refers to the task conditions. The response suggests some grasp of the task's dynamic nature, but lacks depth in explaining the task structure or rules explicitly.

**Judgment:** The participant's strategy formulation is implied rather than explicitly detailed. They mention switching strategies based on a feeling, which shows some level of planning or hypothesis but lacks a clear, structured approach. This suggests a moderate level of judgment used during the task.

**Evaluation:** The participant reflects minimally on the effectiveness of their strategy by indicating a switch based on their perception of changes. However, there is no detailed analysis or reasoning about why they believed the strategy worked or didn't, leading to a moderate score.

**Final Decision:** The participant mentions keeping the same strategy throughout, which indicates a decision rule they applied consistently. However, the contradiction in the response (first mentioning a switch, then stating no switch) suggests some confusion or lack of clarity, but ultimately leans towards a consistent strategy.

**Confidence:** The participant's confidence in their approach is not strongly articulated. The use of a casual tone (""No, not really"") and the contradictory statements indicate some uncertainty or casualness about their understanding and strategy application. This leads to a moderate score in confidence, as the participant does not express strong certainty or doubt."
72,Female,White,"Bachelor's degree (e.g., BA, BS)",5,5,47,0.166666667,low,low,-1,0.50625,0.289285715,-0.067315403,0.974423934,0.622794609,-1.326296771,-1.915583382,some seemed to go in spurts,a bit,some seemed to go in spurts ; a bit,1.3,1.2,1.1,1.2,1.1,"Comprehension: [0.0, 0.7, 0.3, 0.0, 0.0]  
Judgment: [0.1, 0.6, 0.3, 0.0, 0.0]  
Evaluation: [0.2, 0.5, 0.3, 0.0, 0.0]  
Final Decision: [0.1, 0.6, 0.3, 0.0, 0.0]  
Confidence: [0.1, 0.7, 0.2, 0.0, 0.0]  

**Rationale:**
- **Comprehension:** The participant's reflection is minimal and vague, indicating a rudimentary understanding of the task dynamics (""some seemed to go in spurts""). There is a slight indication that they noticed patterns in the task, but no clear understanding of rules or goals is expressed.
- **Judgment:** The reflection suggests a minimal level of planning or hypothesis formation, as implied by the observation of ""spurts,"" which might indicate some level of strategy consideration. However, the lack of detail suggests a low level of judgment.
- **Evaluation:** The participant's statement hints at a basic reflection on the task's outcomes (""a bit""), suggesting they might have evaluated their strategy to some extent. However, the evaluation is not detailed or thorough.
- **Final Decision:** The reflection does not clearly describe any consistent rule or decision strategy, only a vague hint at noticing something about the task. This suggests a rudimentary level of decision-making.
- **Confidence:** The participant's expression (""a bit"") implies uncertainty and a lack of confidence in their understanding or strategy. The reflection does not convey strong certainty or doubt, leaning more towards uncertainty."
199,Male,White,"Bachelor's degree (e.g., BA, BS)",$0.05 ,5 minutes,47,0.166666667,low,low,-1,0.5625,0.234302024,-0.027824154,0.966633166,0.627522716,-1.251189114,-1.934774775,,, ; ,0,0,0,0,0,Auto-scored due to empty or trivial reflection.
220,Female,White,"Bachelor's degree (e.g., BA, BS)",5,5,47,0,low,low,2,0.6875,0,-0.688859443,-2.612309736,0.424524406,1.055776616,-0.711359456,After I got 2 negatives in a row I would switch to another partner.,No,After I got 2 negatives in a row I would switch to another partner. ; No,2.1,3.1,1.5,3.2,3.4,"Comprehension: [0.0, 0.1, 0.7, 0.2, 0.0]
Judgment: [0.0, 0.0, 0.2, 0.5, 0.3]
Evaluation: [0.1, 0.4, 0.4, 0.1, 0.0]
Final Decision: [0.0, 0.0, 0.1, 0.6, 0.3]
Confidence: [0.0, 0.0, 0.1, 0.4, 0.5]

Rationale:
- **Comprehension**: The participant shows an understanding of the task's feedback mechanism (switching after 2 negatives), indicating some comprehension but not a deep understanding of the entire task structure or goals. The probability leans towards ""Adequate"" as the participant grasps part of the task dynamics.
- **Judgment**: The participant's strategy of switching after receiving two negative outcomes suggests a planned approach, reflecting a hypothesis about how to act. The probabilities are higher for ""Good"" and ""Exemplary"" as this shows clear and somewhat sophisticated planning.
- **Evaluation**: The participant's reflection lacks a detailed evaluation of the strategy's effectiveness beyond the immediate response to negative outcomes. The probabilities are distributed more towards ""Rudimentary"" and ""Adequate"" due to minimal reflection on the strategy's success or failure.
- **Final Decision**: The participant describes a consistent rule (switching after 2 negatives), which they applied throughout the task. This is a clear decision strategy, meriting higher probabilities for ""Good"" and ""Exemplary"".
- **Confidence**: The participant does not express explicit confidence or doubt about their strategy; however, the use of a consistent rule suggests some level of confidence. The probabilities are higher for ""Good"" and ""Exemplary"" due to the implicit confidence shown by sticking to a rule despite not verbalizing certainty."
280,Male,White,"Some college or university, no degree",0.05,5,47,0.222222222,low,low,-1,0.6125,0.12264151,-0.049640017,-0.638854614,0.46483482,1.656624167,-0.035198777,"Yes, I stuck with the good partner until they went bad, then moved to the next one that was good and stuck with them. Repeat, repeat.","Not really. I went one at a time at first but saw that most stuck as good for at least a few times and it was more productive than guessing, especially when they started switching more.","Yes, I stuck with the good partner until they went bad, then moved to the next one that was good and stuck with them. Repeat, repeat. ; Not really. I went one at a time at first but saw that most stuck as good for at least a few times and it was more productive than guessing, especially when they started switching more.",3.4,3.5,3.3,3.6,3.5,"Comprehension: [0.0, 0.0, 0.1, 0.4, 0.5]  
Judgment: [0.0, 0.0, 0.1, 0.3, 0.6]  
Evaluation: [0.0, 0.0, 0.2, 0.3, 0.5]  
Final Decision: [0.0, 0.0, 0.1, 0.2, 0.7]  
Confidence: [0.0, 0.0, 0.1, 0.3, 0.6]  

**Rationale:**

**Comprehension:** The participant clearly understood the task rules and goals, as evidenced by their strategy of sticking with a ""good"" option until it changed. The reflection shows a good grasp of the task structure, hence the high probability towards scores 4 and 3.

**Judgment:** The participant formed a clear hypothesis about how to act, which was to stick with a good option until it went bad. This shows a well-thought-out plan based on their understanding of the task dynamics, justifying higher scores in this dimension.

**Evaluation:** The participant reflected on the effectiveness of their strategy by noting it was more productive than guessing, especially with increased switching. This indicates a good level of self-assessment and understanding of strategy effectiveness, leading to higher scores in evaluation.

**Final Decision:** The participant described a consistent rule or decision strategy, which was to stick with a good option until it changed. This strategy was applied throughout the task, indicating a high level of consistency and clarity in their final decision-making process.

**Confidence:** The participant expressed a clear and confident understanding of their approach, as seen in their explanation of sticking with a strategy that proved productive. This confidence in their strategy, despite the task's complexity, supports higher scores in this dimension."
113,Female,White,"Bachelor's degree (e.g., BA, BS)",5,5,47,0,low,low,0,0.63125,0,-0.772133861,-3.678366583,0.458341202,-0.136483268,-1.51014304,once it was lower,no,once it was lower ; no,0.2,0.1,0.1,0.2,0.3,"Comprehension: [0.8, 0.2, 0.0, 0.0, 0.0]  
Judgment: [0.9, 0.1, 0.0, 0.0, 0.0]  
Evaluation: [0.9, 0.1, 0.0, 0.0, 0.0]  
Final Decision: [0.8, 0.2, 0.0, 0.0, 0.0]  
Confidence: [0.7, 0.3, 0.0, 0.0, 0.0]  

**Rationale:**  
- **Comprehension:** The participant's response ""once it was lower"" suggests a minimal, vague understanding of some aspect of the task, possibly referring to a decrease in reward or performance. However, the response lacks clarity and depth, indicating a rudimentary comprehension at best.
- **Judgment:** The response does not clearly articulate any hypothesis or plan regarding how to approach the task. The phrase ""once it was lower"" does not convey a strategic decision-making process, leading to a high probability of an absent score.
- **Evaluation:** There is no evidence that the participant reflected on the effectiveness of their strategy or the reasons behind their task performance. The response lacks any evaluative content, suggesting an absence of this dimension.
- **Final Decision:** The participant does not describe any consistent rule or decision strategy applied during the task. The response is too brief and lacks any substantive content related to a final decision-making process.
- **Confidence:** The participant's response does not explicitly express certainty or doubt about their approach or understanding. The brevity and ambiguity of the response suggest a lack of confidence, but with a slight chance that the participant might have some implicit, albeit unclear, confidence in their understanding."
301,Male,White,"Bachelor's degree (e.g., BA, BS)",10,5,47,0.166666667,low,low,-2,0.50625,0.32190022,0.006236853,0.236665038,0.486771865,1.535558786,-0.788484471,I didnt really have a set strategy,"I clicked on the ones that gave me positive points until they didnt, then I switched to another","I didnt really have a set strategy ; I clicked on the ones that gave me positive points until they didnt, then I switched to another",3,2.5,1.7,3.1,2.2,"Comprehension: [0.0, 0.0, 0.3, 0.4, 0.3]  
Judgment: [0.0, 0.1, 0.4, 0.4, 0.1]  
Evaluation: [0.1, 0.3, 0.4, 0.2, 0.0]  
Final Decision: [0.0, 0.0, 0.2, 0.5, 0.3]  
Confidence: [0.0, 0.2, 0.5, 0.2, 0.1]  

**Rationale:**

**Comprehension:** The participant shows an understanding of the task's basic mechanics (clicking for positive points) and the need to switch when rewards change. The response suggests a moderate understanding but lacks depth in explaining the task's structure or goals, hence a higher probability towards a score of 3.

**Judgment:** The participant indicates a simple plan of action (clicking on rewarding options) and a basic hypothesis (switch when no longer rewarded). This shows some judgment but not a sophisticated strategy, leading to a higher probability for a score of 2 or 3.

**Evaluation:** The participant reflects minimally on the effectiveness of their strategy (""until they didn't""), indicating some evaluation but not a deep analysis of why strategies worked or failed. This warrants a higher probability for a score of 2.

**Final Decision:** The participant describes a consistent rule (switching after failure to gain points), which shows some clarity in their decision-making process. This suggests a score leaning towards 3, indicating a clear but not highly sophisticated decision strategy.

**Confidence:** The participant does not express strong certainty or doubt about their approach; the language used (""I didn't really have a set strategy"") implies some uncertainty. This leads to a higher probability for a score of 2, indicating moderate confidence."
440,Male,White,"Associate degree (e.g., AA, AS)",10,100,24,0.333333333,low,low,-2,0.5875,0.023255814,-0.060266326,-1.537022762,0.458210183,2.09910813,-0.549251566,"I just picked the one that gave me the 100 until it changed to -50 then moved to the next one and kept moving around. Once I found the 100, I would stay on that one till it changed back to -50 then I moved.","No, I pretty much kept to the same strategy other than when I noticed that the 100 was changing people more often so I would bite the bullet by staying on one -50 person and see if they changed back.","I just picked the one that gave me the 100 until it changed to -50 then moved to the next one and kept moving around. Once I found the 100, I would stay on that one till it changed back to -50 then I moved. ; No, I pretty much kept to the same strategy other than when I noticed that the 100 was changing people more often so I would bite the bullet by staying on one -50 person and see if they changed back.",3.4,3.5,3.3,3.8,3.5,"Comprehension: [0.0, 0.0, 0.1, 0.4, 0.5]
Judgment: [0.0, 0.0, 0.1, 0.3, 0.6]
Evaluation: [0.0, 0.0, 0.2, 0.3, 0.5]
Final Decision: [0.0, 0.0, 0.0, 0.2, 0.8]
Confidence: [0.0, 0.0, 0.1, 0.3, 0.6]

**Rationale:**

**Comprehension:** The participant clearly understood the task rules and structure, as evidenced by their ability to describe the reward system and their response to it. The reflection shows a good grasp of the task's goal, which was to maximize rewards by identifying and sticking with the most rewarding option until it changes.

**Judgment:** The participant formed a clear plan of action, which was to stick with the option that provided the highest reward until it no longer did so. This strategy is well articulated and shows a good level of planning and hypothesis formation about how to act within the task.

**Evaluation:** The participant reflected on the effectiveness of their strategy by noting the frequency of reward changes and adjusting their approach slightly by ""biting the bullet"" on a less rewarding option to test its potential change. This shows a thoughtful evaluation of their strategy's effectiveness and an understanding of the task dynamics.

**Final Decision:** The participant described a consistent rule or decision strategy, which was to follow the highest reward until it shifts and then to adapt by testing other options. This strategy was maintained throughout the task with minor adjustments, indicating a strong and clear final decision-making process.

**Confidence:** The participant expressed a high level of certainty in their approach, sticking to their strategy throughout the task and making only minor adjustments based on their observations. This shows confidence in their understanding and strategy, despite the probabilistic nature of the task."
140,Female,White,"Associate degree (e.g., AA, AS)",5,100,27,0.111111111,low,low,-1,0.61875,0.08452381,0.020580877,-0.05255452,0.441303239,2.105130385,-0.616118137,i tried counting and that somewhat worked in the beginning,no,i tried counting and that somewhat worked in the beginning ; no,2,2.1,1.5,2.3,1.6,"Comprehension: [0.0, 0.3, 0.4, 0.3, 0.0]  
Judgment: [0.0, 0.2, 0.5, 0.3, 0.0]  
Evaluation: [0.1, 0.4, 0.4, 0.1, 0.0]  
Final Decision: [0.0, 0.0, 0.7, 0.3, 0.0]  
Confidence: [0.0, 0.5, 0.4, 0.1, 0.0]  

Rationale:
- **Comprehension**: The participant's brief mention of a strategy (""counting"") suggests some understanding of the task's demands, but the lack of detail about the task structure or goals limits the score. The probabilities reflect an adequate understanding with some clarity.
- **Judgment**: The participant indicates forming a plan (""tried counting""), showing some judgment in approaching the task. The probabilities lean towards an adequate score, acknowledging the presence of a strategy but lacking depth in strategic planning.
- **Evaluation**: The phrase ""somewhat worked"" indicates a basic level of reflection on the strategy's effectiveness, but the lack of deeper analysis or reasons for the strategy's performance results in a score leaning towards rudimentary to adequate.
- **Final Decision**: The participant's brief response does not clearly articulate a consistent rule or decision strategy used throughout the task, other than the initial attempt at counting. The probabilities suggest a basic to adequate final decision-making process.
- **Confidence**: The participant's confidence in their approach is not clearly expressed. The use of ""somewhat worked"" and the terse nature of the response (""no"") suggest uncertainty or doubt, leading to probabilities skewed towards rudimentary to adequate confidence levels."
50,Male,White,"Some college or university, no degree",10,100,24,1.833333333,high,high,-1,0.54375,0.021276596,-0.070616724,0.945609777,0.636165012,-1.096409845,-1.864927006,I would switch to another person after I got a negative score but then go right back to the partner that was giving me a score to see if they just needed a break or were having a bad day.,No,I would switch to another person after I got a negative score but then go right back to the partner that was giving me a score to see if they just needed a break or were having a bad day. ; No,2.5,3.1,2.9,3.4,1.7,"Comprehension: [0.0, 0.1, 0.4, 0.4, 0.1]  
Judgment: [0.0, 0.0, 0.2, 0.5, 0.3]  
Evaluation: [0.0, 0.0, 0.3, 0.5, 0.2]  
Final Decision: [0.0, 0.0, 0.1, 0.4, 0.5]  
Confidence: [0.1, 0.3, 0.4, 0.2, 0.0]  

Rationale:
- **Comprehension**: The participant shows some understanding of the task's dynamics by recognizing the need to switch between options based on outcomes. However, the reflection lacks a clear articulation of the overall goal or rules of the task, suggesting a moderate level of comprehension.
- **Judgment**: The participant describes a specific strategy of switching after a negative outcome and then returning, indicating a planned approach. This reflects a good level of judgment in forming a hypothesis about how to act.
- **Evaluation**: The participant reflects on the effectiveness of their strategy by considering the reasons behind the outcomes (e.g., needing a break or having a bad day), showing a good level of evaluation.
- **Final Decision**: The reflection indicates a consistent strategy of returning to a previous option after testing another, suggesting a clear decision rule was applied. This is indicative of a good to exemplary understanding and application of a decision strategy.
- **Confidence**: The participant does not express strong certainty or doubt about their approach, as indicated by the brief and somewhat ambiguous reflection on strategy effectiveness and the terse ""No"" at the end, suggesting moderate confidence."
161,Female,White,"Some college or university, no degree",10,5,47,0.277777778,low,low,-2,0.45625,0.251282052,-0.029367097,0.991788205,0.61049822,-1.667398511,-1.973007477,Mostly went with the middle choice.,Only a little.,Mostly went with the middle choice. ; Only a little.,1.2,2.1,0.1,3.1,1.1,"Comprehension: [0.0, 0.8, 0.2, 0.0, 0.0]  
Judgment: [0.0, 0.0, 0.9, 0.1, 0.0]  
Evaluation: [0.9, 0.1, 0.0, 0.0, 0.0]  
Final Decision: [0.0, 0.0, 0.0, 0.9, 0.1]  
Confidence: [0.0, 0.9, 0.1, 0.0, 0.0]  

**Rationale:**

**Comprehension:** The participant's reflection shows minimal understanding of the task's structure or goal, indicated by the simple statement of choosing mostly the middle option. There is no evidence of a deeper understanding or articulation of the task rules, hence the high probability for a rudimentary score.

**Judgment:** The participant's strategy of choosing mostly the middle option suggests some form of decision-making process, albeit simplistic. This indicates a basic hypothesis about the task, leading to a high probability for an adequate score.

**Evaluation:** The participant provides no reflection on whether their strategy was effective or why it might have worked or failed. The response lacks any evaluative content, justifying a high probability for an absent score.

**Final Decision:** The participant clearly states their consistent choice of the middle option, indicating a clear, though simplistic, decision strategy. This warrants a high probability for a good score, as they describe a consistent rule they applied throughout the task.

**Confidence:** The participant's brief and vague response, especially the phrase ""Only a little,"" suggests uncertainty about their strategy's effectiveness or correctness. This supports a high probability for a rudimentary score, reflecting significant doubt about their approach."
103,Female,White,"Associate degree (e.g., AA, AS)",10,5,47,0.222222222,low,low,1,0.6625,0.010638298,0.119398952,-1.103966339,0.434654327,2.16426863,-1.24034882,Yes.  I kept clicking on the 100 until it change to -50.  Then I kept choosing others until one hit 100 then did the same thing over and over.,Yes.  I initially tried to click at random.  That didn't work well.  I tried the strategy above and it seemed to work well.,Yes.  I kept clicking on the 100 until it change to -50.  Then I kept choosing others until one hit 100 then did the same thing over and over. ; Yes.  I initially tried to click at random.  That didn't work well.  I tried the strategy above and it seemed to work well.,3,3.1,3.4,3.5,3.3,"Comprehension: [0.0, 0.0, 0.3, 0.4, 0.3]  
Judgment: [0.0, 0.0, 0.2, 0.5, 0.3]  
Evaluation: [0.0, 0.0, 0.1, 0.4, 0.5]  
Final Decision: [0.0, 0.0, 0.1, 0.3, 0.6]  
Confidence: [0.0, 0.0, 0.2, 0.3, 0.5]  

Rationale:
- **Comprehension**: The participant shows a basic understanding of the task mechanics by describing their actions in response to changes in the game (e.g., switching from a 100 to a -50 reward). The reflection indicates an adequate to good grasp of the task rules and goals, hence the higher probabilities towards the upper end of the scale.
- **Judgment**: The participant describes forming a strategy based on their experiences (switching from random clicking to a more systematic approach). This indicates a transition from a less effective to a more effective strategy, showing good judgment in adapting their approach.
- **Evaluation**: The participant reflects on the effectiveness of their strategies, noting that the second strategy ""seemed to work well."" This shows a good level of self-assessment and understanding of strategy effectiveness, warranting a higher score in evaluation.
- **Final Decision**: The participant clearly articulates a consistent rule or decision strategy by the end of the task, sticking to a method that yielded positive results. This shows a good to exemplary level of strategic consistency.
- **Confidence**: The participant expresses a degree of certainty in their approach by stating that the second strategy ""seemed to work well,"" suggesting confidence in their decision-making process. This is reflected in the higher probabilities towards the upper end of the scale."
90,Female,White,"Bachelor's degree (e.g., BA, BS)",9,5,47,0,low,low,-2,0.6125,0,-0.096063214,-0.822337873,0.421109439,2.858387243,-0.790037671,I'd keep selecting one until it turned negative.,no.,I'd keep selecting one until it turned negative. ; no.,2.1,3.2,0.2,3.7,3.8,"Comprehension: [0.0, 0.1, 0.7, 0.2, 0.0]  
Judgment: [0.0, 0.0, 0.1, 0.6, 0.3]  
Evaluation: [0.8, 0.2, 0.0, 0.0, 0.0]  
Final Decision: [0.0, 0.0, 0.0, 0.3, 0.7]  
Confidence: [0.0, 0.0, 0.0, 0.2, 0.8]  

**Rationale:**

**Comprehension:** The participant shows a basic understanding of the task by indicating a strategy of sticking with one choice until it fails. This suggests some grasp of the task's reversal nature, but the explanation lacks depth or a clear articulation of the task's full structure or goals. Hence, a higher probability is given to an ""Adequate"" rating.

**Judgment:** The participant's strategy formulation (""I'd keep selecting one until it turned negative"") indicates a planned approach, albeit simple. The clarity and simplicity of the plan suggest a good understanding of how to proceed, but it's not sophisticated or deeply reasoned, leaning towards a ""Good"" rating.

**Evaluation:** The participant does not reflect on the effectiveness of their strategy or consider why it might or might not work, which is why a high probability is assigned to an ""Absent"" rating.

**Final Decision:** The participant clearly states a consistent rule they applied throughout the task (""keep selecting one until it turned negative""), indicating a strong adherence to a chosen strategy. This clarity and consistency in decision-making strategy suggest a higher score towards ""Exemplary.""

**Confidence:** The participant's brief and straightforward response without questioning their approach or indicating any doubt suggests a high level of confidence in their chosen strategy, meriting a high score towards ""Exemplary."""
132,Male,White,"Bachelor's degree (e.g., BA, BS)",5,5,47,0,low,low,0,0.51875,0,-0.981625551,-2.090695192,0.433772344,1.00912096,-0.358001788,Switched partners after two failures in a row.,"No, I stuck to my strategy above.","Switched partners after two failures in a row. ; No, I stuck to my strategy above.",2.5,3.1,2.9,3.4,3.5,"Comprehension: [0.0, 0.1, 0.4, 0.4, 0.1]  
Judgment: [0.0, 0.0, 0.2, 0.5, 0.3]  
Evaluation: [0.0, 0.0, 0.3, 0.5, 0.2]  
Final Decision: [0.0, 0.0, 0.1, 0.4, 0.5]  
Confidence: [0.0, 0.0, 0.1, 0.3, 0.6]  

Rationale:  
- **Comprehension**: The participant shows some understanding of the task by recognizing that sticking to a strategy or switching after failures is part of the task's challenge. The response suggests an adequate grasp but lacks depth in explaining the task's structure or goals, hence a higher probability for scores 2 and 3.
- **Judgment**: The participant's decision to switch partners after two failures indicates a hypothesis about how to act (changing strategy might lead to better outcomes). This shows clear judgment, leaning towards a good expression, thus higher probabilities for scores 3 and 4.
- **Evaluation**: The participant reflects on their strategy by implicitly evaluating its effectiveness (sticking to it despite failures), suggesting some level of strategy assessment. This is more than adequate but not fully comprehensive, leading to a higher score in the 3 range.
- **Final Decision**: The participant clearly states their final decision strategy (sticking to the initial strategy despite failures), which is articulated well enough to score in the higher range, with a slight lean towards an exemplary understanding.
- **Confidence**: The participant's brief statement shows a strong commitment to their chosen strategy, indicating a high level of confidence in their decision-making process. This is reflected in the higher probabilities for scores 4 and 3."
255,Male,White,"Some college or university, no degree",10,5,47,0.388888889,low,low,1,0.56875,0.081632653,-0.283951518,-1.680898535,0.497803242,1.121356866,-0.079746296,No,,No ; ,0,0,0,0,0,Auto-scored due to empty or trivial reflection.
175,Male,White,"Bachelor's degree (e.g., BA, BS)",10,100,47,0.666666667,low,low,-2,0.59375,0,-0.204058409,-1.107438913,0.445893911,1.782701201,-0.041377929,"I tried to keep choosing the best one, and when it wasn't a good choice, I just choose one of the other two people and tried to stick with them as long as I was getting 100 points.","Not really, I just kept trying to find the best choice by randomly choosing another person if the points I was getting were negative.","I tried to keep choosing the best one, and when it wasn't a good choice, I just choose one of the other two people and tried to stick with them as long as I was getting 100 points. ; Not really, I just kept trying to find the best choice by randomly choosing another person if the points I was getting were negative.",2.5,2.9,3.1,3.1,2,"Comprehension: [0.0, 0.1, 0.4, 0.4, 0.1]  
Judgment: [0.0, 0.0, 0.3, 0.5, 0.2]  
Evaluation: [0.0, 0.0, 0.2, 0.5, 0.3]  
Final Decision: [0.0, 0.0, 0.2, 0.5, 0.3]  
Confidence: [0.1, 0.2, 0.4, 0.2, 0.1]  

**Rationale:**

**Comprehension:** The participant shows a basic understanding of the task's goal (to maximize points) and the structure (choosing among three options). However, the reflection lacks depth in explaining the rules or structure beyond the immediate goal, hence a higher probability for an ""Adequate"" score.

**Judgment:** The participant describes a strategy of sticking with a choice as long as it yields positive results and switching when it does not. This indicates some level of planning and hypothesis formation, warranting a higher score in ""Good"" due to the clear but not sophisticated strategy explanation.

**Evaluation:** The participant reflects on the effectiveness of their strategy by noting the outcomes (100 points vs. negative points) and adjusting accordingly. This shows a good level of self-assessment, leading to a higher probability in ""Good"" and some in ""Exemplary"" for the reflection on strategy effectiveness.

**Final Decision:** The participant describes a consistent rule of sticking with a choice that yields positive results, which shows a clear decision strategy. The explanation is straightforward but lacks a sophisticated analysis of why this strategy might be optimal, leading to a higher score in ""Good.""

**Confidence:** The participant does not explicitly express confidence or doubt about their strategy, but the casual tone (""I just kept trying to find the best choice"") suggests some uncertainty. This results in a higher probability for an ""Adequate"" score, with some chance of ""Rudimentary"" or ""Good"" due to the implicit expression of confidence through action rather than explicit statement."
3,Male,White,"Master's degree (e.g., MA, MS, MEd)",5,5,47,0.25,low,low,-3,0.175,0,-0.011850434,0.992294318,0.602293526,-1.934080703,-1.995327575,"If I was losing points more than half the time, I switched.",Not really.,"If I was losing points more than half the time, I switched. ; Not really.",2.5,3.1,2.9,3.4,2,"Comprehension: [0.0, 0.1, 0.4, 0.4, 0.1]
Judgment: [0.0, 0.0, 0.2, 0.5, 0.3]
Evaluation: [0.0, 0.0, 0.3, 0.5, 0.2]
Final Decision: [0.0, 0.0, 0.1, 0.4, 0.5]
Confidence: [0.1, 0.2, 0.4, 0.2, 0.1]

**Rationale:**

**Comprehension:** The participant shows a basic understanding of the task rules by indicating a threshold for switching strategies (""losing points more than half the time""). This suggests some comprehension but lacks depth about the overall structure or goal of the task. The probabilities reflect a moderate understanding.

**Judgment:** The participant's strategy of switching based on a specific condition (""losing points more than half the time"") indicates a planned approach, which is a form of judgment. The clarity and simplicity of the plan suggest a good level of judgment, though not highly sophisticated or detailed.

**Evaluation:** The participant's brief reflection on their strategy's effectiveness (""If I was losing points more than half the time, I switched"") implies some evaluation but lacks depth in analyzing why this strategy was chosen or its effectiveness beyond the immediate results. The probabilities lean towards a good evaluation but not exemplary.

**Final Decision:** The participant describes a consistent rule for decision-making, which is to switch strategies based on performance. This shows a clear final decision strategy, though the reflection does not explore alternative strategies or justify why this was the best approach deeply.

**Confidence:** The participant's confidence in their strategy is not strongly articulated. The use of a semicolon followed by ""Not really"" suggests some doubt or uncertainty about the effectiveness or appropriateness of the strategy. This mixed signal justifies a spread across the scale, with a slight lean towards moderate confidence."
239,Male,White,"Bachelor's degree (e.g., BA, BS)",1,500,24,0,low,low,0,0.3125,0.568181818,0.001579308,0.998199446,0.601901504,-1.961053968,-1.996748411,no,no,no ; no,0,0,0,0,0,Auto-scored due to empty or trivial reflection.
141,Male,White,"Bachelor's degree (e.g., BA, BS)",0.1,100,24,2.388888889,high,high,0,0.45,0.692582418,-0.007578231,0.972385579,0.619226967,-1.508387839,-1.927523009,dont use any,i dont think so,dont use any ; i dont think so,0.2,0.2,0.2,0.2,0.2,"Comprehension: [0.8, 0.2, 0.0, 0.0, 0.0]  
Judgment: [0.8, 0.2, 0.0, 0.0, 0.0]  
Evaluation: [0.8, 0.2, 0.0, 0.0, 0.0]  
Final Decision: [0.8, 0.2, 0.0, 0.0, 0.0]  
Confidence: [0.8, 0.2, 0.0, 0.0, 0.0]  

**Rationale:**  
The participant's reflection is extremely brief and lacks substantive content across all dimensions of the Metacognitive Prompting framework. The response ""dont use any ; i dont think so"" suggests a minimal or absent understanding of the task, strategy formulation, evaluation of the strategy, decision-making process, and confidence in their approach.

- **Comprehension:** The participant does not demonstrate an understanding of the task rules, structure, or goal. The statement is vague and does not provide evidence of comprehension.
- **Judgment:** There is no clear hypothesis or plan indicated. The participant's statement suggests a lack of strategy use, which implies an absence of judgment regarding how to approach the task.
- **Evaluation:** The participant does not reflect on whether a strategy worked or why, as they indicate not using any strategy.
- **Final Decision:** There is no description of a consistent rule or decision strategy applied, as the participant states they did not use any strategy.
- **Confidence:** The participant expresses uncertainty (""i dont think so""), indicating low confidence in their approach or understanding of the task.

Given the brevity and lack of detail in the reflection, high probabilities are assigned to a score of 0 (Absent) for all dimensions, with a slight possibility of a score of 1 (Rudimentary) due to the minimal expression of doubt or strategy absence."
365,Male,White,"Bachelor's degree (e.g., BA, BS)",5,I am not sure.,47,0,low,low,-2,0.56875,0.163023256,-0.539598078,2.314850236,0.725433641,0.340141059,-1.985717052,I tried selecting the one with a positive score more than once to try and increase the winnings.,It seems the other rounds had a different algorithm and much more random choices.,I tried selecting the one with a positive score more than once to try and increase the winnings. ; It seems the other rounds had a different algorithm and much more random choices.,2.5,3.1,2.9,3,1.7,"Comprehension: [0.0, 0.1, 0.4, 0.4, 0.1]  
Judgment: [0.0, 0.0, 0.2, 0.5, 0.3]  
Evaluation: [0.0, 0.0, 0.3, 0.5, 0.2]  
Final Decision: [0.0, 0.0, 0.3, 0.4, 0.3]  
Confidence: [0.1, 0.3, 0.4, 0.2, 0.0]  

**Rationale:**

**Comprehension:** The participant shows a basic understanding of the task's goal (to increase winnings) and hints at recognizing changes in task conditions (""the other rounds had a different algorithm""). The response suggests more than rudimentary comprehension but lacks depth in fully grasping the task structure or rules, hence the higher probabilities for scores 2 and 3.

**Judgment:** The participant describes a strategy (""selecting the one with a positive score more than once""), indicating some planning and hypothesis formation. The reflection shows a clear judgment process but not a highly sophisticated strategy, leading to higher probabilities for scores 3 and 4, acknowledging some depth in their planning.

**Evaluation:** The participant reflects on the effectiveness of their strategy by noting the change in algorithms and randomness in other rounds, which shows some evaluation of their approach. The response is thoughtful but not deeply analytical, justifying higher scores in the middle range (2 and 3).

**Final Decision:** The participant mentions a consistent strategy initially but also hints at noticing changes that might have affected their decisions (""much more random choices""). This suggests some adaptability and final decision-making, with moderate clarity, hence the distribution leaning towards scores 2, 3, and 4.

**Confidence:** The participant does not explicitly express confidence or doubt about their strategy or understanding. The use of a semicolon and the phrase ""it seems"" introduces some uncertainty, suggesting a lack of strong confidence. This is reflected in the higher probabilities for scores 2 and 1, indicating moderate to low confidence."
335,Male,White,"Bachelor's degree (e.g., BA, BS)",10,5,24,0.111111111,low,low,0,0.575,0,-0.171174845,-1.111273924,0.554510919,-0.515291417,-0.690880875,"I noticed that player 2 and 3 won me the most points, so when player 2 started faltering, I switched to player 3 and vice versa.",No.  I stuck with the above strategy.,"I noticed that player 2 and 3 won me the most points, so when player 2 started faltering, I switched to player 3 and vice versa. ; No.  I stuck with the above strategy.",3.4,3.5,3.3,3.8,3.9,"Comprehension: [0.0, 0.0, 0.1, 0.4, 0.5]
Judgment: [0.0, 0.0, 0.1, 0.3, 0.6]
Evaluation: [0.0, 0.0, 0.2, 0.3, 0.5]
Final Decision: [0.0, 0.0, 0.0, 0.2, 0.8]
Confidence: [0.0, 0.0, 0.0, 0.1, 0.9]

Rationale:
- **Comprehension**: The participant clearly understood the task rules and goals as they were able to identify which players were most beneficial and adjusted their strategy accordingly. The reflection shows a good grasp of the task structure, hence the high scores towards 4.
- **Judgment**: The participant formed a clear hypothesis about which players to choose based on their performance, indicating a well-thought-out plan. The reflection shows a strong judgment capability, leaning towards a higher score.
- **Evaluation**: The participant reflected on the effectiveness of their strategy by monitoring the performance of players and switching accordingly. This shows a good level of strategy evaluation, deserving a higher score.
- **Final Decision**: The participant described a consistent rule or decision strategy they applied throughout the task, sticking to switching between player 2 and 3 as needed. This clear and consistent strategy justifies a high score.
- **Confidence**: The participant expressed a high level of certainty in their approach by sticking to their strategy throughout the task and not indicating any doubt about its effectiveness. This warrants a high score in confidence."
69,Male,White,"Some college or university, no degree",5,5,47,0,low,low,-2,0.36875,0.472789116,0.001801909,0.996035067,0.610269223,-1.696304826,-1.969302843,Nothing really,Not really.,Nothing really ; Not really.,0.1,0.1,0.1,0.1,0.1,"Comprehension: [0.9, 0.1, 0.0, 0.0, 0.0]  
Judgment: [0.9, 0.1, 0.0, 0.0, 0.0]  
Evaluation: [0.9, 0.1, 0.0, 0.0, 0.0]  
Final Decision: [0.9, 0.1, 0.0, 0.0, 0.0]  
Confidence: [0.9, 0.1, 0.0, 0.0, 0.0]  

**Rationale:**  
The participant's reflection, ""Nothing really ; Not really,"" provides minimal to no information across all dimensions of the Metacognitive Prompting framework. 

- **Comprehension:** The response does not indicate any understanding of the task rules, structure, or goals. The participant's use of ""Nothing really"" suggests a lack of engagement or comprehension, leading to a high probability of scoring a 0.
- **Judgment:** There is no evidence of forming any hypothesis or plan about how to act within the task, as indicated by the terse response. This leads to a similarly high probability of scoring a 0.
- **Evaluation:** The participant does not reflect on whether any strategy worked or why, which is critical for scoring in this dimension. The lack of content in the reflection supports a high probability of scoring a 0.
- **Final Decision:** The participant does not describe any consistent rule or decision strategy they applied. The response suggests an absence of strategic thinking or decision-making.
- **Confidence:** The participant does not express any certainty or doubt about their approach or understanding of the task. The minimalistic response leads to interpreting a lack of confidence or any substantive reflection on their confidence level.

Given the extremely brief and non-informative nature of the participant's reflection, the probabilities are heavily weighted towards a score of 0 in all dimensions, reflecting an absence of metacognitive insight as per the provided framework."
78,Male,Black or African American,"Bachelor's degree (e.g., BA, BS)",1.05,5,47,0,low,low,-2,0.60625,0.08492823,-0.249963995,-0.485898897,0.446893418,2.395144958,-0.829275824,no,no,no ; no,0,0,0,0,0,Auto-scored due to empty or trivial reflection.
211,Female,White,"Bachelor's degree (e.g., BA, BS)",0.05,5,47,1.111111111,high,low,-1,0.64375,0.010416667,0.378932161,-1.506134882,0.448861844,1.431837299,-0.430433085,I just kept clicking who ever gave me points then I'd switch when they wouldn't.,no,I just kept clicking who ever gave me points then I'd switch when they wouldn't. ; no,3,3.1,3,3.2,3.4,"Comprehension: [0.0, 0.0, 0.3, 0.4, 0.3]
Judgment: [0.0, 0.0, 0.2, 0.5, 0.3]
Evaluation: [0.0, 0.0, 0.3, 0.4, 0.3]
Final Decision: [0.0, 0.0, 0.2, 0.4, 0.4]
Confidence: [0.0, 0.0, 0.1, 0.4, 0.5]

**Rationale:**

**Comprehension:** The participant shows a basic understanding of the task's mechanics (clicking for points and switching when not rewarded), indicating some comprehension. The response lacks detailed insight into the full structure or goal beyond immediate rewards, hence the spread leaning towards the higher end but not fully exemplary.

**Judgment:** The participant's strategy of switching based on reward presence suggests a rudimentary plan or hypothesis about how to act. The clarity of this plan is not deeply articulated, but it is evident, thus a higher probability towards a good score.

**Evaluation:** The participant reflects on the effectiveness of their strategy by indicating a switch when not rewarded, showing some level of evaluation. However, there is no deep analysis of why this strategy worked or didn't, which prevents the highest scores.

**Final Decision:** The participant describes a consistent rule (switching based on reward feedback), but the strategy is quite basic and lacks sophistication. The response indicates some level of decision-making clarity, hence a higher score towards good and exemplary but not fully sophisticated.

**Confidence:** The participant's brief and straightforward statement shows a level of confidence in their approach, albeit not elaborately justified. The simplicity and directness of the statement (""I just kept clicking whoever gave me points then I'd switch when they wouldn't"") suggest a higher confidence, leaning towards good and exemplary."
186,Female,White,"Bachelor's degree (e.g., BA, BS)",0.1,5 minutes,47 days,3.388888889,high,high,0,0.59375,0.130952381,-0.074762205,0.413570395,0.421552654,2.606781068,-1.417540929,I tried to pick the classmate that had the highest scores the most.,Yes.  Many times the game would shift and the one I had selected would come up loosing points instead of staying at 100.,I tried to pick the classmate that had the highest scores the most. ; Yes.  Many times the game would shift and the one I had selected would come up loosing points instead of staying at 100.,2.5,3.1,2.9,2.9,1.7,"Comprehension: [0.0, 0.1, 0.4, 0.4, 0.1]  
Judgment: [0.0, 0.0, 0.2, 0.5, 0.3]  
Evaluation: [0.0, 0.0, 0.3, 0.5, 0.2]  
Final Decision: [0.0, 0.0, 0.3, 0.5, 0.2]  
Confidence: [0.1, 0.3, 0.4, 0.2, 0.0]  

Rationale:
- **Comprehension**: The participant shows a basic understanding of the task's goal (selecting the classmate with the highest scores), but the explanation lacks depth about the structure or rules beyond the goal. The response suggests an adequate grasp but not a sophisticated understanding.
- **Judgment**: The participant formed a clear plan (choosing the highest scorer), indicating a good level of judgment. The strategy is articulated well enough to suggest a thoughtful approach, though not deeply strategic or nuanced.
- **Evaluation**: The participant reflects on the strategy's effectiveness, noting the shifts in the game that affected their chosen strategy. This shows a good level of evaluation, as they are considering why their strategy might not always work.
- **Final Decision**: The participant indicates some adaptation in their strategy in response to the game's shifts, which shows a good level of decision-making. They seem to have a rule but also adapt when necessary.
- **Confidence**: The participant's confidence seems mixed; they understand their initial strategy but also express uncertainty implicitly by noting the game's unpredictability. This suggests moderate confidence in their approach."
379,Male,White,"Associate degree (e.g., AA, AS)",5,5,47,0.111111111,low,low,-2,0.46875,0.048780488,-0.412016759,-0.868488613,0.526812116,-0.044593407,-1.38659484,look for patterns that stand out,not really,look for patterns that stand out ; not really,2.1,1.6,1.1,1.6,1.7,"Comprehension: [0.0, 0.3, 0.4, 0.2, 0.1]  
Judgment: [0.1, 0.4, 0.3, 0.2, 0.0]  
Evaluation: [0.3, 0.4, 0.2, 0.1, 0.0]  
Final Decision: [0.2, 0.3, 0.3, 0.1, 0.1]  
Confidence: [0.1, 0.3, 0.4, 0.2, 0.0]  

Rationale:  
- **Comprehension**: The participant's statement ""look for patterns that stand out"" suggests some understanding of the task's nature, which involves pattern recognition. However, the brevity and lack of detail suggest only a moderate understanding, hence a higher probability for a score of 2 (Adequate).
  
- **Judgment**: The participant indicates a strategy (""look for patterns that stand out""), showing some form of planning or hypothesis. However, the lack of elaboration or depth in strategy formulation leads to a higher probability for a score of 1 (Rudimentary).

- **Evaluation**: The participant's brief response ""not really"" to whether they switched strategies suggests minimal reflection on the effectiveness of their strategy. This indicates a rudimentary level of evaluation, leading to a higher probability for a score of 1.

- **Final Decision**: The participant does not clearly articulate a consistent rule or decision strategy they ultimately applied, as indicated by the vague responses. This uncertainty in their final approach leads to a higher probability for scores of 1 and 2.

- **Confidence**: The participant's terse responses and the phrase ""not really"" imply some doubt about their approach or understanding of the task. This suggests a lack of strong confidence, leading to a higher probability for a score of 2 (Adequate)."
236,Female,White,"Bachelor's degree (e.g., BA, BS)",0.1,100,47,0,low,low,2,0.6,0,-0.016545896,-0.456279357,0.435374131,2.454925829,-0.072832131,I did not use any particular strategy for the game.,"No, I just browsed the different persons until I could find one that helped.","I did not use any particular strategy for the game. ; No, I just browsed the different persons until I could find one that helped.",2.1,1,0.7,1.1,1.6,"Comprehension: [0.0, 0.3, 0.4, 0.2, 0.1]  
Judgment: [0.4, 0.3, 0.2, 0.1, 0.0]  
Evaluation: [0.5, 0.3, 0.2, 0.0, 0.0]  
Final Decision: [0.3, 0.4, 0.2, 0.1, 0.0]  
Confidence: [0.2, 0.3, 0.3, 0.1, 0.1]  

**Rationale:**
- **Comprehension:** The participant's statement suggests a basic understanding of the task as they mention browsing different options, but there is no clear indication of a deep understanding of the rules or goals. The probabilities reflect a leaning towards rudimentary to adequate comprehension.
- **Judgment:** The participant admits to not using any particular strategy, which indicates a lack of proactive judgment or planning. The probabilities are skewed towards lower scores, reflecting minimal evidence of forming a hypothesis or plan.
- **Evaluation:** The participant does not explicitly reflect on the effectiveness of their approach, only stating what they did. The probabilities favor lower scores, indicating a rudimentary to adequate level of evaluation.
- **Final Decision:** The participant's strategy seems inconsistent and not well-defined, as indicated by their casual browsing approach. The probabilities are distributed towards lower scores, reflecting the lack of a clear decision strategy.
- **Confidence:** The participant does not express any strong confidence or doubt about their approach; the statement is quite neutral. The probabilities are balanced across lower to middle scores, indicating uncertainty or indifference about their understanding and approach."
474,Female,White,"Some college or university, no degree",10,I'm not sure,47,1.111111111,low,low,1,0.5,0.059473684,-0.052613502,0.954576255,0.628905946,-1.184523572,-1.88604836,If they had a bad outcome 2 times in a row I would move to someone else,No,If they had a bad outcome 2 times in a row I would move to someone else ; No,2.1,3.2,1.7,3.4,1.5,"Comprehension: [0.0, 0.1, 0.7, 0.2, 0.0]  
Judgment: [0.0, 0.0, 0.1, 0.6, 0.3]  
Evaluation: [0.1, 0.3, 0.4, 0.2, 0.0]  
Final Decision: [0.0, 0.0, 0.1, 0.4, 0.5]  
Confidence: [0.1, 0.4, 0.4, 0.1, 0.0]  

Rationale:
- **Comprehension**: The participant shows an understanding of the task's basic rule of switching after consecutive bad outcomes, indicating some comprehension but not a deep understanding of the task's structure or goals. The probability leans towards ""Adequate"" as the participant grasps the basic rule but does not elaborate on the task's structure or deeper goals.
- **Judgment**: The participant's strategy of switching after two bad outcomes shows a clear plan or hypothesis about how to act, which is somewhat sophisticated. The probabilities are higher for ""Good"" and ""Exemplary"" as the participant not only formed a plan but also stuck to it consistently.
- **Evaluation**: The participant does not explicitly reflect on whether their strategy worked or why, but the mere mention of a consistent strategy implies some level of evaluation. The probabilities are higher for ""Adequate"" and ""Good"" as there is an implicit evaluation in sticking to a strategy.
- **Final Decision**: The participant describes a consistent rule or decision strategy they applied, which is to switch after two bad outcomes. This shows a clear decision strategy, leaning towards ""Good"" and ""Exemplary"".
- **Confidence**: The participant does not express strong certainty or doubt about their approach, as indicated by the simple and straightforward response. The probabilities are higher for ""Adequate"" and ""Rudimentary"" due to the lack of explicit confidence or doubt expressed."
215,Male,White,"Bachelor's degree (e.g., BA, BS)",1,5,28,2.466666667,high,high,-2,0.56875,0.083369518,-0.13670614,0.712357211,0.546289521,0.97465923,-1.848750224,my instinct,Yes,my instinct ; Yes,0.2,0.2,0.2,0.2,0.2,"Comprehension: [0.8, 0.2, 0.0, 0.0, 0.0]  
Judgment: [0.8, 0.2, 0.0, 0.0, 0.0]  
Evaluation: [0.8, 0.2, 0.0, 0.0, 0.0]  
Final Decision: [0.8, 0.2, 0.0, 0.0, 0.0]  
Confidence: [0.8, 0.2, 0.0, 0.0, 0.0]  

**Rationale:**  
The participant's reflection, ""my instinct ; Yes,"" is extremely brief and lacks depth across all metacognitive dimensions. Here's the breakdown:

- **Comprehension:** The response does not explicitly indicate an understanding of the task rules, structure, or goal. The mention of ""instinct"" suggests some level of engagement, but it's too vague to assess a deep understanding, hence a high probability for a score of 0.
  
- **Judgment:** There is no clear evidence of forming a hypothesis or plan about how to act, other than a possible implication that the participant relied on instinct. This provides minimal insight, leading to a high probability for a score of 0.
  
- **Evaluation:** The participant does not reflect on whether their strategy worked or why, which is critical for this dimension. The response lacks any evaluative content, thus scoring predominantly towards 0.
  
- **Final Decision:** The response does not describe a consistent rule or decision strategy applied by the participant. ""Yes"" could imply some decision was made, but without context or explanation, it remains too ambiguous, resulting in a high score towards 0.
  
- **Confidence:** While ""Yes"" might indicate some level of confidence, the overall lack of context and explanation about what this confidence pertains to makes it difficult to score higher. The response leans heavily towards a lower score due to insufficient evidence of expressed certainty or doubt about their approach or understanding.

Overall, the reflection is too brief and lacks the necessary detail to score higher in any metacognitive dimension according to the MP framework."
39,Male,Asian,"Bachelor's degree (e.g., BA, BS)",5,5,47,0,low,low,-1,0.45,0.011111111,-0.66887067,-3.696661197,0.456101667,-0.089628458,-1.439572199,Partner 3 had 7 100s in a row if you got the first one right.,Stick with Partner 2 unless there as a -50 twice in a row.,Partner 3 had 7 100s in a row if you got the first one right. ; Stick with Partner 2 unless there as a -50 twice in a row.,2.5,3.1,2,3.4,2.7,"Comprehension: [0.0, 0.1, 0.4, 0.4, 0.1]  
Judgment: [0.0, 0.0, 0.2, 0.5, 0.3]  
Evaluation: [0.1, 0.2, 0.4, 0.2, 0.1]  
Final Decision: [0.0, 0.0, 0.1, 0.4, 0.5]  
Confidence: [0.0, 0.1, 0.3, 0.4, 0.2]  

**Rationale:**

**Comprehension:**  
The participant shows some understanding of the task rules by mentioning specific conditions related to the partners and their scores. However, the reflection lacks a comprehensive explanation of the overall task structure or goal, suggesting a moderate level of comprehension.

**Judgment:**  
The participant's strategy formulation is evident, as they describe sticking with a specific partner unless a particular negative outcome occurs twice. This indicates a planned approach, leaning towards a good understanding of how to manipulate their choices based on outcomes.

**Evaluation:**  
There is minimal reflection on the effectiveness of the strategy used. The participant mentions outcomes (e.g., ""7 100s in a row""), which suggests some evaluation, but it's not deeply analyzed or critically assessed.

**Final Decision:**  
The participant clearly articulates a decision rule (""Stick with Partner 2 unless there as a -50 twice in a row""), which shows a good level of strategic consistency and final decision-making. This suggests a higher probability of a good to exemplary understanding of applying a consistent rule.

**Confidence:**  
Confidence is somewhat implied through the directive tone (""Stick with Partner 2 unless...""), indicating some level of certainty in their strategy. However, the lack of explicit confidence or doubt about their approach suggests a moderate score."
450,Male,White,"High school degree or equivalent (e.g., GED)",10,10,24,0,low,low,-3,0.61875,0.066975881,-0.467803986,-0.60094741,0.479958663,1.332953961,-0.393207302,none. just luck,no,none. just luck ; no,0.2,0.1,0.1,0.2,1.7,"Comprehension: [0.8, 0.2, 0.0, 0.0, 0.0]  
Judgment: [0.9, 0.1, 0.0, 0.0, 0.0]  
Evaluation: [0.9, 0.1, 0.0, 0.0, 0.0]  
Final Decision: [0.8, 0.2, 0.0, 0.0, 0.0]  
Confidence: [0.1, 0.3, 0.4, 0.2, 0.0]  

Rationale: The participant's reflection is extremely brief and lacks depth across most metacognitive dimensions. 

- **Comprehension**: The participant's response suggests a minimal understanding of the task, indicated by the acknowledgment of using ""luck"" as a strategy. This implies some level of understanding but is rudimentary at best.
- **Judgment**: The participant does not describe forming any hypothesis or plan, instead attributing their actions to luck. This suggests an absence of strategic judgment.
- **Evaluation**: There is no reflection on the effectiveness of the strategy or any reasoning about why it might have worked or not, indicating a lack of evaluation.
- **Final Decision**: The participant does not describe any consistent rule or decision strategy, merely stating reliance on luck, which does not constitute a strategic decision-making process.
- **Confidence**: The participant's brief and dismissive response (""none. just luck ; no"") shows some level of confidence in their non-strategic approach, though it is not based on a thoughtful or informed process. The slight uncertainty in the tone (""just luck"") suggests they are not fully confident in their approach, leading to a spread in scoring probabilities."
416,Male,White,"Bachelor's degree (e.g., BA, BS)",0.05,5,47,0,low,low,1,0.56875,0.275735294,-0.050851737,0.574197176,0.583856021,-0.334514371,-1.013191503,i tried to look for a pattern to see which player worked best per round,"switching players, yes","i tried to look for a pattern to see which player worked best per round ; switching players, yes",2.1,3,1.4,2.2,1.5,"Comprehension: [0.0, 0.1, 0.7, 0.2, 0.0]
Judgment: [0.0, 0.0, 0.2, 0.6, 0.2]
Evaluation: [0.2, 0.3, 0.4, 0.1, 0.0]
Final Decision: [0.0, 0.1, 0.6, 0.3, 0.0]
Confidence: [0.1, 0.4, 0.4, 0.1, 0.0]

Rationale:
- **Comprehension**: The participant indicates a basic understanding of the task by mentioning the attempt to identify a pattern and choosing the best player per round. This suggests an adequate grasp but lacks depth in explaining the task structure or rules, hence a higher probability for a score of 2.
- **Judgment**: The participant's strategy of looking for patterns and choosing players shows some planning and hypothesis formation. The clarity in expressing this strategy is somewhat good, leading to a higher probability for a score of 3.
- **Evaluation**: The reflection lacks a detailed assessment of whether the strategy was effective, only mentioning the action taken. There's a moderate expression of evaluation, thus a higher probability for a score of 2.
- **Final Decision**: The participant mentions switching players, indicating some form of decision-making process, but does not elaborate on how decisions were consistently applied or refined. This suggests a more adequate to good understanding, leaning towards a score of 2.
- **Confidence**: The participant's brief statement does not strongly convey certainty or doubt about their approach. The expression is somewhat vague, leading to a higher probability for a score of 2, indicating moderate confidence."
341,Female,White,"Master's degree (e.g., MA, MS, MEd)",0.05,5,47,0,low,low,-3,0.6125,0.128695652,-0.222305978,-0.589545068,0.485058339,1.082606784,0.689346648,focus,no,focus ; no,0.2,0.2,0.1,0.2,0.3,"Comprehension: [0.8, 0.2, 0.0, 0.0, 0.0]  
Judgment: [0.8, 0.2, 0.0, 0.0, 0.0]  
Evaluation: [0.9, 0.1, 0.0, 0.0, 0.0]  
Final Decision: [0.8, 0.2, 0.0, 0.0, 0.0]  
Confidence: [0.7, 0.3, 0.0, 0.0, 0.0]  

Rationale: The participant's reflection, ""focus ; no,"" is extremely brief and lacks depth across all metacognitive dimensions. 

- **Comprehension**: The response suggests minimal understanding of the task, indicated by the word ""focus,"" but does not elaborate on the rules, structure, or goals of the task. Hence, a high probability is assigned to a score of 0.
- **Judgment**: The reflection does not clearly indicate any hypothesis or plan formation, other than a possible intent to focus. The response is too vague to score higher, leading to a high probability for a score of 0.
- **Evaluation**: There is no evidence of reflection on the effectiveness or reasoning behind the chosen strategy, justifying a high probability for a score of 0.
- **Final Decision**: The participant does not describe any consistent rule or decision strategy, and the response ""no"" is too ambiguous to infer a clear strategy, leading to a high probability for a score of 0.
- **Confidence**: The participant's confidence in their approach or understanding cannot be inferred confidently from the response. The use of ""no"" might suggest some doubt, but this is speculative, hence a slightly lower but still dominant probability for a score of 0.

Overall, the reflection lacks the necessary detail and depth to score higher in any dimension."
408,Female,White,"Bachelor's degree (e.g., BA, BS)",0.1,5,47,0.277777778,low,low,1,0.375,0.989583333,0.004944511,1.000540486,0.603484574,-1.884954731,-1.994462987,"Yes, I was guided at the beginning on which cards gave me the most scores often. And from there I chose them while alternating between answers, with some occasions choosing the one that intentionally took points away from me to balance the score.",No.,"Yes, I was guided at the beginning on which cards gave me the most scores often. And from there I chose them while alternating between answers, with some occasions choosing the one that intentionally took points away from me to balance the score. ; No.",3,2.5,2.3,2.7,1.7,"Comprehension: [0.0, 0.0, 0.3, 0.4, 0.3]
Judgment: [0.0, 0.1, 0.4, 0.4, 0.1]
Evaluation: [0.0, 0.2, 0.4, 0.3, 0.1]
Final Decision: [0.0, 0.1, 0.3, 0.4, 0.2]
Confidence: [0.1, 0.3, 0.4, 0.2, 0.0]

Rationale:
- **Comprehension**: The participant shows an understanding of the task's basic mechanics, as they mention using guidance on which cards scored most often. The response indicates a moderate understanding but lacks depth in explaining the full structure or goal of the task, hence the higher probabilities for scores 2 and 3.
- **Judgment**: The participant describes a strategy of choosing cards based on their initial guidance and then alternating, which shows some planning. However, the strategy is not deeply sophisticated or detailed, leading to a higher probability for a score of 2 or 3.
- **Evaluation**: The participant mentions choosing a card that intentionally took points away to balance the score, indicating some reflection on their strategy's effectiveness. However, there is no deep analysis of why this might be effective or not, leading to a higher score in the middle range.
- **Final Decision**: The participant seems to have stuck with a consistent strategy of alternating between answers, but there is no clear indication that this strategy was refined or adapted based on task performance, justifying a higher score in the middle range.
- **Confidence**: The participant does not express strong certainty or doubt about their approach; the response is somewhat neutral and lacks explicit confidence or self-doubt, leading to a higher probability for a score of 2."
144,Male,White,"Some college or university, no degree",5,5,47,0.444444444,low,low,-1,0.64375,0,-0.285995652,-1.153921749,0.443821576,2.047908659,0.1715763,"At first I would wait a turn after someone gave me negative points, but changed to move on instantly if I had already picked that person many times.  I was going in order and that worked out well for over half the time but towards the end it became more random.","A little bit, see above as I had already answered it there.","At first I would wait a turn after someone gave me negative points, but changed to move on instantly if I had already picked that person many times.  I was going in order and that worked out well for over half the time but towards the end it became more random. ; A little bit, see above as I had already answered it there.",2.5,3.1,2.9,3.1,1.7,"Comprehension: [0.0, 0.1, 0.4, 0.4, 0.1]  
Judgment: [0.0, 0.0, 0.2, 0.5, 0.3]  
Evaluation: [0.0, 0.0, 0.3, 0.5, 0.2]  
Final Decision: [0.0, 0.0, 0.2, 0.5, 0.3]  
Confidence: [0.1, 0.3, 0.4, 0.2, 0.0]  

Rationale:
- **Comprehension**: The participant shows an understanding of the task rules and structure by describing their initial strategy and its adjustment. The mention of ""negative points"" and strategy shift indicates some grasp of the task dynamics, but the explanation is not deeply detailed or sophisticated.
- **Judgment**: The participant clearly formed a strategy (waiting a turn after negative feedback, then adjusting based on frequency of choices), indicating a plan of action. The reflection shows a good level of strategic thinking, hence the higher probabilities for scores 3 and 4.
- **Evaluation**: The participant reflects on the effectiveness of their strategy by noting it worked well initially but less so towards the end. This shows a good level of self-assessment, warranting a higher score in evaluation.
- **Final Decision**: The participant describes a consistent rule or decision strategy (initially waiting, then instantly moving on), which they applied throughout the task. This indicates a clear decision-making process, justifying higher scores in this dimension.
- **Confidence**: The participant expresses some uncertainty about their approach, particularly towards the end of the task as noted by the strategy becoming ""more random."" This suggests a moderate level of confidence, with some doubt, leading to a higher probability for a score of 2."
447,Male,White,"Bachelor's degree (e.g., BA, BS)",10,100,24,2.111111111,low,high,-2,0.55,0.27240566,-0.02053241,-0.919250759,0.472125736,1.139059553,-0.63326196,NO,No,NO ; No,0,0,0,0,0,Auto-scored due to empty or trivial reflection.
482,Female,White,Completed some postgraduate,5,5,47,0.705882353,low,low,-1,0.65,0,0.103900705,-1.673594929,0.444700952,1.535520579,-0.018892654,I just tried to determine which one was better.,no,I just tried to determine which one was better. ; no,1.7,1.3,0.2,1.1,0.7,"Comprehension: [0.1, 0.3, 0.4, 0.2, 0.0]  
Judgment: [0.2, 0.4, 0.3, 0.1, 0.0]  
Evaluation: [0.8, 0.2, 0.0, 0.0, 0.0]  
Final Decision: [0.3, 0.4, 0.2, 0.1, 0.0]  
Confidence: [0.5, 0.3, 0.2, 0.0, 0.0]  

**Rationale:**

**Comprehension:** The participant's response indicates a basic understanding of the task as they mention trying to determine which option was better. However, the response lacks depth or detail about the structure or rules of the task, suggesting only a surface-level comprehension. The probabilities reflect a slight leaning towards ""Adequate"" but with significant uncertainty.

**Judgment:** The participant's strategy of trying to determine the better option implies some form of judgment or planning, albeit very rudimentary. The response does not elaborate on how decisions were made or any specific hypotheses formed, leading to a higher probability for ""Rudimentary"" and some for ""Adequate.""

**Evaluation:** The participant does not reflect on whether their strategy was effective or why it might have worked or failed. The response lacks any evaluative content, justifying a high probability for ""Absent.""

**Final Decision:** The participant's response does not clearly describe a consistent rule or decision strategy applied throughout the task. The mention of trying to determine the better option is vague and does not indicate a clear, consistent strategy, leading to higher probabilities for ""Absent"" and ""Rudimentary.""

**Confidence:** The participant's response ends with a semicolon and ""no,"" which might indicate uncertainty or doubt about their approach. This suggests some level of self-awareness regarding their confidence, but it's still quite unclear and minimal, justifying higher probabilities for ""Absent"" and ""Rudimentary."""
166,Male,White,"Master's degree (e.g., MA, MS, MEd)",10,5,47,0,low,low,0,0.6,0,-0.526688766,-1.047926779,0.542199051,0.03750156,-1.123593252,If there were two losses in a row I'd switch.,Not really.,If there were two losses in a row I'd switch. ; Not really.,3,3.1,2,3.4,2.7,"Comprehension: [0.0, 0.0, 0.3, 0.4, 0.3]  
Judgment: [0.0, 0.0, 0.2, 0.5, 0.3]  
Evaluation: [0.1, 0.2, 0.4, 0.2, 0.1]  
Final Decision: [0.0, 0.0, 0.1, 0.4, 0.5]  
Confidence: [0.0, 0.1, 0.3, 0.4, 0.2]  

**Rationale:**

**Comprehension:**  
The participant's reflection indicates a basic understanding of the task's dynamics, particularly the aspect of monitoring outcomes and adjusting based on them. The strategy of switching after two losses suggests an understanding of the task's probabilistic nature, though the reflection lacks depth about the overall goal or structure beyond this rule. Hence, a higher probability is given to scores 2 and 3.

**Judgment:**  
The participant's strategy of switching after two consecutive losses shows some planning and hypothesis formation (i.e., that a change might be needed after repeated negative outcomes). This indicates more than rudimentary judgment but lacks a detailed explanation of why this strategy was chosen, leading to a higher score in the middle range.

**Evaluation:**  
The reflection shows minimal evaluation of the strategy's effectiveness. The participant does not elaborate on whether the strategy worked or why, only stating what the strategy was. There is a slight indication of evaluation in the decision to switch, but it's not deeply analyzed, hence a higher score in the middle range.

**Final Decision:**  
The participant clearly states a specific rule used in the task (switching after two losses), which shows a consistent decision strategy. However, the addition of ""; Not really."" introduces some ambiguity, suggesting either a lack of full commitment to the strategy or an adjustment. This warrants a higher score towards the upper end but not full certainty.

**Confidence:**  
The participant's confidence in their strategy is somewhat unclear. The statement ""; Not really."" suggests some doubt or reconsideration of the initially stated strategy. This indicates moderate confidence but with significant uncertainty, leading to a higher probability in the middle scores."
383,Male,White,"Bachelor's degree (e.g., BA, BS)",5,5,47,0,low,low,-3,0.625,0.039384175,0.037710019,-0.376108402,0.462790322,2.069119612,0.535445863,"I tried to stick with the one that provided the highest value, and then switch as soon as it turned into a negative value.","No, I don't think so.","I tried to stick with the one that provided the highest value, and then switch as soon as it turned into a negative value. ; No, I don't think so.",3.1,3.4,2.7,3.5,3.3,"Comprehension: [0.0, 0.0, 0.2, 0.5, 0.3]  
Judgment: [0.0, 0.0, 0.1, 0.4, 0.5]  
Evaluation: [0.0, 0.1, 0.3, 0.4, 0.2]  
Final Decision: [0.0, 0.0, 0.1, 0.3, 0.6]  
Confidence: [0.0, 0.0, 0.2, 0.3, 0.5]  

**Rationale:**

**Comprehension:** The participant shows a good understanding of the task's goal and structure, as they describe sticking with the option that provided the highest value and switching when it turned negative. This indicates a clear grasp of the task dynamics. The probabilities reflect a strong comprehension, leaning towards exemplary.

**Judgment:** The participant's strategy formulation is clear and well-articulated, suggesting a high level of judgment in planning their actions. They had a clear hypothesis about sticking with the highest value option, which is a sophisticated approach to the task. The high probabilities for scores 3 and 4 reflect this strong judgment.

**Evaluation:** The participant reflects on their strategy's effectiveness to some extent by mentioning the switch when the value turned negative, but there is minimal depth in analyzing why this strategy worked or didn't work beyond the immediate outcomes. This warrants a moderate score, with a slight lean towards a good evaluation.

**Final Decision:** The participant describes a consistent rule or decision strategy throughout the task, indicating a good final decision-making process. They did not switch strategies, reinforcing the consistency of their approach. The probabilities are skewed towards higher scores, reflecting a well-defined decision strategy.

**Confidence:** The participant does not explicitly express confidence or doubt, but the clarity and consistency in their strategy suggest a level of confidence in their approach. The probabilities are distributed with a lean towards higher scores, indicating a reasonable level of confidence inferred from their strategic consistency and clarity."
86,Male,White,"Some college or university, no degree",5,100,25,2.555555556,low,high,-1,0.60625,0.068627451,-0.311027319,-1.332510265,0.453927754,1.805082914,-0.670159208,,no, ; no,0,0,0,0,0,Auto-scored due to empty or trivial reflection.
112,Female,White,"Some college or university, no degree",10,5,47,0,low,low,-2,0.6625,0.070612245,0.126461238,0.262824511,0.451044418,2.389447137,-0.980403258,I just focused on finding the positive numbers.,No,I just focused on finding the positive numbers. ; No,2.1,2,0.2,3.4,0.4,"Comprehension: [0.0, 0.1, 0.7, 0.2, 0.0]
Judgment: [0.0, 0.2, 0.6, 0.2, 0.0]
Evaluation: [0.8, 0.2, 0.0, 0.0, 0.0]
Final Decision: [0.0, 0.0, 0.1, 0.4, 0.5]
Confidence: [0.7, 0.2, 0.1, 0.0, 0.0]

**Rationale:**
- **Comprehension:** The participant's statement ""I just focused on finding the positive numbers"" suggests a basic understanding of the task's goal (to identify beneficial choices), but lacks depth in explaining the structure or rules of the task. The probability distribution reflects a dominant score of 2 (Adequate) because the participant shows some understanding but not in-depth.
- **Judgment:** The participant's strategy of focusing on positive numbers indicates a plan or hypothesis about how to act. However, the reflection lacks detail on how this strategy was formulated or adapted, leading to a higher probability for a score of 2 (Adequate).
- **Evaluation:** The participant did not reflect on whether their strategy worked or why, as indicated by the brief response and the direct ""No"" to the question about switching strategies. This suggests a lack of evaluation, justifying a high probability for a score of 0 (Absent).
- **Final Decision:** The participant seems to have stuck with their initial strategy throughout the task, as indicated by the ""No"" in response to switching strategies. This suggests some consistency in their decision-making, warranting a higher score in this dimension, with a probability leaning towards 4 (Exemplary).
- **Confidence:** The participant's brief and somewhat dismissive response (""I just focused on finding the positive numbers. ; No"") implies a lack of expressed confidence or doubt about their approach. The high probability for a score of 0 (Absent) reflects this lack of metacognitive confidence expression."
224,Male,Asian,"Bachelor's degree (e.g., BA, BS)",5,5,47,1.166666667,low,low,-1,0.58125,0.030612245,-0.116927515,0.115075755,0.557499061,0.045124782,-0.468349894,"Once I found the partner that most consistently gave a 100, I just stuck with him until he changed. Then, I tried the other partners and repeat the process.","No, I stuck with my strategy until the end.","Once I found the partner that most consistently gave a 100, I just stuck with him until he changed. Then, I tried the other partners and repeat the process. ; No, I stuck with my strategy until the end.",3.4,3.5,3.3,3.9,3.8,"Comprehension: [0.0, 0.0, 0.1, 0.4, 0.5]  
Judgment: [0.0, 0.0, 0.1, 0.3, 0.6]  
Evaluation: [0.0, 0.0, 0.2, 0.3, 0.5]  
Final Decision: [0.0, 0.0, 0.0, 0.1, 0.9]  
Confidence: [0.0, 0.0, 0.0, 0.2, 0.8]  

**Rationale:**

**Comprehension:** The participant clearly understood the task's goal, which was to maximize the score by choosing the best partner. The reflection indicates a good grasp of the task structure and rules, as they identified the partner giving the highest reward and adapted to changes. The high scores in this dimension reflect a strong understanding.

**Judgment:** The participant formed a clear plan: to stick with the partner that provided the highest reward until a change occurred. This strategy shows a good level of planning and hypothesis formation about how to act within the task's framework.

**Evaluation:** The participant reflected on the effectiveness of their strategy by sticking with it throughout the task, indicating they believed it worked. They implicitly evaluated their approach by continuing with it, suggesting a good level of reflection on its success.

**Final Decision:** The participant described a very consistent rule or decision strategy, which was to stick with the highest rewarding partner until a change was necessary. This shows a high level of consistency and clarity in their final decision-making process.

**Confidence:** The participant expressed a high level of certainty in their approach by sticking to their strategy throughout the task and not switching strategies. This indicates a strong confidence in their understanding and the effectiveness of their chosen method."
283,Male,White,"Bachelor's degree (e.g., BA, BS)",0.05,5,47,0.277777778,low,low,0,0.6375,0.04038947,0.176199253,-1.036585508,0.429477314,2.189964302,-1.167787788,no,no,no ; no,0,0,0,0,0,Auto-scored due to empty or trivial reflection.
189,Female,Black or African American,"Bachelor's degree (e.g., BA, BS)",0.05,5,47,0.388888889,low,low,0,0.6125,0.052083334,-0.206803438,-1.057298235,0.448403618,1.165446393,-0.405691053,no,no,no ; no,0,0,0,0,0,Auto-scored due to empty or trivial reflection.
298,Male,White,"Master's degree (e.g., MA, MS, MEd)",5,5,47,0.111111111,low,low,2,0.625,0,-0.557928382,-3.7607194,0.390917576,1.420866668,-1.167453062,I tried to stick with the partners that seemed like they were on hot streaks.,"Not really but it seemed in the last couple of rounds my ""hot streak"" strategy was not as effective so I did switch partners more.","I tried to stick with the partners that seemed like they were on hot streaks. ; Not really but it seemed in the last couple of rounds my ""hot streak"" strategy was not as effective so I did switch partners more.",3,3.1,3.4,3,2.7,"Comprehension: [0.0, 0.0, 0.3, 0.4, 0.3]  
Judgment: [0.0, 0.0, 0.2, 0.5, 0.3]  
Evaluation: [0.0, 0.0, 0.1, 0.4, 0.5]  
Final Decision: [0.0, 0.0, 0.3, 0.4, 0.3]  
Confidence: [0.0, 0.1, 0.3, 0.4, 0.2]  

Rationale:
- **Comprehension**: The participant shows a basic understanding of the task by recognizing the concept of ""hot streaks"" and adapting their strategy based on this observation. The response indicates a moderate level of understanding, hence a higher probability towards scores 3 and 4.
- **Judgment**: The participant formed a hypothesis about sticking with partners on ""hot streaks."" This indicates a clear plan or strategy, although not deeply sophisticated. The probabilities lean towards higher scores, reflecting a good level of judgment.
- **Evaluation**: The participant reflects on the effectiveness of their strategy, noting a decrease in its effectiveness towards the end, which prompted a strategy change. This shows a good level of self-evaluation and understanding of strategy performance, justifying higher scores in this dimension.
- **Final Decision**: The participant mentions a strategy shift due to observed outcomes, indicating some level of consistent decision-making based on results. The probabilities are distributed with a slight preference for higher scores, reflecting the participant's adaptability.
- **Confidence**: The participant does not explicitly express confidence or doubt but implies some uncertainty by changing strategies. The distribution reflects moderate confidence, with a slight lean towards higher scores due to the participant's willingness to adapt based on task performance."
13,Male,Black or African American,"Master's degree (e.g., MA, MS, MEd)",5,5,47,2.8125,high,high,-1,0.3625,0.645488722,0.005436002,0.99218615,0.606940828,-1.774929882,-1.98894145,I just kept going with the winning partner until it no longer won,No,I just kept going with the winning partner until it no longer won ; No,3,3.1,3,3.4,3.5,"Comprehension: [0.0, 0.0, 0.3, 0.4, 0.3]  
Judgment: [0.0, 0.0, 0.2, 0.5, 0.3]  
Evaluation: [0.0, 0.0, 0.3, 0.4, 0.3]  
Final Decision: [0.0, 0.0, 0.1, 0.4, 0.5]  
Confidence: [0.0, 0.0, 0.1, 0.3, 0.6]  

**Rationale:**

**Comprehension:** The participant's response indicates a basic understanding of the task's goal, which was to stick with a choice that was winning. The response suggests a grasp of the task's structure but lacks depth in explaining the rules or goals beyond the immediate strategy used. Hence, a higher probability is given to scores 2 and 3.

**Judgment:** The participant formed a simple plan: continue with the option that was winning. This shows some level of strategic planning, though it is not highly sophisticated. The probabilities lean towards the middle to higher end, reflecting a clear but basic strategy.

**Evaluation:** The participant did reflect on the effectiveness of their strategy by noting the point at which the chosen option ""no longer won."" This shows some evaluation but lacks depth regarding why the strategy worked or failed, thus the probabilities are centered around scores 2 and 3.

**Final Decision:** The participant described a consistent rule they applied throughout the task, which was to stick with the winning option until it failed. This decision strategy is clear and somewhat reflective, warranting higher probabilities for scores 3 and 4.

**Confidence:** The participant's brief response does not explicitly express confidence, but the simplicity and straightforwardness of the strategy (""just kept going with the winning partner"") imply a certain level of confidence in the chosen approach. The probabilities are therefore higher for scores 3 and 4, reflecting implicit confidence in their strategy."
158,Male,White,"Bachelor's degree (e.g., BA, BS)",5,5,47,0.388888889,low,low,-1,0.46875,0.065759637,-0.039698425,-2.574096759,0.471706135,0.604499871,-0.183996775,"Not really. I just tried to identify which of the three resulted in 100 scores, and changed depending on circumstances.",I zeroed in on the partner that was most helpful (i.e. gave 100 scores). I would then switch if I received -50 more than once.,"Not really. I just tried to identify which of the three resulted in 100 scores, and changed depending on circumstances. ; I zeroed in on the partner that was most helpful (i.e. gave 100 scores). I would then switch if I received -50 more than once.",3,3.2,3.2,3.4,2.9,"Comprehension: [0.0, 0.0, 0.3, 0.4, 0.3]  
Judgment: [0.0, 0.0, 0.2, 0.4, 0.4]  
Evaluation: [0.0, 0.0, 0.2, 0.4, 0.4]  
Final Decision: [0.0, 0.0, 0.1, 0.4, 0.5]  
Confidence: [0.0, 0.1, 0.2, 0.4, 0.3]  

**Rationale:**

**Comprehension:** The participant shows a basic understanding of the task's goal (identifying the option that yields a 100 score). The response indicates a grasp of the task structure but lacks a detailed explanation of the rules or deeper insights into the task's mechanics. The probabilities reflect a good understanding but not an exemplary one.

**Judgment:** The participant formed a clear plan to focus on the option that consistently gave high scores and to switch upon receiving negative scores. This shows a strategic approach, hence the higher probabilities for good and exemplary scores.

**Evaluation:** The participant reflects on the effectiveness of their strategy by mentioning the switch made after receiving negative scores multiple times. This indicates a good level of self-assessment, leading to higher scores in the good and exemplary range.

**Final Decision:** The participant describes a consistent decision-making rule: sticking with a choice that yields positive results and switching after repeated negative outcomes. This shows a clear and somewhat sophisticated strategy, justifying higher scores in the good and exemplary range.

**Confidence:** The participant's expression shows some certainty in their approach but includes a hint of simplicity in the strategy's articulation, suggesting moderate confidence. The probabilities are distributed to reflect some uncertainty but generally good confidence in their strategy."
426,Female,White,Completed some postgraduate,0.1,100,47,0.222222222,low,low,-3,0.6875,0.035087719,-0.048774861,-0.846064969,0.429852446,1.250695125,-0.076807148,I tried to stay with the same person that had more 100's.,No,I tried to stay with the same person that had more 100's. ; No,2.5,2.8,1.1,3.4,1.7,"Comprehension: [0.0, 0.1, 0.4, 0.4, 0.1]  
Judgment: [0.0, 0.0, 0.3, 0.6, 0.1]  
Evaluation: [0.3, 0.4, 0.2, 0.1, 0.0]  
Final Decision: [0.0, 0.0, 0.1, 0.4, 0.5]  
Confidence: [0.1, 0.3, 0.4, 0.2, 0.0]  

Rationale:
- **Comprehension**: The participant shows some understanding of the task by recognizing the goal to stay with the choice yielding more rewards (""100's""). However, the explanation lacks depth about the task structure or rules, suggesting a score between adequate and good.
- **Judgment**: The participant formed a basic plan to stick with the choice that seemed most rewarding. This indicates some judgment but lacks sophistication or detailed planning, leaning towards a good score due to the presence of a clear, albeit simple, strategy.
- **Evaluation**: The participant's reflection does not clearly indicate whether they considered the effectiveness of their strategy or why it might have worked or failed. There's a slight indication of rudimentary evaluation, but it's not well-developed.
- **Final Decision**: The participant indicates a consistent decision strategy (""stayed with the same person""), suggesting a good understanding of their final approach, though not elaborated in a sophisticated manner.
- **Confidence**: The participant's brief response and the simplicity of the strategy suggest some uncertainty or minimal confidence in their approach, as reflected in the probability distribution leaning towards lower confidence scores."
53,Female,White,"Bachelor's degree (e.g., BA, BS)",0.05,100,47,0,low,low,2,0.68125,0.017857143,-0.082341978,-1.140561581,0.442996808,2.202936651,-1.264716077,I tried to find patterns in the switching between good and bad partners.,No,I tried to find patterns in the switching between good and bad partners. ; No,3,3.1,0.4,3.8,1.1,"Comprehension: [0.0, 0.0, 0.3, 0.4, 0.3]  
Judgment: [0.0, 0.0, 0.2, 0.5, 0.3]  
Evaluation: [0.7, 0.2, 0.1, 0.0, 0.0]  
Final Decision: [0.0, 0.0, 0.0, 0.2, 0.8]  
Confidence: [0.3, 0.4, 0.2, 0.1, 0.0]  

Rationale:
- **Comprehension**: The participant indicates an understanding of the task by attempting to identify patterns in the choices, suggesting some grasp of the task's structure. The response is not very detailed but shows adequate comprehension.
- **Judgment**: The participant's strategy to look for patterns implies a plan or hypothesis about how to approach the task. The clarity and depth are not fully developed, but there is a clear indication of a strategic approach.
- **Evaluation**: The participant does not provide much reflection on whether their strategy was effective or why it might have worked or failed, leading to a higher probability of a lower score.
- **Final Decision**: The participant's brief response suggests a consistent rule or decision strategy (looking for patterns), even though it is not elaborated upon. The simplicity and directness of the statement point towards a higher score.
- **Confidence**: The participant does not express strong certainty or doubt about their approach. The brief and somewhat ambiguous response suggests lower confidence in their strategy or understanding of the task."
484,Male,Black or African American,"Master's degree (e.g., MA, MS, MEd)",10,100,I am not sure,0,low,low,2,0.41875,0.101169591,-0.014816387,1.001346684,0.619370686,-1.407727747,-1.906247558,no,no,no ; no,0,0,0,0,0,Auto-scored due to empty or trivial reflection.
394,Male,White,"Master's degree (e.g., MA, MS, MEd)",5,5,47,0,low,low,-1,0.66875,0.045454545,-0.034501978,-1.396236264,0.459607239,1.355495148,-0.369324538,"I just tried to stick with the +100s until I saw repeated -50s. Then, I'd switch around to see what other decks were providing.","No, I used the same strategy the whole time.","I just tried to stick with the +100s until I saw repeated -50s. Then, I'd switch around to see what other decks were providing. ; No, I used the same strategy the whole time.",3.4,3.3,2.7,3.8,3.6,"Comprehension: [0.0, 0.0, 0.1, 0.4, 0.5]
Judgment: [0.0, 0.0, 0.2, 0.3, 0.5]
Evaluation: [0.0, 0.1, 0.3, 0.4, 0.2]
Final Decision: [0.0, 0.0, 0.0, 0.2, 0.8]
Confidence: [0.0, 0.0, 0.1, 0.2, 0.7]

**Rationale:**
- **Comprehension:** The participant clearly understood the task rules and goals, as evidenced by their strategy of sticking with +100s and switching upon encountering repeated -50s. This shows a good grasp of the task structure, hence the high probability towards scores 3 and 4.
- **Judgment:** The participant formed a clear plan (stick with +100s, switch on -50s), indicating a well-thought-out hypothesis about how to act. The clarity and practicality of the plan suggest a higher score, leaning towards 3 and 4.
- **Evaluation:** The participant reflected on their strategy's effectiveness implicitly by mentioning the switch upon seeing -50s, indicating some evaluation but not deeply detailed or comprehensive. Thus, scores are distributed more towards the middle range.
- **Final Decision:** The participant stated they used the same strategy throughout, indicating a consistent rule or decision strategy. This clarity and consistency justify a high score, predominantly a 4.
- **Confidence:** The participant's statement about sticking to their strategy throughout the task without mentioning doubts suggests a high level of confidence in their approach, warranting a higher score towards 4."
413,Male,White,"Some college or university, no degree",5,20,2,0,low,low,-2,0.575,0.010869565,-0.261092368,0.251437884,0.431384705,2.87058462,-1.440098398,"you, I would click a person until the number changed from 100 and click different people until I found the 100 again",no,"you, I would click a person until the number changed from 100 and click different people until I found the 100 again ; no",2.5,2.8,0.4,3.1,1.7,"Comprehension: [0.0, 0.1, 0.4, 0.4, 0.1]  
Judgment: [0.0, 0.0, 0.3, 0.6, 0.1]  
Evaluation: [0.7, 0.2, 0.1, 0.0, 0.0]  
Final Decision: [0.0, 0.0, 0.2, 0.5, 0.3]  
Confidence: [0.1, 0.3, 0.4, 0.2, 0.0]  

Rationale:
- **Comprehension**: The participant shows a basic understanding of the task mechanics by describing the action of clicking until a change is observed and then searching for the target again. This indicates some grasp of the task structure but lacks depth in understanding the probabilistic nature or the goal of maximizing score, hence a higher probability for scores 2 and 3.
- **Judgment**: The participant's strategy of sticking with one option until a change and then searching for another indicates a planned approach, albeit a simple one. This reflects some level of hypothesis formation about how to act, warranting a higher probability for score 3.
- **Evaluation**: The participant's reflection lacks any substantive evaluation of whether their strategy was effective or why it might have worked or failed. The response is mostly devoid of reflective insight on this aspect, leading to a high probability for score 0.
- **Final Decision**: The participant describes a consistent rule or decision strategy (sticking with one choice until it changes), which shows some level of decision-making. However, the strategy is not sophisticated, suggesting a higher probability for scores 2 and 3.
- **Confidence**: The participant's brief and somewhat ambiguous response (""no"" at the end) suggests uncertainty or minimal confidence in their approach. This is reflected in the higher probabilities for scores 2 and 1, indicating moderate to low confidence."
99,Male,White,"High school degree or equivalent (e.g., GED)",5,5,47,0,low,low,-2,0.425,0.052735663,-0.057145321,0.961157601,0.631078739,-1.197171955,-1.90817308,"no, I just switched it up when they started being the wrong choice",no,"no, I just switched it up when they started being the wrong choice ; no",2,1.5,1.1,1.4,3.4,"Comprehension: [0.0, 0.3, 0.4, 0.3, 0.0]  
Judgment: [0.1, 0.4, 0.4, 0.1, 0.0]  
Evaluation: [0.2, 0.5, 0.3, 0.0, 0.0]  
Final Decision: [0.1, 0.5, 0.3, 0.1, 0.0]  
Confidence: [0.0, 0.0, 0.1, 0.4, 0.5]  

**Rationale:**

**Comprehension:** The participant's response indicates a basic understanding of the task's need to switch choices when outcomes change, suggesting some grasp of the task's reversal nature. However, the explanation lacks depth about the overall structure or goal, hence the higher probabilities for scores 1 and 2.

**Judgment:** The participant mentions switching strategies, which implies some form of planning or hypothesis testing. However, the reflection is not detailed or clear about what these strategies were, leading to a higher probability for a score of 1 or 2.

**Evaluation:** The participant briefly reflects on the strategy's effectiveness (""when they started being the wrong choice""), indicating some evaluation. However, the reflection lacks depth or reasoning about why the strategy worked or didn't, justifying a higher score in the lower range.

**Final Decision:** The participant's strategy seems to be reactive rather than based on a consistent rule or decision strategy, as indicated by the phrase ""just switched it up."" This suggests a rudimentary or adequate final decision-making process, leading to higher probabilities for scores 1 and 2.

**Confidence:** The participant's repeated use of ""no"" and a straightforward statement about their strategy switching shows a level of certainty and confidence in their understanding and actions, justifying higher probabilities for scores 3 and 4."
434,Male,White,"Some college or university, no degree",10,5,24,0.555555556,low,low,-2,0.69375,0,-0.025937686,0.048044721,0.483060232,2.262875235,-0.134414138,"No, just my intuition",No,"No, just my intuition ; No",1.7,1,0.2,1.1,1.5,"Comprehension: [0.1, 0.3, 0.4, 0.2, 0.0]  
Judgment: [0.4, 0.3, 0.2, 0.1, 0.0]  
Evaluation: [0.8, 0.2, 0.0, 0.0, 0.0]  
Final Decision: [0.3, 0.4, 0.2, 0.1, 0.0]  
Confidence: [0.2, 0.3, 0.3, 0.2, 0.0]  

**Rationale:**

**Comprehension:** The participant's brief response suggests a minimal understanding of the task, as they relied on ""intuition"" without elaborating on the task's rules or goals. The probability distribution leans towards a lower score but acknowledges some understanding, as intuition itself implies a basic grasp of task demands.

**Judgment:** The participant's reliance on intuition indicates some form of judgment or decision-making process, albeit implicit and not well-articulated. The distribution reflects uncertainty about the depth of their planning or hypothesis formation.

**Evaluation:** The participant did not reflect on the effectiveness of their strategy or provide reasons for its success or failure. The high probability for a score of 0 reflects the absence of this dimension in their response.

**Final Decision:** The participant's statement does not clearly describe a consistent rule or decision strategy, other than a vague reference to intuition. The distribution suggests uncertainty but leans towards lower scores due to the lack of explicit strategy description.

**Confidence:** The participant's brief and casual response (""No, just my intuition"") suggests some level of confidence in their approach, albeit not strongly expressed. The distribution is spread across lower scores, reflecting the minimal expression of confidence."
43,Male,White,"Some college or university, no degree",5,5,47,0.166666667,low,low,0,0.29375,0.425255704,-0.002582513,1.002004649,0.601355032,-1.932403054,-1.998329833,just searched until i got a point streak going again,no,just searched until i got a point streak going again ; no,2.1,2.8,1.4,3.4,1.5,"Comprehension: [0.0, 0.1, 0.7, 0.2, 0.0]
Judgment: [0.0, 0.0, 0.3, 0.6, 0.1]
Evaluation: [0.2, 0.3, 0.4, 0.1, 0.0]
Final Decision: [0.0, 0.0, 0.1, 0.4, 0.5]
Confidence: [0.1, 0.4, 0.4, 0.1, 0.0]

Rationale:
- **Comprehension**: The participant's response suggests a basic understanding of the task as they mention trying to get a ""point streak going again."" This indicates some grasp of the task's goal (to maximize points), but lacks depth or sophistication in understanding the rules or structure. Hence, a higher probability is given to a score of 2 (Adequate).
- **Judgment**: The participant's strategy of searching for a point streak implies a form of hypothesis or plan, though it is not detailed. The response suggests a moderate level of planning, leaning towards a score of 3 (Good) due to the implied ongoing adjustment to maintain the streak.
- **Evaluation**: The participant does not provide a clear reflection on the effectiveness of their strategy beyond the brief mention of searching for a point streak. There is minimal evaluation of why this strategy was chosen or its effectiveness, leading to a higher probability for a score of 2 (Adequate).
- **Final Decision**: The participant's strategy seems to be consistent, focusing on maintaining a point streak. The lack of strategy change and the clarity in sticking to this approach suggest a higher score, leaning towards a 4 (Exemplary) as they consistently applied this rule.
- **Confidence**: The participant's confidence in their strategy is not explicitly stated, and the brief response suggests some uncertainty or minimal self-assurance. This is reflected in the higher probabilities for scores of 1 (Rudimentary) and 2 (Adequate)."
174,Male,White,"Bachelor's degree (e.g., BA, BS)",10,100,24,0,low,low,-3,0.6,0.082482993,-0.20704344,0.239770147,0.416981946,2.302841056,-1.269946505,Count the pattern and predict when it will change.,Yes. The pattern would change.,Count the pattern and predict when it will change. ; Yes. The pattern would change.,2.1,3.1,1.4,3.4,2,"Comprehension: [0.0, 0.1, 0.7, 0.2, 0.0]  
Judgment: [0.0, 0.0, 0.2, 0.5, 0.3]  
Evaluation: [0.2, 0.3, 0.4, 0.1, 0.0]  
Final Decision: [0.0, 0.0, 0.1, 0.4, 0.5]  
Confidence: [0.1, 0.2, 0.4, 0.2, 0.1]  

**Rationale:**

**Comprehension:** The participant shows an understanding of the task as involving pattern recognition and prediction. However, the depth of understanding regarding how these patterns relate to the task rules or goals is not fully articulated, suggesting a good but not exemplary grasp.

**Judgment:** The participant indicates a strategy based on counting and predicting changes, which reflects a clear plan of action. The mention of strategy adjustment also suggests a higher level of judgment, as it implies ongoing hypothesis testing and adaptation.

**Evaluation:** The reflection includes a basic evaluation (""The pattern would change""), but lacks depth in analyzing why the strategy worked or didn't work. The participant does not reflect deeply on the effectiveness of the strategy beyond its basic application, leading to a moderate score.

**Final Decision:** The participant seems to have a consistent rule or decision strategy by the end of the task, as indicated by their confidence in predicting changes. However, the lack of detailed explanation prevents the highest score.

**Confidence:** The participant expresses some certainty in their approach (""predict when it will change""), but also implies simplicity and brevity in their confidence. There is no strong indication of doubt, yet the confidence is not robustly supported with detailed reasoning, leading to a moderate score."
370,Female,White,"High school degree or equivalent (e.g., GED)",5,5,47,0.222222222,low,low,-3,0.60625,0,-0.413389278,-1.115882845,0.490206773,1.463834516,0.620165211,"no, I just clicked until i got to a bad card.",not really.,"no, I just clicked until i got to a bad card. ; not really.",0.2,0.3,0.1,0.4,0.5,"Comprehension: [0.8, 0.2, 0.0, 0.0, 0.0]  
Judgment: [0.7, 0.3, 0.0, 0.0, 0.0]  
Evaluation: [0.9, 0.1, 0.0, 0.0, 0.0]  
Final Decision: [0.6, 0.4, 0.0, 0.0, 0.0]  
Confidence: [0.5, 0.5, 0.0, 0.0, 0.0]  

Rationale: The participant's reflection is extremely brief and lacks depth across all metacognitive dimensions. 

- **Comprehension**: The participant shows minimal understanding of the task as indicated by their simplistic approach of ""just clicked until i got to a bad card."" This suggests a rudimentary grasp of the task's mechanics, hence a higher probability for a score of 0.
- **Judgment**: There is a vague indication of a plan (""just clicked until...""), but it lacks sophistication or any strategic depth, leading to a higher probability for lower scores.
- **Evaluation**: The participant does not reflect on the effectiveness of their strategy or provide any reasoning behind their actions, which strongly suggests a score close to 0.
- **Final Decision**: The participant's strategy seems consistent (""just clicked...""), but it's not based on any thoughtful decision-making process. This warrants a higher probability for lower scores.
- **Confidence**: The participant's brief and casual response (""no, I just clicked...; not really."") implies uncertainty or a lack of serious engagement with the task, leading to a higher probability of lower scores in confidence."
62,Male,White,"Bachelor's degree (e.g., BA, BS)",5,5,47,0.166666667,low,low,-1,0.6875,0,-0.041070303,-0.567827419,0.453660691,2.020699953,0.700539264,I cared about points not people. I wanted the max score so I moved on from the losers quickly.,Later I realized that one -50 might not be worth switching away from immediately,I cared about points not people. I wanted the max score so I moved on from the losers quickly. ; Later I realized that one -50 might not be worth switching away from immediately,3,3.1,3.4,3.3,2.9,"Comprehension: [0.0, 0.0, 0.3, 0.4, 0.3]
Judgment: [0.0, 0.0, 0.2, 0.5, 0.3]
Evaluation: [0.0, 0.0, 0.1, 0.4, 0.5]
Final Decision: [0.0, 0.0, 0.2, 0.3, 0.5]
Confidence: [0.0, 0.1, 0.2, 0.4, 0.3]

**Rationale:**

**Comprehension:** The participant shows a basic understanding of the task's goal (maximizing points), but the reflection lacks detailed insight into the structure or rules beyond the scoring. The probabilities reflect a good understanding but not an exemplary one, as the details of task mechanics are not explored deeply.

**Judgment:** The participant clearly formed a strategy based on their goal of maximizing points and made decisions to abandon less successful options. The reflection indicates a plan was in place, and there's some depth in their strategic thinking, especially as they reconsidered their initial approach.

**Evaluation:** The participant reflects on the effectiveness of their strategy, particularly noting the potential overreaction to negative scores. This shows a good level of self-assessment and understanding of strategy outcomes, meriting a higher score in evaluation.

**Final Decision:** The participant describes a shift in their decision-making process, moving from a quick-switch strategy to a more considered approach. This indicates a good level of strategic consistency once they revised their approach, but it's not fully clear if this was consistently applied thereafter.

**Confidence:** The participant expresses some certainty in their approach initially and later shows thoughtful reconsideration. This mixed expression of confidence and doubt suggests a moderate to good level of confidence in their understanding and strategy, but not complete certainty."
392,Male,White,"Some college or university, no degree",5,20,47,0,low,low,-2,0.675,0.02754386,0.160213931,-0.906326499,0.443611494,2.311932152,-1.185961527,At first I tried to count how many iterations a good card remained good.  But after realizing that it was at least pseudo-random I just clicked a good card until it became bad and then guessed one of the remaining two.,"As discussed above, after realizing that the number of draws during which a good card remains good was variable, I switched to just clicking the good one until it became bad, and then switching cards.","At first I tried to count how many iterations a good card remained good.  But after realizing that it was at least pseudo-random I just clicked a good card until it became bad and then guessed one of the remaining two. ; As discussed above, after realizing that the number of draws during which a good card remains good was variable, I switched to just clicking the good one until it became bad, and then switching cards.",3.4,3.5,3.3,3.6,3,"Comprehension: [0.0, 0.0, 0.1, 0.4, 0.5]  
Judgment: [0.0, 0.0, 0.1, 0.3, 0.6]  
Evaluation: [0.0, 0.0, 0.2, 0.3, 0.5]  
Final Decision: [0.0, 0.0, 0.1, 0.2, 0.7]  
Confidence: [0.0, 0.1, 0.2, 0.3, 0.4]  

**Rationale:**

**Comprehension:** The participant clearly understood the task rules and structure, as evidenced by their strategy to monitor the duration of a card's reliability and their adjustment upon realizing the randomness. The high scores reflect a strong understanding.

**Judgment:** The participant formed a clear hypothesis about how to act, initially trying to count iterations and then adjusting their strategy based on their observations. The high scores reflect their ability to form and adapt their plan.

**Evaluation:** The participant reflected on the effectiveness of their initial strategy and why it might not work, leading them to adjust their approach. This shows a good level of self-evaluation, hence the higher scores in this dimension.

**Final Decision:** The participant described a consistent rule or decision strategy they ultimately applied, which was to keep selecting a good card until it turned bad and then switch. The high score reflects a clear and consistent final decision.

**Confidence:** The participant showed some certainty in their approach but also acknowledged the randomness and their adjustment, indicating a balanced level of confidence. The scores are spread to reflect this balance between certainty and acknowledgment of task complexity."
438,Female,White,"Master's degree (e.g., MA, MS, MEd)",10,100,24,2.111111111,high,high,-3,0.475,0.534701114,-0.003377671,0.995976889,0.616112096,-1.537271416,-1.962480862,no,no,no ; no,0,0,0,0,0,Auto-scored due to empty or trivial reflection.
295,Other,White,"Bachelor's degree (e.g., BA, BS)",5,5,47,0,low,low,-2,0.5,0.009615385,-0.538265051,-0.890144755,0.54481796,-0.271737721,-1.697241721,"Not really, just kept going with who seemed to work",No,"Not really, just kept going with who seemed to work ; No",1.2,1.1,0.1,2.1,3.8,"Comprehension: [0.0, 0.8, 0.2, 0.0, 0.0]  
Judgment: [0.0, 0.9, 0.1, 0.0, 0.0]  
Evaluation: [0.9, 0.1, 0.0, 0.0, 0.0]  
Final Decision: [0.0, 0.0, 0.9, 0.1, 0.0]  
Confidence: [0.0, 0.0, 0.0, 0.2, 0.8]  

**Rationale:**
- **Comprehension:** The participant's response suggests a minimal understanding of the task (""just kept going with who seemed to work""), indicating they grasped the basic idea of choosing effective options but lacked depth in explaining the task structure or goals. This warrants a high probability for a rudimentary score.
- **Judgment:** The participant's strategy (""just kept going with who seemed to work"") implies a very basic plan without much sophistication or foresight, justifying a high probability for a rudimentary score.
- **Evaluation:** The participant did not reflect on the effectiveness of their strategy or why it might have worked, leading to a high probability for an absent score.
- **Final Decision:** The participant indicates sticking with a single, consistent approach throughout (""No"" to switching strategies), suggesting some clarity in their decision-making process, thus a high probability for an adequate score.
- **Confidence:** The brief and straightforward nature of the response, especially the definitive ""No"" to changing strategies, suggests a high level of confidence in their chosen approach, justifying a high probability for an exemplary score."
212,Female,White,"High school degree or equivalent (e.g., GED)",5,5,47,2.388888889,high,high,-2,0.54375,0.037735849,-0.643402238,-1.972311061,0.439042172,0.86823698,-0.210051467,I went with a person until they showed the -50 and then found the next good person,A little bit,I went with a person until they showed the -50 and then found the next good person ; A little bit,2,2.5,1.7,2.1,1.3,"Comprehension: [0.0, 0.3, 0.4, 0.3, 0.0]  
Judgment: [0.0, 0.1, 0.4, 0.4, 0.1]  
Evaluation: [0.1, 0.3, 0.4, 0.2, 0.0]  
Final Decision: [0.0, 0.2, 0.5, 0.3, 0.0]  
Confidence: [0.2, 0.4, 0.3, 0.1, 0.0]  

**Rationale:**

**Comprehension:** The participant seems to have a basic understanding of the task as they describe a strategy of switching ""persons"" after a negative outcome. However, the explanation lacks depth about the overall goal or rules of the task, suggesting some comprehension but not a sophisticated understanding. Hence, a higher probability is given to scores 2 and 3.

**Judgment:** The participant formed a basic plan (switching after a negative outcome), which shows some judgment. However, the strategy is not elaborated upon deeply, and there's no indication of anticipating outcomes or adjusting the plan proactively. Thus, scores 2 and 3 are more probable, with a slight chance for a higher score if interpreted as a simple but effective plan.

**Evaluation:** The participant does reflect minimally on their strategy by indicating a switch after a negative outcome, but there's no deep analysis of why this strategy was chosen or its effectiveness beyond the immediate response. This warrants a moderate score in evaluation, leaning towards the middle of the scale.

**Final Decision:** The participant describes a consistent rule (switching after a negative outcome), but the strategy is quite basic and not elaborated upon. There's some indication of a decision strategy, but it's not detailed, leading to a higher probability for score 2 and a moderate chance for score 3.

**Confidence:** The participant's confidence in their strategy is unclear and seems low, as indicated by the vague and brief explanation (""A little bit""). This suggests some uncertainty, leading to higher probabilities for lower scores in this dimension."
100,Male,Black or African American,"Bachelor's degree (e.g., BA, BS)",10,100,47,0.111111111,low,low,-1,0.6375,0,-0.870068048,-3.13095035,0.43194407,0.531238435,-1.445138674,no,no,no ; no,0,0,0,0,0,Auto-scored due to empty or trivial reflection.
350,Female,White,"High school degree or equivalent (e.g., GED)",10,5,47,0.444444444,low,low,-3,0.58125,0.166477273,-0.19220588,-0.105153473,0.473140631,1.868321615,-0.547125692,no,no,no ; no,0,0,0,0,0,Auto-scored due to empty or trivial reflection.
360,Male,White,"Bachelor's degree (e.g., BA, BS)",5,5,47,0.277777778,low,low,-1,0.55625,0,-0.88789262,-3.318077147,0.434556835,0.341642874,-1.415457025,"I didn't really have any specific strategy, other than just trying to find the cards that gave more positive results.",I didn't notice myself switching strategies. I think I did the same thing throughout.,"I didn't really have any specific strategy, other than just trying to find the cards that gave more positive results. ; I didn't notice myself switching strategies. I think I did the same thing throughout.",2.1,1.6,1.1,3.2,1.7,"Comprehension: [0.0, 0.1, 0.7, 0.2, 0.0]  
Judgment: [0.0, 0.5, 0.4, 0.1, 0.0]  
Evaluation: [0.3, 0.4, 0.2, 0.1, 0.0]  
Final Decision: [0.0, 0.0, 0.1, 0.6, 0.3]  
Confidence: [0.1, 0.3, 0.4, 0.2, 0.0]  

**Rationale:**

**Comprehension:** The participant shows a basic understanding of the task's goal (finding cards with positive results), but lacks depth in explaining the task structure or rules. The response suggests an adequate grasp but not a sophisticated understanding, hence a higher probability for a score of 2.

**Judgment:** The participant mentions a very basic approach to the task but does not articulate a clear hypothesis or detailed plan. The response is somewhat vague, leaning towards a rudimentary understanding of forming a strategy, thus a higher probability for a score of 1.

**Evaluation:** The participant reflects minimally on the effectiveness of their strategy (""just trying to find the cards that gave more positive results""), but does not delve into why it worked or didn't work. This warrants a higher probability for a score of 1, indicating a rudimentary level of evaluation.

**Final Decision:** The participant indicates they did not switch strategies and consistently applied the same approach throughout the task. This shows some level of decision consistency, warranting a higher probability for a score of 3, indicating a good expression of a consistent rule or decision strategy.

**Confidence:** The participant expresses some uncertainty and simplicity in their approach, which suggests moderate confidence in their understanding and strategy. The response leans towards an adequate expression of confidence, hence a higher probability for a score of 2."
465,Male,White,"Bachelor's degree (e.g., BA, BS)",5,5,47,0.055555556,low,low,0,0.63125,0.018181818,-0.202734292,-1.099279272,0.496090054,1.428413191,0.280712835,no,no,no ; no,0,0,0,0,0,Auto-scored due to empty or trivial reflection.
257,Male,White,"Bachelor's degree (e.g., BA, BS)",10,100,47,0,low,low,0,0.63125,0,-0.328697624,-0.28891857,0.578062006,1.156306479,-0.206611574,I started off choosing one of the three until I started getting +100 points. I would keep choosing the same person that kept giving me 100 points until I got -50 points two times in a row and then I looked for a different person that gave me +100 points.,,I started off choosing one of the three until I started getting +100 points. I would keep choosing the same person that kept giving me 100 points until I got -50 points two times in a row and then I looked for a different person that gave me +100 points. ; ,3.4,3.4,3.3,3.5,3.5,"Comprehension: [0.0, 0.0, 0.1, 0.4, 0.5]  
Judgment: [0.0, 0.0, 0.1, 0.4, 0.5]  
Evaluation: [0.0, 0.0, 0.2, 0.3, 0.5]  
Final Decision: [0.0, 0.0, 0.1, 0.3, 0.6]  
Confidence: [0.0, 0.0, 0.1, 0.3, 0.6]  

Rationale:
- **Comprehension**: The participant clearly understood the task rules and structure, as evidenced by their method of sticking with a choice that yielded positive results and switching after consistent negative results. The reflection shows a good grasp of the task's goal, hence the high probability towards scores 3 and 4.
- **Judgment**: The participant formed a clear plan based on the outcomes of their choices, indicating a strategic approach to maximize points. This shows a good level of judgment in forming and applying a hypothesis, justifying higher scores.
- **Evaluation**: The participant reflected on the effectiveness of their strategy by monitoring the outcomes (positive and negative points) and adjusting accordingly. This indicates a thoughtful evaluation process, meriting a higher score.
- **Final Decision**: The participant described a consistent decision-making strategy based on the results of their choices. This strategy was applied throughout the task, showing a clear and consistent rule, thus justifying a higher score.
- **Confidence**: The participant's strategy and reflection show a level of certainty in their approach, as they consistently applied their rule and understood its impact on their performance. This suggests a higher level of confidence in their understanding and strategy."
277,Female,White,"Bachelor's degree (e.g., BA, BS)",5,5,47,0.055555556,low,low,1,0.59375,0.082697712,-0.148877436,-1.562319767,0.459070149,1.742209933,-0.81472396,My strategy varied so much that it's hard to pin one down.,"Yes, every round was different.","My strategy varied so much that it's hard to pin one down. ; Yes, every round was different.",2.5,1.7,1.3,1.1,1.7,"Comprehension: [0.0, 0.1, 0.4, 0.4, 0.1]  
Judgment: [0.1, 0.3, 0.4, 0.2, 0.0]  
Evaluation: [0.2, 0.4, 0.3, 0.1, 0.0]  
Final Decision: [0.3, 0.4, 0.2, 0.1, 0.0]  
Confidence: [0.1, 0.3, 0.4, 0.2, 0.0]  

**Rationale:**

**Comprehension:** The participant's statement implies some understanding of the task as they recognized the need for varying strategies, suggesting they grasped the task's dynamic nature. However, the lack of specific details about the task rules or goals limits the score to a mix of ""Adequate"" and ""Good,"" with a slight possibility of ""Exemplary"" due to the implicit understanding shown by strategy variation.

**Judgment:** The participant indicates that they did form strategies, albeit varied ones, which shows some level of planning or hypothesis formation. The reflection lacks depth about how these strategies were formed or based on what judgments, leading to a higher probability for ""Adequate.""

**Evaluation:** The participant reflects minimally on the effectiveness of their strategies by acknowledging the variation, but does not delve into why certain strategies were chosen or their outcomes. This warrants a higher score in ""Rudimentary"" and ""Adequate.""

**Final Decision:** The participant admits to changing strategies frequently, which suggests a lack of a consistent final decision strategy. This is reflected in higher probabilities for ""Absent"" and ""Rudimentary.""

**Confidence:** The participant's reflection shows some uncertainty in their approach, as indicated by the difficulty in pinning down a single strategy. This uncertainty suggests a mix of ""Rudimentary"" and ""Adequate"" confidence levels, with some leaning towards ""Good"" due to the acknowledgment of this uncertainty."
67,Female,White,"Bachelor's degree (e.g., BA, BS)",5,5,47,0.333333333,low,low,1,0.6125,0.029223228,-0.144427229,-1.065264822,0.466007461,1.768545883,-0.462207855,Yes. I clicked on a partner until I got 2 or 3 -50 in a row then switched to a different partner.,No,Yes. I clicked on a partner until I got 2 or 3 -50 in a row then switched to a different partner. ; No,3,3.1,2,3.4,3.5,"Comprehension: [0.0, 0.0, 0.3, 0.4, 0.3]  
Judgment: [0.0, 0.0, 0.2, 0.5, 0.3]  
Evaluation: [0.1, 0.2, 0.4, 0.2, 0.1]  
Final Decision: [0.0, 0.0, 0.1, 0.4, 0.5]  
Confidence: [0.0, 0.0, 0.1, 0.3, 0.6]  

**Rationale:**

**Comprehension:** The participant shows a basic understanding of the task rules by describing a specific action (switching partners after receiving negative feedback). The response indicates a grasp of the task structure but lacks depth in explaining the overall goal or rules beyond immediate actions. Hence, a higher probability is given to scores indicating adequate to good comprehension.

**Judgment:** The participant's strategy of switching after negative feedback suggests some level of planning or hypothesis formation (i.e., expecting better outcomes from switching after consistent negative results). The clarity of this plan is somewhat evident, but not deeply elaborated, leading to a higher score in the good range.

**Evaluation:** The participant briefly mentions the outcome that triggers a strategy switch but does not deeply reflect on the effectiveness or reasons behind the strategy's success or failure. This warrants a moderate score, leaning towards adequate, as there is some minimal reflection.

**Final Decision:** The participant clearly states a consistent rule used during the task (switching after several negative outcomes), which shows a definite decision strategy. The clarity and consistency in this strategy are well articulated, justifying a higher score in the good to exemplary range.

**Confidence:** The participant does not explicitly express confidence or doubt about their strategy. However, the straightforward and unambiguous statement of their strategy suggests a level of confidence in their approach, meriting a higher score towards good and exemplary, albeit with some uncertainty due to the lack of explicit confidence expression."
32,Male,White,"Some college or university, no degree",0.1,5,24,0,low,low,-3,0.4875,0.178571429,-0.021936479,0.972445983,0.629368446,-1.215715393,-1.879743697,i would give each one a few tries and if they were failing repeatedly move to another partner,no,i would give each one a few tries and if they were failing repeatedly move to another partner ; no,2,2.5,1.7,2.1,1.5,"Comprehension: [0.0, 0.3, 0.4, 0.3, 0.0]  
Judgment: [0.0, 0.1, 0.4, 0.4, 0.1]  
Evaluation: [0.1, 0.3, 0.4, 0.2, 0.0]  
Final Decision: [0.0, 0.2, 0.5, 0.3, 0.0]  
Confidence: [0.1, 0.4, 0.4, 0.1, 0.0]  

Rationale:
- **Comprehension**: The participant seems to have a basic understanding of the task as they describe a method of trial and error. However, there is no explicit mention of understanding the task's rules or goals, suggesting a lack of deep comprehension. The probabilities reflect a leaning towards ""Adequate"" understanding with some uncertainty.
- **Judgment**: The participant's strategy of giving each option a few tries indicates some level of planning or hypothesis formation. However, the strategy is not detailed or sophisticated, leading to a distribution that favors an ""Adequate"" score with some possibility of ""Good"".
- **Evaluation**: The participant's brief reflection on their strategy's effectiveness (""if they were failing repeatedly move to another"") suggests some evaluation but lacks depth or detailed analysis of why strategies succeeded or failed. This warrants a higher probability for an ""Adequate"" score.
- **Final Decision**: The participant describes a consistent rule of switching after repeated failures, which shows some decision-making process. However, the strategy is quite basic and not elaborated upon, leading to a higher score in ""Adequate"" and some in ""Good"".
- **Confidence**: The participant's response ends with a simple ""no"" when asked about switching strategies, which might indicate some certainty in their approach. However, the overall confidence in their strategy or understanding of the task is not strongly conveyed, leading to a distribution centered around ""Adequate""."
267,Male,Native Hawaiian or Other Pacific Islander,"Bachelor's degree (e.g., BA, BS)",10,100,24,2.222222222,high,high,-3,0.525,0.153065539,-0.093541052,0.550640639,0.41454603,2.248904088,-1.480160612,NO,NO,NO ; NO,0,0,0,0,0,Auto-scored due to empty or trivial reflection.
424,Female,White,"Bachelor's degree (e.g., BA, BS)",5,5,47,0.055555556,low,low,-2,0.60625,0,0.080458068,-1.173511161,0.43509362,1.463948161,0.216764881,"no, just tried to pick the right one.",no,"no, just tried to pick the right one. ; no",1.2,1.1,0.1,1.1,3.9,"Comprehension: [0.0, 0.8, 0.2, 0.0, 0.0]  
Judgment: [0.0, 0.9, 0.1, 0.0, 0.0]  
Evaluation: [0.9, 0.1, 0.0, 0.0, 0.0]  
Final Decision: [0.0, 0.9, 0.1, 0.0, 0.0]  
Confidence: [0.0, 0.0, 0.0, 0.1, 0.9]  

Rationale:
- **Comprehension**: The participant's response suggests a minimal understanding of the task as they aimed to ""pick the right one,"" indicating some grasp of the goal but lacking depth or sophistication in understanding the task's structure or rules. Hence, a higher probability is given to a score of 1.
- **Judgment**: The participant's strategy was rudimentary, as indicated by their brief response. There was no detailed plan or hypothesis formation beyond trying to choose correctly, leading to a high probability for a score of 1.
- **Evaluation**: The participant did not reflect on the effectiveness of their strategy or provide reasons for its success or failure. This dimension is almost entirely absent, justifying a high probability for a score of 0.
- **Final Decision**: The participant did not describe any consistent rule or decision strategy, only a basic attempt to ""pick the right one."" This suggests a rudimentary level of strategic decision-making, leading to a high probability for a score of 1.
- **Confidence**: The participant's repeated ""no"" in response to whether they switched strategies suggests a high level of certainty about their approach, despite its simplicity. This confidence in their minimal strategy is reflected in a high probability for a score of 4."
1,Male,White,"Bachelor's degree (e.g., BA, BS)",10,1,47,0,low,low,-2,0.60625,0,-0.134659464,-0.035433654,0.428226633,2.8477806,-0.923158007,I would stick with a partner until they received 3 negative scores in a row.,"I did. At first I found a pattern, but that pattern changed and I had to also change strategies and find a different pattern.","I would stick with a partner until they received 3 negative scores in a row. ; I did. At first I found a pattern, but that pattern changed and I had to also change strategies and find a different pattern.",3.4,3.5,3.3,3.4,3,"Comprehension: [0.0, 0.0, 0.1, 0.4, 0.5]
Judgment: [0.0, 0.0, 0.1, 0.3, 0.6]
Evaluation: [0.0, 0.0, 0.2, 0.3, 0.5]
Final Decision: [0.0, 0.0, 0.1, 0.4, 0.5]
Confidence: [0.0, 0.1, 0.2, 0.3, 0.4]

**Rationale:**
- **Comprehension:** The participant clearly understood the task rules and goals, as evidenced by their strategy of sticking with a partner until three negative scores occurred. The reflection shows a good grasp of the task structure, hence the high scores towards 4.
- **Judgment:** The participant formed a clear hypothesis about how to act, initially identifying and then adapting to a changing pattern. This indicates a high level of strategic planning and hypothesis formation, justifying scores leaning towards 4.
- **Evaluation:** The participant reflected on the effectiveness of their strategy by recognizing the need to change it upon the emergence of a new pattern. This shows a good level of self-evaluation, meriting a higher score.
- **Final Decision:** The participant described a consistent rule-based strategy (sticking with a partner until three negative outcomes), and also mentioned adapting this strategy, which shows a clear decision-making process. The scores are therefore higher towards 4.
- **Confidence:** The participant expressed some level of certainty in their approach by sticking to a rule until it no longer worked, and then confidently switching strategies. However, there is less explicit expression of confidence compared to other dimensions, hence a slightly lower score towards 4."
406,Female,Black or African American,"Master's degree (e.g., MA, MS, MEd)",10,100,24,1.833333333,low,high,-1,0.5125,0.284194529,-0.016621587,0.577500528,0.584550968,0.118558817,-0.869556051,No,"Yes, change the card points...I have confuse it...But this is very expected to earn the points","No ; Yes, change the card points...I have confuse it...But this is very expected to earn the points",1.6,1.5,1.1,1.3,1,"Comprehension: [0.1, 0.4, 0.3, 0.2, 0.0]  
Judgment: [0.2, 0.3, 0.3, 0.2, 0.0]  
Evaluation: [0.3, 0.4, 0.2, 0.1, 0.0]  
Final Decision: [0.2, 0.4, 0.3, 0.1, 0.0]  
Confidence: [0.4, 0.3, 0.2, 0.1, 0.0]  

**Rationale:**

**Comprehension:** The participant's reflection shows some understanding of the task as they mention changing card points, which implies a grasp of the task's mechanics. However, the expression is vague and lacks depth, suggesting only a moderate comprehension.

**Judgment:** The participant indicates a strategy change (""Yes, change the card points""), which shows some level of planning or hypothesis formation. However, the explanation is minimal and lacks clarity, leading to a higher probability for lower scores.

**Evaluation:** The participant's statement ""I have confuse it"" suggests some reflection on the effectiveness of their strategy, albeit expressed unclearly and with confusion. This indicates a rudimentary to adequate level of evaluation.

**Final Decision:** The reflection includes a mention of a strategy change but does not clearly articulate a consistent rule or decision strategy applied throughout the task. The response is somewhat unclear, leading to moderate scores.

**Confidence:** The participant expresses confusion and uncertainty about their strategy (""I have confuse it""), which indicates a lack of confidence in their approach. The reflection does not convey strong certainty or self-assuredness, resulting in higher probabilities for lower scores."
245,Male,White,"Associate degree (e.g., AA, AS)",0.05,5,47,0.111111111,low,low,0,0.675,0,-0.799127124,-3.738546792,0.433510625,0.316251543,-1.301722599,Yes. when a negative outcome happened 2 times in a row or one good and one bad happened multiple times I would switch the person that I chose.,No.,Yes. when a negative outcome happened 2 times in a row or one good and one bad happened multiple times I would switch the person that I chose. ; No.,2.5,3.1,1.7,2.9,1.5,"Comprehension: [0.0, 0.1, 0.4, 0.4, 0.1]  
Judgment: [0.0, 0.0, 0.2, 0.5, 0.3]  
Evaluation: [0.1, 0.3, 0.4, 0.2, 0.0]  
Final Decision: [0.0, 0.0, 0.3, 0.5, 0.2]  
Confidence: [0.2, 0.3, 0.3, 0.2, 0.0]  

**Rationale:**

**Comprehension:** The participant shows some understanding of the task rules by mentioning the outcomes that led to a strategy change. However, the depth of understanding the overall goal or structure of the task isn't fully clear, hence a higher probability in the middle range.

**Judgment:** The participant explicitly mentions a decision rule based on the outcomes of their choices, indicating some level of planning or hypothesis formation. The clarity and thoughtfulness in expressing this rule suggest a higher score towards the good range.

**Evaluation:** The participant reflects minimally on the effectiveness of their strategy by implicitly suggesting it was based on the outcomes they experienced. However, there is no deep analysis of why this strategy was chosen or its effectiveness beyond the immediate results, leading to a moderate score.

**Final Decision:** The participant describes a consistent rule they applied based on specific outcomes, which shows some level of decision-making strategy. The clarity is moderate, and while there is some indication of a consistent approach, the depth of strategic insight is not fully developed.

**Confidence:** The participant does not express strong certainty or doubt about their approach; the response is somewhat neutral and factual. This suggests a moderate level of confidence, neither fully assured nor particularly doubtful, leading to a balanced distribution in the middle scores."
108,Female,White,"High school degree or equivalent (e.g., GED)",0.1,5,47,0.555555556,low,low,1,0.63125,0.1,-0.078500345,0.342851793,0.494297454,1.581641678,0.589033235,I found the partner that was the most helpful and stuck with them until I had to change becaue they were no longer helpful.,No.,I found the partner that was the most helpful and stuck with them until I had to change becaue they were no longer helpful. ; No.,2.1,2.8,2.9,3.4,3.4,"Comprehension: [0.0, 0.1, 0.7, 0.2, 0.0]  
Judgment: [0.0, 0.0, 0.3, 0.6, 0.1]  
Evaluation: [0.0, 0.0, 0.2, 0.7, 0.1]  
Final Decision: [0.0, 0.0, 0.1, 0.4, 0.5]  
Confidence: [0.0, 0.0, 0.1, 0.4, 0.5]  

**Rationale:**

**Comprehension:**  
The participant shows an understanding of the task by identifying a ""partner"" (likely a choice in the task) that was most helpful, indicating they grasped the goal of finding beneficial options. However, the reflection lacks depth about the overall structure or rules of the task, hence a higher probability for an ""Adequate"" score.

**Judgment:**  
The participant formed a plan to stick with the most helpful option, which shows some level of strategic planning. The clarity of this plan is somewhat evident, but not deeply elaborated, leading to a higher score in ""Good.""

**Evaluation:**  
The participant reflects on the effectiveness of their strategy by noting the need to change when the chosen option was no longer beneficial. This shows a good level of self-evaluation, but lacks a detailed analysis of why the strategy worked or failed initially, hence a higher score in ""Good.""

**Final Decision:**  
The participant describes a consistent rule or decision strategy by sticking with the most helpful option until it ceased to be beneficial. This strategy is clear, but the reflection could benefit from more detail on how the final decision was applied consistently, leading to a higher probability for ""Good"" and ""Exemplary.""

**Confidence:**  
The participant does not explicitly express confidence or doubt about their approach. However, the straightforward statement of their strategy and decision to change implies a level of confidence in understanding and applying their strategy, leading to higher scores in ""Good"" and ""Exemplary."""
46,Female,White,"High school degree or equivalent (e.g., GED)",0.1,5,24,0.166666667,low,low,0,0.4625,0.019230769,-0.08180294,-1.279191241,0.464828679,0.63156561,0.203319211,No,Yes,No ; Yes,0,0,0,0,0,Auto-scored due to empty or trivial reflection.
95,Male,Black or African American,"Associate degree (e.g., AA, AS)",10,100,24,2.5,high,high,1,0.4625,0.208333334,-0.012339142,0.748962008,0.551073431,-0.179327147,-0.929307861,Just went with the person giving the most points at the time,no,Just went with the person giving the most points at the time ; no,2.1,2.8,0.2,3.1,1.5,"Comprehension: [0.0, 0.1, 0.7, 0.2, 0.0]
Judgment: [0.0, 0.0, 0.3, 0.6, 0.1]
Evaluation: [0.8, 0.2, 0.0, 0.0, 0.0]
Final Decision: [0.0, 0.0, 0.1, 0.7, 0.2]
Confidence: [0.1, 0.4, 0.4, 0.1, 0.0]

**Rationale:**

**Comprehension:** The participant's response indicates a basic understanding of the task's goal (to choose the option giving the most points). However, the response lacks depth in explaining the structure or rules beyond the immediate goal, suggesting a score leaning towards ""Adequate.""

**Judgment:** The participant's strategy of choosing the ""person giving the most points"" implies a simple but clear plan. The response shows some judgment but lacks sophistication or a detailed hypothesis about how different choices might affect outcomes, thus a higher score in ""Good"" seems appropriate.

**Evaluation:** The participant did not reflect on the effectiveness of their strategy or consider why it might or might not have worked, as indicated by the terse ""no"" in response to strategy switching. This suggests a high probability for a low score in ""Evaluation.""

**Final Decision:** The participant stuck with a consistent strategy throughout the task, as indicated by the lack of strategy switching. This suggests a clear rule or decision strategy was applied, warranting a higher score in ""Final Decision.""

**Confidence:** The participant's brief response does not strongly convey confidence or doubt; it is somewhat neutral. The simplicity and brevity of the answer, combined with the lack of explicit confidence or questioning, suggest a middle range score leaning towards ""Adequate."""
21,Male,White,"Some college or university, no degree",10,100,24,0,low,low,0,0.60625,0.045454546,-0.51730543,-1.017237611,0.514760977,0.549020608,0.504388374,no,no,no ; no,0,0,0,0,0,Auto-scored due to empty or trivial reflection.
225,Male,White,"High school degree or equivalent (e.g., GED)",10,5,47,0.555555556,low,low,-3,0.51875,0.019230769,-0.095025068,-0.329357227,0.563483696,-0.006961228,-0.415545752,no,no,no ; no,0,0,0,0,0,Auto-scored due to empty or trivial reflection.
274,Female,White,"Master's degree (e.g., MA, MS, MEd)",10,100,47,1.555555556,high,low,2,0.63125,0.2,-0.009629729,0.856203648,0.515928836,0.355521954,-1.060840788,In one of the sets (2nd or 3rd maybe) I noticed a pattern that I was able to pick up on and choose correctly for several times in a row,Yes. Sometimes it was random guessing and other times I tried to follow a pattern,In one of the sets (2nd or 3rd maybe) I noticed a pattern that I was able to pick up on and choose correctly for several times in a row ; Yes. Sometimes it was random guessing and other times I tried to follow a pattern,2.2,2.1,1.5,2.1,1.4,"Comprehension: [0.0, 0.1, 0.6, 0.3, 0.0]
Judgment: [0.0, 0.2, 0.5, 0.3, 0.0]
Evaluation: [0.1, 0.4, 0.4, 0.1, 0.0]
Final Decision: [0.0, 0.3, 0.4, 0.2, 0.1]
Confidence: [0.2, 0.3, 0.4, 0.1, 0.0]

Rationale:
- **Comprehension**: The participant shows some understanding of the task by recognizing patterns, but the reflection lacks depth about the overall goal or structure of the task. The probability leans towards ""Adequate"" as they grasped some task elements.
- **Judgment**: The participant mentions using a strategy of pattern recognition and random guessing, indicating some form of planning or hypothesis formation. The response is somewhat clear but lacks depth, hence a higher probability for ""Adequate.""
- **Evaluation**: The participant reflects minimally on the effectiveness of their strategies (""able to pick up on and choose correctly""), but does not deeply analyze why these strategies worked or didn't work, leading to a higher score in ""Rudimentary"" and ""Adequate.""
- **Final Decision**: The participant indicates some consistency in strategy use by switching between pattern recognition and guessing. However, the reflection does not clearly describe a consistent rule or decision strategy, leading to a higher probability in ""Adequate.""
- **Confidence**: The participant's reflection shows some uncertainty in their approach, as indicated by the mention of sometimes guessing. This suggests a moderate level of confidence, leaning towards ""Adequate."""
131,Male,White,"Associate degree (e.g., AA, AS)",10,100,24,0,low,low,-1,0.65625,0.037037037,-0.084616384,-0.795364151,0.482986503,1.368056386,0.541767852,I continued to pick the one that gave me points and moved on to a different one when it didn't give me points.,No,I continued to pick the one that gave me points and moved on to a different one when it didn't give me points. ; No,2.1,2.8,1.5,3.1,3.1,"Comprehension: [0.0, 0.1, 0.7, 0.2, 0.0]  
Judgment: [0.0, 0.0, 0.3, 0.6, 0.1]  
Evaluation: [0.1, 0.4, 0.4, 0.1, 0.0]  
Final Decision: [0.0, 0.0, 0.1, 0.7, 0.2]  
Confidence: [0.0, 0.0, 0.2, 0.5, 0.3]  

Rationale:  
- **Comprehension**: The participant shows a basic understanding of the task's goal (to gain points) and the mechanics (switching choices when not gaining points). The response is somewhat clear but lacks depth, hence a higher probability for a score of 2.
- **Judgment**: The participant's strategy of choosing based on reward feedback indicates some planning or hypothesis formation, but it's not detailed or sophisticated. A score of 3 is more probable as they clearly had a plan, though it was simple.
- **Evaluation**: The participant briefly reflects on their strategy's effectiveness (""moved on to a different one when it didn't give me points""), but there's minimal depth or analysis of why this strategy was chosen or its effectiveness beyond the immediate outcome. This suggests a balance between scores 1 and 2.
- **Final Decision**: The participant stuck to a consistent rule (choosing based on immediate reward feedback), which is clear from the response. This suggests a higher score in this dimension, leaning towards a 3.
- **Confidence**: There is no explicit expression of confidence or doubt about their strategy's effectiveness or correctness. However, the straightforward statement of their strategy suggests some level of implicit confidence, warranting a higher probability for scores 2 and 3."
376,Male,White,"Doctorate or professional degree  (e.g., PhD, MD, JD)",five,five,forty seven,0.111111111,low,low,-2,0.7125,0.019729207,-0.352483806,-3.920091791,0.459657966,-0.089518815,-2.082893702,"I tried to time the ""switch"" of the best deck. At first I switched decks on the second draw of a -50 card.","I switched to trying to count how many cards were drawn on average before the best deck switched, and then to switch after I drew that many (9 or 10) before drawing a -50 card.","I tried to time the ""switch"" of the best deck. At first I switched decks on the second draw of a -50 card. ; I switched to trying to count how many cards were drawn on average before the best deck switched, and then to switch after I drew that many (9 or 10) before drawing a -50 card.",3.4,3.5,3.2,3.5,2.9,"Comprehension: [0.0, 0.0, 0.1, 0.4, 0.5]  
Judgment: [0.0, 0.0, 0.1, 0.3, 0.6]  
Evaluation: [0.0, 0.0, 0.2, 0.4, 0.4]  
Final Decision: [0.0, 0.0, 0.1, 0.3, 0.6]  
Confidence: [0.0, 0.1, 0.2, 0.4, 0.3]  

Rationale:
- **Comprehension**: The participant shows a good understanding of the task's mechanics, particularly the concept of a ""switch"" in the best deck, indicating a grasp of the task rules and goals. The reflection suggests a sophisticated understanding, hence the higher probabilities for scores 3 and 4.
- **Judgment**: The participant describes forming initial hypotheses about when to switch decks and adjusting this plan based on observations, which reflects a high level of strategic thinking and planning. The reflection leans towards a higher score due to the clear articulation of these strategies.
- **Evaluation**: The participant reflects on the effectiveness of their initial strategy and modifies it based on the outcomes they observed, indicating a good level of self-evaluation. The probabilities are balanced towards the higher end but not at the maximum due to a lack of detailed insight into why specific strategies might have failed or succeeded.
- **Final Decision**: The participant describes a consistent rule or decision strategy they ultimately applied, which was to switch decks after drawing a certain number of cards. This shows a clear decision-making process, meriting a higher score.
- **Confidence**: The participant does not explicitly state their confidence level, but the detailed description of their strategy adjustment suggests some level of certainty about their approach. However, there is also an implied uncertainty in their strategy testing and adjustment, leading to a balanced scoring towards the middle and higher end."
77,Male,White,"High school degree or equivalent (e.g., GED)",10,5,47,1.611111111,low,high,1,0.46875,0.440860215,-0.00657844,0.998947544,0.603742262,-1.814871406,-1.978009664,,, ; ,0,0,0,0,0,Auto-scored due to empty or trivial reflection.
478,Male,White,"Bachelor's degree (e.g., BA, BS)",10,100,47,0,low,low,-3,0.7125,0,-1.051229427,-3.134480558,0.410197645,1.048848893,-0.992929302,No,No,No ; No,0,0,0,0,0,Auto-scored due to empty or trivial reflection.
191,Male,Black or African American,"Some college or university, no degree",5,i am not sure,47,0.277777778,low,low,1,0.5625,0.021315193,-0.235496423,-2.055932255,0.481989424,0.466238207,0.30712262,for the answers i thought i knew i just thought it out step by step,yes i did. i was quicker to change partners after seeing negative amounts,for the answers i thought i knew i just thought it out step by step ; yes i did. i was quicker to change partners after seeing negative amounts,2.5,2.9,3.1,3.1,2.3,"Comprehension: [0.0, 0.1, 0.4, 0.4, 0.1]  
Judgment: [0.0, 0.0, 0.3, 0.5, 0.2]  
Evaluation: [0.0, 0.0, 0.2, 0.5, 0.3]  
Final Decision: [0.0, 0.0, 0.2, 0.5, 0.3]  
Confidence: [0.0, 0.2, 0.4, 0.3, 0.1]  

Rationale:  
- **Comprehension**: The participant's reflection shows some understanding of the task as they mention a step-by-step approach and adjusting their strategy based on outcomes. However, the depth of understanding isn't fully clear, hence a higher probability for scores 2 and 3.
- **Judgment**: The participant indicates forming a plan (""thought it out step by step"") and adapting their strategy (""quicker to change partners""), suggesting some level of judgment used in decision-making. The probabilities lean towards a good understanding (score 3) with some possibility of being exemplary (score 4).
- **Evaluation**: The reflection includes an evaluation component as the participant mentions being ""quicker to change partners after seeing negative amounts,"" indicating they assessed the effectiveness of their choices. This suggests a good level of evaluation (score 3) with a chance of being exemplary (score 4).
- **Final Decision**: The participant describes a consistent decision strategy by changing tactics based on the outcomes they observed. This indicates a clear strategy application, meriting a higher score in the good to exemplary range.
- **Confidence**: The participant's confidence in their approach is implied rather than explicit. They mention a strategy change based on outcomes, which shows some level of confidence in their decision-making process, but there's also an element of uncertainty as they do not express outright confidence or doubt. This results in a higher probability for an adequate to good score."
133,Other,Black or African American,"Associate degree (e.g., AA, AS)",0.1,100,24,0,low,low,3,0.7125,0.029433963,-0.085377296,-0.27493223,0.490926521,2.258557541,0.498982284,"Not really, I just bounced between what seemed reliable.",No,"Not really, I just bounced between what seemed reliable. ; No",2,1.5,0.2,1.4,1.3,"Comprehension: [0.0, 0.3, 0.4, 0.3, 0.0]  
Judgment: [0.1, 0.4, 0.4, 0.1, 0.0]  
Evaluation: [0.8, 0.2, 0.0, 0.0, 0.0]  
Final Decision: [0.1, 0.5, 0.3, 0.1, 0.0]  
Confidence: [0.2, 0.4, 0.3, 0.1, 0.0]  

**Rationale:**

**Comprehension:** The participant's response indicates a basic understanding of the task as they mention bouncing between what seemed reliable, suggesting some grasp of the need to switch choices based on outcomes. However, the response lacks depth or explicit acknowledgment of task rules or goals, hence the higher probabilities for scores 1 and 2.

**Judgment:** The participant's strategy of switching between reliable options implies some level of planning or hypothesis formation, but it is not articulated clearly or in detail. This warrants a higher probability for a score of 1 or 2, indicating rudimentary to adequate judgment.

**Evaluation:** The participant does not reflect on whether their strategy was effective or why it might have been so. The response ""No"" to the question about switching strategies does not pertain directly to evaluation of effectiveness, leading to a high probability for a score of 0.

**Final Decision:** The participant mentions a consistent approach of bouncing between options that seemed reliable, but this strategy is not described in a detailed or sophisticated manner. This suggests a rudimentary to adequate final decision-making process, hence the higher probabilities for scores 1 and 2.

**Confidence:** The participant's brief and somewhat casual response (""Not really, I just bounced between what seemed reliable. ; No"") suggests some uncertainty or lack of strong conviction in their approach. This is reflected in the higher probabilities for lower scores, indicating minimal to adequate confidence."
194,Female,White,"High school degree or equivalent (e.g., GED)",0.1,5,47,1.833333333,low,high,1,0.65625,0.140390151,-0.07290281,0.414135926,0.497982563,1.341662854,0.550898192,I tried to take some risks but mostly stayed with my safer guesses.,"Sometimes, yes","I tried to take some risks but mostly stayed with my safer guesses. ; Sometimes, yes",2.1,2.8,1.5,3.1,1.7,"Comprehension: [0.0, 0.1, 0.7, 0.2, 0.0]  
Judgment: [0.0, 0.0, 0.3, 0.6, 0.1]  
Evaluation: [0.1, 0.4, 0.4, 0.1, 0.0]  
Final Decision: [0.0, 0.0, 0.2, 0.5, 0.3]  
Confidence: [0.1, 0.3, 0.4, 0.2, 0.0]  

**Rationale:**

**Comprehension:** The participant's reflection indicates a basic understanding of the task as they mention taking risks and sticking to safer guesses, suggesting they grasped the probabilistic nature of the task. However, the depth of understanding isn't fully clear, hence a higher probability for an ""Adequate"" score.

**Judgment:** The participant's strategy of balancing risk and safety implies some level of planning or hypothesis about how to act. The reflection shows a moderate level of judgment, leaning towards a ""Good"" score due to the implied strategic thinking.

**Evaluation:** The participant's reflection on strategy effectiveness is vague (""mostly stayed with my safer guesses""). They do not provide a clear reflection on why their strategy worked or didn't, which suggests a score between ""Rudimentary"" and ""Adequate.""

**Final Decision:** The participant indicates a consistent approach (""mostly stayed with my safer guesses""), but the reflection lacks detail on how this decision evolved or was applied consistently. This suggests a score between ""Adequate"" and ""Good.""

**Confidence:** The participant's confidence in their approach is not explicitly stated, and the brief response suggests some uncertainty. The probability distribution leans towards ""Adequate"" due to the lack of strong confidence or doubt expressed."
94,Female,White,"Some college or university, no degree",10,100,47,0,low,low,1,0.7,0.027661065,-0.177333011,-0.509117786,0.481406472,2.059388332,-0.173287328,"yes, I switched from the last to work to the next partner until I found one that would work again.",no,"yes, I switched from the last to work to the next partner until I found one that would work again. ; no",2,1.6,0.2,1.7,0.4,"Comprehension: [0.0, 0.3, 0.4, 0.3, 0.0]  
Judgment: [0.1, 0.4, 0.3, 0.2, 0.0]  
Evaluation: [0.8, 0.2, 0.0, 0.0, 0.0]  
Final Decision: [0.1, 0.3, 0.4, 0.2, 0.0]  
Confidence: [0.7, 0.2, 0.1, 0.0, 0.0]  

**Rationale:**

**Comprehension:** The participant's response suggests a basic understanding of the task as it involves switching strategies, indicating some grasp of the task's dynamic nature. However, the explanation lacks depth about the task's structure or goals, hence the higher probabilities for scores 1 and 2.

**Judgment:** The participant mentions switching strategies, which implies some form of planning or hypothesis testing. However, the details are minimal and not elaborated, leading to a higher probability for a score of 1, with some possibility for a score of 2.

**Evaluation:** The response shows almost no reflection on the effectiveness of the strategies used or reasons for their success or failure. The participant simply states a change in strategy without evaluating its impact, justifying a high probability for a score of 0.

**Final Decision:** The participant indicates a decision to switch strategies, but does not describe a consistent rule or decision strategy that was ultimately applied. The response suggests some decision-making but lacks clarity and consistency, leading to higher probabilities for scores 1 and 2.

**Confidence:** The participant's response shows significant uncertainty and lack of confidence in their approach, as indicated by the terse and unclear reflection. This justifies a high probability for a score of 0, with some chance for a score of 1."
70,Female,White,"Bachelor's degree (e.g., BA, BS)",5,5,47,1.111111111,low,low,-2,0.5375,0.052834467,-0.123432768,0.579746725,0.555660727,0.98212244,-1.701575207,no,no,no ; no,0,0,0,0,0,Auto-scored due to empty or trivial reflection.
459,Female,Black or African American,"Some college or university, no degree",5,5,47,0.111111111,low,low,1,0.575,0,-0.419783776,-1.356600119,0.4979716,0.942797045,0.426183065,"I stuck to the middle partner the most because he was giving me consistent results. I bounced around a bit when he fell off more than once, but I ultimately came back to the middle partner.",Not really. I just tried to stick with the middle partner as much as possible.,"I stuck to the middle partner the most because he was giving me consistent results. I bounced around a bit when he fell off more than once, but I ultimately came back to the middle partner. ; Not really. I just tried to stick with the middle partner as much as possible.",3,3.1,3,3.4,3.4,"Comprehension: [0.0, 0.0, 0.3, 0.4, 0.3]  
Judgment: [0.0, 0.0, 0.2, 0.5, 0.3]  
Evaluation: [0.0, 0.0, 0.3, 0.4, 0.3]  
Final Decision: [0.0, 0.0, 0.1, 0.4, 0.5]  
Confidence: [0.0, 0.0, 0.1, 0.4, 0.5]  

**Rationale:**

**Comprehension:** The participant shows a clear understanding of the task's structure and goal by focusing on the ""middle partner"" due to consistent results. The reflection indicates a grasp of the task rules, though not deeply detailed, hence the higher probabilities towards the upper end of the scale.

**Judgment:** The participant formed a basic plan to stick with the middle partner, which shows some level of strategic thinking. The reflection lacks a detailed hypothesis but shows a clear decision-making process, leading to a higher score in judgment.

**Evaluation:** The participant reflects on the strategy's effectiveness by noting the consistency of the middle partner and their decision to return to this choice after trying others. This shows a good level of self-evaluation, justifying higher scores in this dimension.

**Final Decision:** The participant describes a consistent rule or decision strategy by repeatedly choosing the middle partner, even after exploring other options. This indicates a strong adherence to a chosen strategy, meriting a higher score in the final decision.

**Confidence:** The participant's repeated choice and return to the middle partner, despite some deviations, suggest a level of confidence in this strategy. The reflection, however, does not explicitly express certainty, which is why the highest probabilities are not at the maximum."
170,Male,White,"Some college or university, no degree",5,5,47,0.055555556,low,low,0,0.54375,0,-1.021825976,-2.810251032,0.455417518,0.563965463,-0.537480129,If I got -50 several times in a row I would try a new choice.,No,If I got -50 several times in a row I would try a new choice. ; No,2.5,3.1,2.9,3.4,3.4,"Comprehension: [0.0, 0.1, 0.4, 0.4, 0.1]  
Judgment: [0.0, 0.0, 0.2, 0.5, 0.3]  
Evaluation: [0.0, 0.0, 0.3, 0.5, 0.2]  
Final Decision: [0.0, 0.0, 0.1, 0.4, 0.5]  
Confidence: [0.0, 0.0, 0.1, 0.4, 0.5]  

**Rationale:**

**Comprehension:** The participant shows a basic understanding of the task's rules by indicating a response to repeated negative outcomes (-50). The response suggests they grasped the need to switch choices based on outcomes, indicating more than rudimentary comprehension but not fully sophisticated insight. Hence, a higher probability is given to scores 2 and 3.

**Judgment:** The participant explicitly mentions a decision rule (switching choices after several negative outcomes), which reflects some planning and hypothesis formation. The clarity and directness of this strategy suggest good judgment, leaning towards scores 3 and 4.

**Evaluation:** The participant's strategy implies an evaluation process (recognizing repeated negative outcomes as a cue to change behavior), but lacks depth in explaining why this strategy might be effective beyond the immediate losses. Thus, scores 2, 3, and 4 are considered, with a higher likelihood for 3.

**Final Decision:** The participant clearly states a consistent decision rule they applied (""If I got -50 several times in a row I would try a new choice""), which is a direct and clear strategy. This suggests a strong final decision-making process, justifying higher scores in 3 and 4.

**Confidence:** The participant does not express explicit confidence or doubt about their strategy; however, the straightforward nature of their response and the lack of questioning or uncertainty in their strategy suggest a higher level of confidence. Thus, scores 3 and 4 are more probable."
369,Male,White,"Some college or university, no degree",5,5,47,0,low,low,-3,0.4,0.02,-0.073424816,1.003450132,0.630048458,-1.299067083,-1.833722312,"Yes, if a deck retarded a -50 value 3 out of 5 times, I'd test another one.",No.,"Yes, if a deck retarded a -50 value 3 out of 5 times, I'd test another one. ; No.",3,3.1,3,3.2,3.2,"Comprehension: [0.0, 0.0, 0.3, 0.4, 0.3]
Judgment: [0.0, 0.0, 0.2, 0.5, 0.3]
Evaluation: [0.0, 0.0, 0.3, 0.4, 0.3]
Final Decision: [0.0, 0.0, 0.2, 0.4, 0.4]
Confidence: [0.0, 0.0, 0.2, 0.4, 0.4]

Rationale:
- **Comprehension**: The participant shows an understanding of the task rules by recognizing the negative impact of choosing a deck with a high frequency of -50 values. The response indicates a grasp of the task's probabilistic nature and the goal of avoiding losses, hence the higher scores towards the upper end.
- **Judgment**: The participant's strategy to switch decks after observing consistent negative outcomes suggests a clear plan or hypothesis about how to act under certain conditions. This reflects a good level of judgment, warranting higher probabilities for scores 3 and 4.
- **Evaluation**: The participant reflects on the effectiveness of their strategy by implicitly suggesting that switching decks could potentially lead to better outcomes, indicating some level of strategy evaluation. This justifies a higher score in the good to exemplary range.
- **Final Decision**: The participant describes a consistent rule or decision strategy (switching decks after repeated negative outcomes), which shows a clear decision-making process. This supports higher scores in the good to exemplary range.
- **Confidence**: The participant's response, while brief, does not express doubt about their approach. The use of a semicolon followed by a definitive ""No."" suggests a level of certainty about not changing the strategy further, supporting higher scores in confidence."
24,Female,White,"Associate degree (e.g., AA, AS)",5,5,47,0.111111111,low,low,0,0.71875,0.08466199,0.030417221,-0.915414085,0.461105761,1.808706337,-0.275263602,switch as soon as I hit a negative,no,switch as soon as I hit a negative ; no,2.5,2.8,1.7,3.4,3.4,"Comprehension: [0.0, 0.1, 0.4, 0.4, 0.1]  
Judgment: [0.0, 0.0, 0.3, 0.6, 0.1]  
Evaluation: [0.1, 0.3, 0.4, 0.2, 0.0]  
Final Decision: [0.0, 0.0, 0.1, 0.4, 0.5]  
Confidence: [0.0, 0.0, 0.1, 0.4, 0.5]  

**Rationale:**

**Comprehension:** The participant's brief response indicates some understanding of the task's mechanics (switching upon a negative outcome), but lacks depth in explaining the task's structure or goals. The probability distribution reflects an adequate to good understanding, with some room for more detailed comprehension.

**Judgment:** The participant's strategy of switching immediately after a negative outcome suggests a clear plan or hypothesis about how to approach the task. The distribution leans towards a good score, acknowledging the presence of a strategic decision, though not elaborated in great detail.

**Evaluation:** The participant's reflection on the effectiveness of their strategy is minimal and implicit, indicated only by their continued use of the strategy without modification. The probabilities suggest an adequate level of reflection, with some uncertainty due to the brevity of the response.

**Final Decision:** The participant indicates a consistent rule or decision strategy (switching after a negative outcome) and sticks to it throughout the task, as implied by their brief ""no"" to changing strategies. The distribution is skewed towards a good to exemplary understanding, recognizing the clarity of the applied rule.

**Confidence:** The participant's confidence in their strategy is implied by the brevity and directness of their response, though not explicitly stated. The distribution suggests a moderate to high level of confidence, inferred from the lack of strategy change and the straightforward nature of the response."
472,Male,White,"Bachelor's degree (e.g., BA, BS)",5,5,47,0.166666667,low,low,0,0.68125,0,-0.052283005,-0.687470675,0.490701571,1.477271406,0.845225894,No.,No.,No. ; No.,0,0,0,0,0,Auto-scored due to empty or trivial reflection.
98,Male,White,"High school degree or equivalent (e.g., GED)",0.1,100,24,0.111111111,low,low,3,0.60625,0.031746032,-0.015771045,-0.495645911,0.448800342,1.804094503,0.043117873,no,no,no ; no,0,0,0,0,0,Auto-scored due to empty or trivial reflection.
441,Male,Asian,"Bachelor's degree (e.g., BA, BS)",5,5,47,0.444444444,low,low,-1,0.625,0.106331169,-0.313410898,-1.232739954,0.483383936,1.058064345,-0.379279057,I tried to find patterns.,"No, I continuously searched for patterns.","I tried to find patterns. ; No, I continuously searched for patterns.",3,3.1,1.5,3.4,3.4,"Comprehension: [0.0, 0.0, 0.3, 0.4, 0.3]  
Judgment: [0.0, 0.0, 0.2, 0.5, 0.3]  
Evaluation: [0.2, 0.3, 0.3, 0.2, 0.0]  
Final Decision: [0.0, 0.0, 0.1, 0.4, 0.5]  
Confidence: [0.0, 0.0, 0.1, 0.4, 0.5]  

**Rationale:**

**Comprehension:** The participant's statement indicates some understanding of the task as they recognized the need to search for patterns, which is central to a probabilistic reversal learning task. The response suggests a moderate to good grasp of the task's structure, hence the distribution leaning towards higher scores.

**Judgment:** The participant's strategy to ""find patterns"" implies a planned approach to the task, showing some level of judgment. The continuous search for patterns suggests an ongoing hypothesis testing, which is a higher level of cognitive engagement, thus the probability is skewed towards higher scores.

**Evaluation:** The reflection lacks a clear assessment of whether the strategy was effective, only stating what was done without reflecting on its success or reasons for outcomes. This suggests an adequate to rudimentary level of evaluation, leading to a balanced distribution across the lower and middle scores.

**Final Decision:** The participant's consistent approach (""continuously searched for patterns"") indicates a clear decision strategy was applied throughout the task. This consistency suggests a good to exemplary understanding and application of a decision rule, hence the higher scores.

**Confidence:** The participant does not explicitly express confidence, but the repeated affirmation of their strategy (""No, I continuously searched for patterns"") implies a certain level of confidence in their chosen approach. This is interpreted as moderate to high confidence, reflected in the higher probabilities for scores 3 and 4."
125,Male,White,"Bachelor's degree (e.g., BA, BS)",5,5,47,0.111111111,low,low,-2,0.525,0.019607843,-0.286120632,0.287633451,0.518958549,0.653624756,1.089393965,I gave a partner a second chance then moved on.,No i didn't really.,I gave a partner a second chance then moved on. ; No i didn't really.,2.1,1.6,1.3,1.7,1.7,"Comprehension: [0.0, 0.3, 0.4, 0.2, 0.1]  
Judgment: [0.1, 0.4, 0.3, 0.2, 0.0]  
Evaluation: [0.2, 0.4, 0.3, 0.1, 0.0]  
Final Decision: [0.1, 0.3, 0.4, 0.2, 0.0]  
Confidence: [0.1, 0.3, 0.4, 0.2, 0.0]  

**Rationale:**

**Comprehension:** The participant's reflection suggests a basic understanding of the task's structure, as they mention giving a ""second chance"" which implies some grasp of the task's probabilistic nature and the need for decision-making. However, the reflection lacks depth in explaining the rules or goals of the task, hence the higher probabilities for lower scores.

**Judgment:** The participant's strategy of giving a ""second chance"" indicates some form of planning or hypothesis about how to act, but the reflection is brief and lacks detail about why this strategy was chosen or its expected outcomes. This warrants a higher probability for a score of 1 or 2.

**Evaluation:** The participant does not provide a clear reflection on whether their strategy worked or why, which suggests a rudimentary level of evaluation. The reflection lacks depth in analyzing the effectiveness of the strategy, leading to higher probabilities for lower scores.

**Final Decision:** The participant mentions a specific action (""gave a partner a second chance then moved on""), which indicates some form of decision strategy. However, the lack of detail and rationale behind this decision leads to moderate probabilities across the middle of the scale.

**Confidence:** The participant's brief and somewhat ambiguous reflection (""No i didn't really"") on not changing strategies suggests uncertainty about their approach or understanding of the task. This warrants a distribution leaning towards lower scores, reflecting doubt and minimal expression of confidence."
248,Male,Other,"Some college or university, no degree",5,5,47,0,low,low,-2,0.55625,0,-0.607383431,-3.047063111,0.446785069,0.685305164,-1.569953546,skipped to another person if they got more than 2-3 -50's in a row,"nope, stuck with that one","skipped to another person if they got more than 2-3 -50's in a row ; nope, stuck with that one",2.5,3.1,3,3.4,3.3,"Comprehension: [0.0, 0.1, 0.4, 0.4, 0.1]
Judgment: [0.0, 0.0, 0.2, 0.5, 0.3]
Evaluation: [0.0, 0.0, 0.3, 0.4, 0.3]
Final Decision: [0.0, 0.0, 0.1, 0.4, 0.5]
Confidence: [0.0, 0.0, 0.2, 0.3, 0.5]

Rationale:
- **Comprehension**: The participant shows some understanding of the task as they mention a specific condition for switching choices, indicating they grasped the task's feedback mechanism. However, the response lacks depth in explaining the overall goal or structure of the task, hence a higher probability for a score of 2 and 3.
- **Judgment**: The participant clearly states a decision rule based on the outcomes they experienced, which shows a planned approach. The clarity and specificity of the rule suggest a good level of judgment, leaning towards higher scores.
- **Evaluation**: The participant reflects on the effectiveness of their strategy by implicitly suggesting it was their consistent approach throughout the task. They do not explicitly state the outcomes of this strategy, but the implication is there, warranting a higher score but not the highest due to lack of detailed analysis.
- **Final Decision**: The participant indicates a clear and consistent decision strategy (""stuck with that one""), which shows a strong final decision-making process. The response, while brief, is decisive, justifying higher scores.
- **Confidence**: The participant's brief response shows some level of confidence, particularly in sticking with their strategy despite negative outcomes. The lack of doubt or reconsideration in their tone suggests a higher confidence score, but not the highest due to the brevity of the explanation."
9,Male,Black or African American,"Associate degree (e.g., AA, AS)",0.05,5,47,1.222222222,high,low,2,0.58125,0.081051717,-0.183403018,0.027461502,0.456568626,2.281069323,-0.800922042,"I stayed on one partner until that partner gave a negative score, then I switched.",No,"I stayed on one partner until that partner gave a negative score, then I switched. ; No",3,3.1,1.7,3.8,3.4,"Comprehension: [0.0, 0.0, 0.3, 0.4, 0.3]  
Judgment: [0.0, 0.0, 0.2, 0.5, 0.3]  
Evaluation: [0.1, 0.3, 0.4, 0.2, 0.0]  
Final Decision: [0.0, 0.0, 0.0, 0.2, 0.8]  
Confidence: [0.0, 0.0, 0.1, 0.4, 0.5]  

Rationale:
- **Comprehension**: The participant shows a basic understanding of the task's mechanics by describing a strategy of staying with one option until it fails. The response indicates a grasp of the task's probabilistic nature and the need for strategy, scoring higher in comprehension.
- **Judgment**: The participant's strategy formulation (""stayed on one partner until that partner gave a negative score"") shows a planned approach, suggesting a clear judgment about how to proceed based on the outcomes received. This indicates a good level of judgment, though not fully sophisticated or detailed.
- **Evaluation**: The participant does not explicitly reflect on the effectiveness of their strategy beyond the immediate reaction to switch after a negative score. There's some evaluation implied but not deeply analyzed or critiqued.
- **Final Decision**: The participant clearly states a consistent rule they applied throughout the task (""stayed on one partner until that partner gave a negative score""), which shows a strong adherence to a chosen strategy, justifying a high score in this dimension.
- **Confidence**: The participant does not express explicit confidence or doubt about their strategy. However, the straightforward statement of their approach suggests a level of confidence in their decision-making process, meriting a higher score in this dimension."
61,Female,White,"Master's degree (e.g., MA, MS, MEd)",5,5,47,0,low,low,-2,0.6125,0.011363637,-0.161343506,-0.390092387,0.401383871,2.414975609,-1.215984034,No particular strategies,Only switched when one seemed to offer a negative effect,No particular strategies ; Only switched when one seemed to offer a negative effect,2.1,1.9,2,1.8,1.5,"Comprehension: [0.0, 0.1, 0.7, 0.2, 0.0]  
Judgment: [0.0, 0.3, 0.5, 0.2, 0.0]  
Evaluation: [0.0, 0.2, 0.6, 0.2, 0.0]  
Final Decision: [0.0, 0.4, 0.4, 0.2, 0.0]  
Confidence: [0.1, 0.4, 0.4, 0.1, 0.0]  

**Rationale:**

**Comprehension:** The participant's reflection suggests a basic understanding of the task's feedback mechanism (""only switched when one seemed to offer a negative effect""), indicating some grasp of the task structure. However, the lack of detail about the task rules or goals limits the score to a higher probability of 2 (Adequate).

**Judgment:** The participant's statement about switching strategies based on negative effects implies some form of hypothesis or plan formation, albeit simplistic and reactive rather than proactive. This warrants a higher probability of scoring a 2 (Adequate), with some possibility of a 1 (Rudimentary) due to the minimal detail provided.

**Evaluation:** The reflection includes a basic evaluation (""only switched when one seemed to offer a negative effect""), indicating that the participant did reflect on the effectiveness of their actions to some extent. This supports a higher probability of scoring a 2 (Adequate), with a slight chance for a 3 (Good) if interpreted as a thoughtful, albeit brief, strategy assessment.

**Final Decision:** The participant mentions a decision strategy of switching based on negative outcomes, which is a consistent rule but not elaborated upon. This suggests a balance between scores 1 (Rudimentary) and 2 (Adequate), with a slight possibility for a 3 (Good) if the simplicity of the strategy is seen as a deliberate choice.

**Confidence:** The participant does not explicitly express confidence or doubt about their approach, leading to uncertainty in this dimension. The reflection hints at some level of confidence in their reactive strategy, but it's not strongly articulated, suggesting a higher probability for scores 1 (Rudimentary) and 2 (Adequate)."
403,Female,Black or African American,"Master's degree (e.g., MA, MS, MEd)",10,100,24,2.277777778,high,high,2,0.50625,0.257495164,-0.036994452,0.794197014,0.496764996,0.720532312,-2.189055969,none,none,none ; none,0,0,0,0,0,"Comprehension: [1.0, 0.0, 0.0, 0.0, 0.0]  
Judgment: [1.0, 0.0, 0.0, 0.0, 0.0]  
Evaluation: [1.0, 0.0, 0.0, 0.0, 0.0]  
Final Decision: [1.0, 0.0, 0.0, 0.0, 0.0]  
Confidence: [1.0, 0.0, 0.0, 0.0, 0.0]  

Rationale: The participant's response ""none ; none"" indicates a complete absence of reflection or insight into any of the dimensions outlined in the Metacognitive Prompting framework. There is no evidence of understanding the task rules, forming a hypothesis, evaluating a strategy, deciding on a consistent rule, or expressing any level of confidence about their approach. Therefore, each dimension is scored with a probability of 1.0 for a rating of 0 (Absent), as there is no information provided that pertains to any of the required metacognitive dimensions."
371,Female,White,"Bachelor's degree (e.g., BA, BS)",5,5,47,0,low,low,-3,0.63125,0,-0.114308075,-1.683346163,0.427853751,1.777557641,0.210628477,tried to find the deck with a positive value and stay with it until it changed,no,tried to find the deck with a positive value and stay with it until it changed ; no,3.1,3.4,1.5,3.7,3.4,"Comprehension: [0.0, 0.0, 0.2, 0.5, 0.3]  
Judgment: [0.0, 0.0, 0.1, 0.4, 0.5]  
Evaluation: [0.2, 0.3, 0.3, 0.2, 0.0]  
Final Decision: [0.0, 0.0, 0.0, 0.3, 0.7]  
Confidence: [0.0, 0.0, 0.1, 0.4, 0.5]  

**Rationale:**

**Comprehension:** The participant shows a basic understanding of the task's goal (finding and sticking with a positive deck), indicating some comprehension. The response is not detailed but shows a grasp of the task's structure. The probabilities reflect a good but not exemplary understanding.

**Judgment:** The participant's strategy of sticking with a deck until it changes shows a clear plan or hypothesis about how to approach the task. The response suggests a thoughtful decision-making process, leaning towards a higher score.

**Evaluation:** The participant does not explicitly reflect on the effectiveness of their strategy beyond a simple ""no"" when asked if they switched strategies. This suggests minimal evaluation of the strategy's success or failure, hence the moderate scores.

**Final Decision:** The participant clearly states their decision strategy (staying with a positive deck until it changes) and indicates they did not switch strategies. This shows a consistent rule was applied, deserving a higher score.

**Confidence:** The participant's brief response does not explicitly convey confidence, but the decisiveness in sticking to a single strategy and not switching suggests some level of confidence in their chosen approach. The probabilities reflect moderate to high confidence."
329,Male,White,"Master's degree (e.g., MA, MS, MEd)",10,100,24,0.722222222,low,high,0,0.39375,0.545874822,0.004800137,1.002822246,0.603468073,-1.887781405,-1.992674196,Nope,Nope,Nope ; Nope,0.1,0.1,0.1,0.1,0.1,"Comprehension: [0.9, 0.1, 0.0, 0.0, 0.0]  
Judgment: [0.9, 0.1, 0.0, 0.0, 0.0]  
Evaluation: [0.9, 0.1, 0.0, 0.0, 0.0]  
Final Decision: [0.9, 0.1, 0.0, 0.0, 0.0]  
Confidence: [0.9, 0.1, 0.0, 0.0, 0.0]  

**Rationale:**  
The participant's response ""Nope ; Nope"" provides almost no information about their understanding of the task, their judgment, evaluation of their strategy, the final decision strategy they applied, or their confidence in their approach. The response is extremely minimal and lacks any substantive content that could be evaluated across the five dimensions of the Metacognitive Prompting framework. Therefore, the probabilities are heavily weighted towards a score of 0 (Absent) for each dimension, with a slight possibility (0.1) for a score of 1 (Rudimentary) to account for any potential, albeit unlikely, implicit understanding or reflection not explicitly stated in the response."
265,Male,Other,"Associate degree (e.g., AA, AS)",0.9,5,24,1.388888889,low,high,-2,0.63125,0.195288754,-0.324449441,-0.7995141,0.484081627,1.817661721,-1.209000606,,"No, pver time the person that had the most points would change gradually throughout the game."," ; No, pver time the person that had the most points would change gradually throughout the game.",3.4,1.1,1,1.6,1.7,"Comprehension: [0.0, 0.0, 0.1, 0.4, 0.5]  
Judgment: [0.3, 0.4, 0.2, 0.1, 0.0]  
Evaluation: [0.4, 0.3, 0.2, 0.1, 0.0]  
Final Decision: [0.2, 0.3, 0.3, 0.1, 0.1]  
Confidence: [0.1, 0.3, 0.4, 0.2, 0.0]  

Rationale:
- **Comprehension**: The participant seems to have a basic understanding of the task dynamics, as indicated by their recognition that the leader in points changed over time. This suggests some grasp of the task's probabilistic nature and the shifting advantages, warranting a higher probability towards scores 3 and 4.
- **Judgment**: The reflection lacks a clear description of a specific strategy or hypothesis about how to approach the task, leading to higher probabilities for lower scores. The participant does not explicitly mention forming a plan or hypothesis.
- **Evaluation**: The participant's statement implies a minimal reflection on the task's outcome (""the person that had the most points would change""), but does not delve into evaluating the effectiveness of their strategy or decisions, thus higher probabilities are assigned to lower scores.
- **Final Decision**: The participant does not clearly articulate a consistent decision strategy used throughout the task. The reflection suggests some awareness but lacks detail, leading to a balanced distribution across the middle scores.
- **Confidence**: The participant's statement shows some level of uncertainty and lack of confidence in understanding or controlling the task outcomes, as they only describe an observation rather than a confident assertion or strategy, leading to higher probabilities in the lower and middle scores."
437,Male,Black or African American,"Associate degree (e.g., AA, AS)",10,10,24,0.833333333,low,low,1,0.46875,0.659574468,0.003287867,0.992132024,0.609823606,-1.691689197,-1.975357703,none was needed specificallt,Can not recall,none was needed specificallt ; Can not recall,0.3,0.3,0.3,0.3,0.3,"Comprehension: [0.8, 0.1, 0.1, 0.0, 0.0]  
Judgment: [0.8, 0.1, 0.1, 0.0, 0.0]  
Evaluation: [0.8, 0.1, 0.1, 0.0, 0.0]  
Final Decision: [0.8, 0.1, 0.1, 0.0, 0.0]  
Confidence: [0.8, 0.1, 0.1, 0.0, 0.0]  

Rationale: The participant's reflection, ""none was needed specifically; Can not recall,"" provides minimal insight into their understanding or approach to the task. This response suggests a lack of engagement or recall regarding the task, which affects all dimensions negatively.

- **Comprehension**: The statement implies a lack of engagement or memory of the task rules or structure, leading to a high probability of a low score.
- **Judgment**: There is no evidence of forming any hypothesis or plan, as the participant states no strategy was specifically needed.
- **Evaluation**: The participant does not reflect on the effectiveness of a strategy or its outcomes, indicating a lack of evaluation.
- **Final Decision**: There is no description of any consistent rule or decision strategy applied, as the participant does not recall using any strategy.
- **Confidence**: The participant expresses uncertainty and lack of recall, which suggests low confidence in their approach or understanding of the task.

Overall, the reflection lacks depth, engagement, and metacognitive insight across all dimensions, justifying the high probabilities for low scores."
287,Male,White,"Some college or university, no degree",5,5,47,0,low,low,-3,0.5375,0,-0.713000705,-2.934671544,0.465398734,0.117455041,-1.216426305,I tried to stay with my original choice in each section until they proved to be unreliable,no,I tried to stay with my original choice in each section until they proved to be unreliable ; no,2.5,3.1,1.7,3.4,2.3,"Comprehension: [0.0, 0.1, 0.4, 0.4, 0.1]  
Judgment: [0.0, 0.0, 0.2, 0.5, 0.3]  
Evaluation: [0.1, 0.3, 0.4, 0.2, 0.0]  
Final Decision: [0.0, 0.0, 0.1, 0.4, 0.5]  
Confidence: [0.0, 0.2, 0.4, 0.3, 0.1]  

Rationale:
- **Comprehension**: The participant shows some understanding of the task by sticking to an initial choice until it fails, indicating they grasped the task's trial-and-error nature. However, the depth of understanding the overall structure or goal isn't fully articulated, hence the spread leaning towards ""Adequate"" and ""Good"".
- **Judgment**: The participant's strategy formulation is evident as they decided to stick with an initial choice until proven otherwise. This shows a clear plan of action, thus scoring higher in this dimension.
- **Evaluation**: The participant briefly reflects on the strategy's effectiveness by noting the switch when the choice became ""unreliable."" This shows some evaluation but lacks depth about why the strategy worked or didn't, hence a peak at ""Adequate.""
- **Final Decision**: The participant describes a consistent rule they applied (sticking with the initial choice until failure), which is a clear decision strategy. The response leans towards ""Good"" and ""Exemplary"" as it shows a rational and minimal strategy change.
- **Confidence**: The participant's confidence in their strategy is not explicitly stated, and the terse response suggests some uncertainty or lack of reflection on their confidence level. The distribution suggests uncertainty, peaking at ""Adequate."""
51,Male,White,"High school degree or equivalent (e.g., GED)",10,5,47,0,low,low,0,0.6125,0,-0.054086551,-1.141254835,0.489037021,1.181999459,0.634932185,keep going with one until it yielded more than 2 -50 results in a row then switch,"yes, at first i just wanted to go with the black shirt but then switched to the aforementioned strategy","keep going with one until it yielded more than 2 -50 results in a row then switch ; yes, at first i just wanted to go with the black shirt but then switched to the aforementioned strategy",2.5,3.1,2.9,3.4,2,"Comprehension: [0.0, 0.1, 0.4, 0.4, 0.1]  
Judgment: [0.0, 0.0, 0.2, 0.5, 0.3]  
Evaluation: [0.0, 0.0, 0.3, 0.5, 0.2]  
Final Decision: [0.0, 0.0, 0.1, 0.4, 0.5]  
Confidence: [0.1, 0.2, 0.4, 0.2, 0.1]  

**Rationale:**

**Comprehension:** The participant shows a basic understanding of the task rules by describing a specific condition for switching strategies. The mention of ""-50 results"" suggests an understanding of the task's feedback mechanism, though it's not entirely clear. The response indicates more than rudimentary comprehension but lacks depth for a higher score.

**Judgment:** The participant clearly formed a hypothesis about how to act, initially choosing to stick with one option and later adjusting to a more systematic approach based on the outcomes. This shows a progression in their planning, meriting a score leaning towards 'Good'.

**Evaluation:** The participant reflects on the effectiveness of their initial strategy and why they switched, indicating some evaluation. However, the depth of this reflection is not fully developed, suggesting a score between 'Adequate' and 'Good'.

**Final Decision:** The participant describes a consistent rule they applied after switching strategies, which shows a clear decision-making process. The explanation is somewhat detailed, suggesting a higher score in this dimension.

**Confidence:** The participant's confidence in their approach is implied but not explicitly stated. They mention a switch in strategy, which might indicate some doubt about the initial approach. The response suggests moderate confidence, warranting a score around 'Adequate'."
84,Male,White,"Bachelor's degree (e.g., BA, BS)",5,5,47,0.055555556,low,low,-1,0.6375,0.022222222,-0.029181493,-2.452950083,0.454697987,1.079406464,-0.349987496,No.,No.,No. ; No.,0,0,0,0,0,Auto-scored due to empty or trivial reflection.
314,Female,White,"Some college or university, no degree",10,100,24,0.833333333,low,low,0,0.65625,0,-0.085831048,0.261844854,0.416331524,3.04629007,-1.460643612,no,no,no ; no,0,0,0,0,0,Auto-scored due to empty or trivial reflection.
155,Male,White,"Bachelor's degree (e.g., BA, BS)",5,5,47,0.111111111,low,low,2,0.3875,0.048780488,-0.027043712,1.006566946,0.621049307,-1.46868206,-1.93513703,Gambling strategies,I know programming. I know the optimal strategy.,Gambling strategies ; I know programming. I know the optimal strategy.,2.5,1.7,0.2,3.4,3.5,"Comprehension: [0.0, 0.1, 0.4, 0.4, 0.1]  
Judgment: [0.1, 0.3, 0.4, 0.2, 0.0]  
Evaluation: [0.8, 0.2, 0.0, 0.0, 0.0]  
Final Decision: [0.0, 0.0, 0.1, 0.4, 0.5]  
Confidence: [0.0, 0.0, 0.1, 0.3, 0.6]  

**Rationale:**

**Comprehension:** The participant mentions knowing the ""optimal strategy,"" which suggests some understanding of the task's structure or goal. However, the statement is vague and lacks detail about the specific comprehension of the task rules. The probabilities reflect a moderate understanding but not in-depth.

**Judgment:** The participant's mention of ""gambling strategies"" and knowledge of programming implies some form of hypothesis or plan about how to act. However, the reflection lacks detail on how these strategies were applied or adapted to the task, leading to a higher probability for an ""Adequate"" score.

**Evaluation:** The participant does not reflect on whether their strategy worked or why, leading to a high probability for an ""Absent"" score. There is no mention of assessing the outcomes or reasoning behind the strategy's effectiveness.

**Final Decision:** The statement about knowing the ""optimal strategy"" suggests a consistent rule or decision strategy might have been applied. However, the lack of explicit detail on what this strategy entails or how it was consistently applied throughout the task leads to a higher score in the ""Good"" range, with some probability for ""Exemplary"" due to the implied confidence in their approach.

**Confidence:** The participant expresses a high level of confidence by stating they know the ""optimal strategy."" This suggests a strong belief in their understanding and approach, warranting a higher probability for a ""Good"" to ""Exemplary"" score in this dimension."
332,Male,Black or African American,"Bachelor's degree (e.g., BA, BS)",10,100,24,2.333333333,high,high,-2,0.35625,0.912123386,0.008770483,0.997443912,0.601785336,-1.85810541,-1.993628798,nothing,no,nothing ; no,0.1,0.1,0.1,0.1,0.1,"Comprehension: [0.9, 0.1, 0.0, 0.0, 0.0]  
Judgment: [0.9, 0.1, 0.0, 0.0, 0.0]  
Evaluation: [0.9, 0.1, 0.0, 0.0, 0.0]  
Final Decision: [0.9, 0.1, 0.0, 0.0, 0.0]  
Confidence: [0.9, 0.1, 0.0, 0.0, 0.0]  

**Rationale:**  
The participant's response ""nothing ; no"" provides extremely minimal information and does not explicitly address any of the dimensions outlined in the Metacognitive Prompting (MP) framework. 

- **Comprehension:** The response suggests a lack of engagement or understanding of the task, as indicated by ""nothing."" This implies an absence of comprehension regarding the task rules, structure, or goal.
- **Judgment:** There is no evidence of forming any hypothesis or plan about how to act, as the participant simply states ""nothing.""
- **Evaluation:** The participant does not reflect on whether any strategy worked or why, as they indicate no strategy was used.
- **Final Decision:** The response does not describe any consistent rule or decision strategy applied during the task.
- **Confidence:** The brevity and nature of the response suggest a lack of confidence or perhaps indifference, but it does not explicitly express certainty or doubt about their approach or understanding.

Given the extremely brief and non-informative nature of the response, high probabilities are assigned to a score of 0 across all dimensions, with a slight possibility (0.1) of a score of 1, acknowledging the minimal chance that the participant might have understood but chose not to engage or elaborate."
445,Female,White,"Some college or university, no degree",10,100,24,0.277777778,low,low,2,0.5375,0.240485383,-0.003503951,0.967204885,0.62983691,-1.222289283,-1.909427298,"I began by choosing each classmate once, to try to get a better idea of who was more trustworthy. When a classmate ended up failing to help me, I would see if there was a pattern (i.e., when suddenly the blue classmate began not helping, I sometimes noticed that the black classmate began to help).","To some extent, but only when I noticed patterns (for example, if I noticed that one classmate seemed to help consecutively in groupings of 4-5 decisions, I would try switching to the other classmate who seemed to help when the other did not (i.e., on the 5th or 6th decision).","I began by choosing each classmate once, to try to get a better idea of who was more trustworthy. When a classmate ended up failing to help me, I would see if there was a pattern (i.e., when suddenly the blue classmate began not helping, I sometimes noticed that the black classmate began to help). ; To some extent, but only when I noticed patterns (for example, if I noticed that one classmate seemed to help consecutively in groupings of 4-5 decisions, I would try switching to the other classmate who seemed to help when the other did not (i.e., on the 5th or 6th decision).",3.4,3.5,3.3,3.4,3,"Comprehension: [0.0, 0.0, 0.1, 0.4, 0.5]  
Judgment: [0.0, 0.0, 0.1, 0.3, 0.6]  
Evaluation: [0.0, 0.0, 0.2, 0.3, 0.5]  
Final Decision: [0.0, 0.0, 0.1, 0.4, 0.5]  
Confidence: [0.0, 0.1, 0.2, 0.3, 0.4]  

**Rationale:**

**Comprehension:** The participant clearly understood the task rules and structure, as evidenced by their methodical approach to testing each classmate and observing patterns. The reflection shows a sophisticated understanding of the task's probabilistic nature, hence the high probability for scores 3 and 4.

**Judgment:** The participant formed hypotheses about classmates' trustworthiness based on observed patterns, indicating a strategic approach to decision-making. The reflection shows thoughtful planning and hypothesis testing, justifying higher scores in this dimension.

**Evaluation:** The participant reflected on the effectiveness of their strategy by observing and reacting to patterns in classmates' behavior. This indicates a good level of self-assessment and understanding of strategy outcomes, supporting higher scores.

**Final Decision:** The participant described a consistent rule or decision strategy by switching based on observed patterns of help from classmates. This shows a clear and consistent decision-making process, meriting a higher score.

**Confidence:** The participant expressed some level of certainty in their approach by sticking to a pattern-based strategy, but also showed some doubt by only sometimes noticing patterns and adjusting accordingly. This mixed expression justifies a balanced distribution across the middle scores."
456,Female,Black or African American,"Doctorate or professional degree  (e.g., PhD, MD, JD)",0.1,100,24,2.5,high,high,2,0.38125,0.664285714,0.00199926,1.000076753,0.602227837,-1.92288067,-1.995654515,NO,YES,NO ; YES,0,0,0,0,0,Auto-scored due to empty or trivial reflection.
282,Male,White,"Bachelor's degree (e.g., BA, BS)",0.1,10,24,1,low,low,-2,0.5875,0.198752229,-0.00907272,0.656716489,0.476760676,1.681773219,0.717603874,no,no,no ; no,0,0,0,0,0,Auto-scored due to empty or trivial reflection.
453,Male,White,"Bachelor's degree (e.g., BA, BS)",10,100,47,0.611111111,low,low,-2,0.575,0.092353525,-0.037632585,-0.463261427,0.474715297,2.118787206,-0.379859303,I stuck with people who never did me wrong much,no,I stuck with people who never did me wrong much ; no,0.2,0.2,0.1,0.3,0.3,"Comprehension: [0.8, 0.2, 0.0, 0.0, 0.0]  
Judgment: [0.8, 0.2, 0.0, 0.0, 0.0]  
Evaluation: [0.9, 0.1, 0.0, 0.0, 0.0]  
Final Decision: [0.7, 0.3, 0.0, 0.0, 0.0]  
Confidence: [0.7, 0.3, 0.0, 0.0, 0.0]  

Rationale: The participant's reflection is extremely brief and lacks clarity and relevance to the task described. It does not provide any insight into their understanding of the task rules, structure, or goals, leading to a high probability of scoring low in the Comprehension dimension. Similarly, there is no evident hypothesis or plan formation, nor any reflection on the strategy's effectiveness, which results in low scores in the Judgment and Evaluation dimensions. The phrase used does not clearly describe a decision strategy related to the task, thus scoring low in the Final Decision dimension. Lastly, the participant does not express any clear confidence or doubt about their approach, resulting in a low score in the Confidence dimension. The probabilities reflect a strong likelihood of minimal to no metacognitive insight across all dimensions."
91,Female,White,"High school degree or equivalent (e.g., GED)",10,25,47,0.111111111,low,low,1,0.60625,0.159663866,-0.272415029,-0.922604472,0.45020557,1.052757062,-0.388006622,no.,no.,no. ; no.,0,0,0,0,0,Auto-scored due to empty or trivial reflection.
14,Female,White,"Master's degree (e.g., MA, MS, MEd)",10,5,47,0.055555556,low,low,-3,0.60625,0.038505969,-0.453021932,-2.612372059,0.463627338,0.610243158,-0.670752768,I tried to see if there was a pattern. I also wouldn't go beyond 3 loses with one person before moving on.,"No, not really. I stuck pretty much with the same strategy.","I tried to see if there was a pattern. I also wouldn't go beyond 3 loses with one person before moving on. ; No, not really. I stuck pretty much with the same strategy.",3,3.1,2.5,3.5,3.4,"Comprehension: [0.0, 0.0, 0.3, 0.4, 0.3]  
Judgment: [0.0, 0.0, 0.2, 0.5, 0.3]  
Evaluation: [0.0, 0.1, 0.4, 0.4, 0.1]  
Final Decision: [0.0, 0.0, 0.1, 0.3, 0.6]  
Confidence: [0.0, 0.0, 0.1, 0.4, 0.5]  

Rationale:
- **Comprehension**: The participant shows a basic understanding of the task by recognizing the need to identify a pattern and setting a rule for switching after three losses. This indicates more than rudimentary comprehension but lacks detailed insight into the full structure or goal of the task.
- **Judgment**: The participant formed a clear plan (not switching before three losses), which shows a good level of judgment. The clarity and specificity of the plan suggest a higher score.
- **Evaluation**: The participant reflects minimally on the effectiveness of their strategy by sticking to it, implying some level of evaluation but not a deep analysis of why it worked or didn't.
- **Final Decision**: The participant clearly states that they adhered to their initial strategy throughout, indicating a strong final decision-making process.
- **Confidence**: The participant's statement of sticking with the same strategy throughout the task and not really switching indicates a high level of confidence in their chosen approach."
228,Male,Black or African American,"Bachelor's degree (e.g., BA, BS)",I am not sure,I am not sure,I am not sure,2.611111111,high,high,2,0.55,0.060216781,-0.108476579,0.320356452,0.426201121,2.683656747,-1.684055399,no,no,no ; no,0,0,0,0,0,Auto-scored due to empty or trivial reflection.
423,Male,White,"Bachelor's degree (e.g., BA, BS)",10,100,24,3.277777778,high,high,2,0.4875,0.52724359,-0.001900538,0.995269236,0.605284526,-1.822235045,-1.98768559,no,to follow the instruction,no ; to follow the instruction,1.1,0.1,0.1,0.1,1.1,"Comprehension: [0.0, 0.9, 0.1, 0.0, 0.0]  
Judgment: [0.9, 0.1, 0.0, 0.0, 0.0]  
Evaluation: [0.9, 0.1, 0.0, 0.0, 0.0]  
Final Decision: [0.9, 0.1, 0.0, 0.0, 0.0]  
Confidence: [0.0, 0.9, 0.1, 0.0, 0.0]  

**Rationale:**
- **Comprehension:** The participant's response ""no ; to follow the instruction"" suggests a rudimentary understanding of the task rules, as they indicate following instructions but do not elaborate on their understanding of the task's structure or goal. This warrants a high probability for a score of 1.
- **Judgment:** The response lacks any indication of forming a hypothesis or plan about how to act, beyond a basic acknowledgment of following instructions. This suggests a high probability for a score of 0.
- **Evaluation:** There is no reflection on whether the strategy worked or why, which suggests a high probability for a score of 0.
- **Final Decision:** The participant does not describe any consistent rule or decision strategy they ultimately applied, other than a vague reference to following instructions. This suggests a high probability for a score of 0.
- **Confidence:** The participant's brief response does not explicitly express certainty or doubt about their approach or understanding, but the terse nature of the reply might imply some level of uncertainty or minimal engagement, leading to a high probability for a score of 1."
122,Male,White,"Bachelor's degree (e.g., BA, BS)",0.9,5,47,0,low,low,-3,0.65,0,-0.333302035,-0.354064418,0.439126619,2.464119975,-1.261013903,no,no,no ; no,0,0,0,0,0,Auto-scored due to empty or trivial reflection.
196,Male,White,"High school degree or equivalent (e.g., GED)",10,5,24,0,low,low,-3,0.575,0.496075354,0.025776158,0.631983107,0.589245811,-0.032819477,-1.140384498,i looked for patterns,no,i looked for patterns ; no,1.3,2.2,0.1,4,4,"Comprehension: [0.0, 0.7, 0.3, 0.0, 0.0]  
Judgment: [0.0, 0.0, 0.8, 0.2, 0.0]  
Evaluation: [0.9, 0.1, 0.0, 0.0, 0.0]  
Final Decision: [0.0, 0.0, 0.0, 0.0, 1.0]  
Confidence: [0.0, 0.0, 0.0, 0.0, 1.0]  

Rationale:  
- **Comprehension**: The participant's brief mention of looking for patterns suggests a rudimentary understanding of the task's nature, which involves pattern recognition. However, the lack of detail or explicit mention of task rules or goals limits the score to a mix of rudimentary and adequate comprehension.
- **Judgment**: The statement ""i looked for patterns"" indicates a basic strategy or hypothesis about how to approach the task, scoring predominantly in the adequate range. The lack of further elaboration prevents a higher score.
- **Evaluation**: The participant's reflection does not include any assessment of whether the strategy was effective or why it might have worked or failed, leading to a high probability of an absent score in this dimension.
- **Final Decision**: The participant's concise ""no"" in response to whether they switched strategies suggests a very clear and definitive decision about sticking to their initial strategy, warranting an exemplary score.
- **Confidence**: The brevity and decisiveness of the response ""no"" when asked about changing strategies also reflect a high level of confidence in their chosen approach, justifying an exemplary score in this dimension."
364,Male,White,"High school degree or equivalent (e.g., GED)",5,5,47,1.111111111,low,high,-1,0.5875,0,-0.088478619,-0.793177935,0.364750205,2.583275458,0.480913277,"I clicked on a deck until it stopped paying points, then I clicked on another deck.","No, I stuck with my strategy.","I clicked on a deck until it stopped paying points, then I clicked on another deck. ; No, I stuck with my strategy.",2.1,2.8,1.5,3.6,3.5,"Comprehension: [0.0, 0.1, 0.7, 0.2, 0.0]  
Judgment: [0.0, 0.0, 0.3, 0.6, 0.1]  
Evaluation: [0.1, 0.4, 0.4, 0.1, 0.0]  
Final Decision: [0.0, 0.0, 0.1, 0.2, 0.7]  
Confidence: [0.0, 0.0, 0.1, 0.3, 0.6]  

**Rationale:**

**Comprehension:**  
The participant shows an understanding of the task's basic mechanics (switching decks when one stops rewarding), but there's no deep insight into the structure or rules beyond the immediate gameplay. The response suggests adequate comprehension with some clarity, hence a higher probability for a score of 2.

**Judgment:**  
The participant describes a simple strategy based on the outcomes of their actions (switching decks when not rewarded), indicating some level of planning or hypothesis formation. The strategy is somewhat clear but lacks depth, suggesting a good score, with a slight possibility of being exemplary due to the straightforward nature of the task.

**Evaluation:**  
The participant's reflection on the effectiveness of their strategy is minimal. They indicate sticking with their strategy without discussing its success or reasons for its effectiveness in depth. This warrants a score leaning towards adequate, with some rudimentary understanding.

**Final Decision:**  
The participant clearly states that they did not switch strategies, indicating a strong adherence to a consistent rule or decision strategy. This response shows a high level of certainty in their final decision-making process, deserving a high score.

**Confidence:**  
The participant's brief statement about sticking with their strategy implies a level of confidence in their approach, although it's not elaborated upon deeply. The confidence is apparent but not discussed in detail, suggesting a score leaning towards good, with a possibility of being exemplary."
147,Female,Black or African American,"Master's degree (e.g., MA, MS, MEd)",10,100,24,1.888888889,low,high,-1,0.475,0.070465687,-0.039586378,-1.506455321,0.4831359,1.12254657,0.132895775,I stuck to the one that won more.,no.,I stuck to the one that won more. ; no.,2.5,2.8,1.4,3.4,1.7,"Comprehension: [0.0, 0.1, 0.4, 0.4, 0.1]  
Judgment: [0.0, 0.0, 0.3, 0.6, 0.1]  
Evaluation: [0.2, 0.3, 0.4, 0.1, 0.0]  
Final Decision: [0.0, 0.0, 0.1, 0.4, 0.5]  
Confidence: [0.1, 0.3, 0.4, 0.2, 0.0]  

Rationale:  
- **Comprehension**: The participant's brief response suggests a basic understanding of the task's goal (to win more), but lacks depth or explicit acknowledgment of task rules or structure. The probability distribution reflects a moderate understanding with some uncertainty about the depth of comprehension.
- **Judgment**: The participant indicates a decision-making process (""stuck to the one that won more""), which shows some planning or hypothesis formation. The distribution leans towards a good understanding, acknowledging some strategy but not a sophisticated or detailed plan.
- **Evaluation**: The participant's reflection lacks a clear assessment of the strategy's effectiveness beyond the outcome (""won more""). There is minimal reflection on why the strategy worked or didn't, hence the higher probabilities for lower scores.
- **Final Decision**: The participant's statement about sticking to a winning option suggests a consistent decision strategy, albeit not elaborated. The distribution reflects a higher probability for a good to exemplary understanding, recognizing the presence of a rule-based approach.
- **Confidence**: The participant's brief and somewhat casual response (""; no."") implies some uncertainty or minimal reflection on their confidence in the strategy used. The distribution reflects this uncertainty and lack of explicit confidence."
156,Female,White,"High school degree or equivalent (e.g., GED)",5,5,47,0.388888889,low,low,-1,0.6,0.021276596,0.0512533,-1.25458225,0.421119582,2.146413228,0.010168,none,"I didn't have a strategy, just when with who was giving me points at the time.","none ; I didn't have a strategy, just when with who was giving me points at the time.",2.1,1.5,1.1,3.4,3.4,"Comprehension: [0.0, 0.1, 0.7, 0.2, 0.0]  
Judgment: [0.1, 0.4, 0.4, 0.1, 0.0]  
Evaluation: [0.2, 0.5, 0.3, 0.0, 0.0]  
Final Decision: [0.0, 0.0, 0.1, 0.4, 0.5]  
Confidence: [0.0, 0.0, 0.1, 0.4, 0.5]  

**Rationale:**

**Comprehension:** The participant's response indicates a basic understanding of the task's immediate mechanics (responding to which option gave points) but lacks depth in understanding structured strategies or rules. The score leans towards ""Adequate"" as they understood the task at a fundamental level.

**Judgment:** The participant admits to not having a preconceived strategy, suggesting minimal proactive judgment or planning. The response is split between ""Rudimentary"" and ""Adequate"" because while there was some form of decision-making, it was reactive rather than planned.

**Evaluation:** The participant's reflection on the effectiveness of their approach is minimal, indicating they did some evaluation but it was not thorough or deeply reflective. The probabilities are distributed towards ""Rudimentary"" and ""Adequate.""

**Final Decision:** The participant eventually describes a consistent rule they applied, which was to follow the option that was rewarding them, indicating some level of strategic consistency by the end. This is scored higher towards ""Good"" and ""Exemplary"" as they did apply a clear decision rule, albeit a simple one.

**Confidence:** The participant does not explicitly express confidence or doubt about their approach, but the simplicity and directness of their statement imply a certain level of confidence in their method. The score is therefore higher towards ""Good"" and ""Exemplary."""
81,Male,White,"Some college or university, no degree",0.1,5,24,0.944444444,low,high,-2,0.59375,0,-0.321091194,-1.500194797,0.467596939,1.317812073,0.090296096,No,Not really,No ; Not really,0.1,0.1,0.1,0.1,0.1,"Comprehension: [0.9, 0.1, 0.0, 0.0, 0.0]  
Judgment: [0.9, 0.1, 0.0, 0.0, 0.0]  
Evaluation: [0.9, 0.1, 0.0, 0.0, 0.0]  
Final Decision: [0.9, 0.1, 0.0, 0.0, 0.0]  
Confidence: [0.9, 0.1, 0.0, 0.0, 0.0]  

Rationale: The participant's reflection, consisting only of ""No ; Not really,"" provides minimal to no information across all metacognitive dimensions. This response suggests a lack of engagement or understanding of the task, as well as an absence of any discernible strategy or evaluation of the task. The probabilities are heavily weighted towards a score of 0 (Absent) for each dimension because the participant does not provide any substantive information that would indicate comprehension, judgment, evaluation, decision-making, or confidence regarding their approach to the task. The slight probability assigned to a score of 1 (Rudimentary) acknowledges the minimal acknowledgment of the questions, albeit without any elaboration or insight."
164,Male,White,"Some college or university, no degree",5,5,47,0,low,low,-3,0.61875,0,-0.527912988,-0.829876886,0.53253775,0.206634478,-1.431761134,I just looked for patterns and streaks,no,I just looked for patterns and streaks ; no,2,2.1,0.2,2.5,1.5,"Comprehension: [0.0, 0.3, 0.4, 0.3, 0.0]
Judgment: [0.0, 0.2, 0.5, 0.3, 0.0]
Evaluation: [0.8, 0.2, 0.0, 0.0, 0.0]
Final Decision: [0.0, 0.1, 0.4, 0.4, 0.1]
Confidence: [0.1, 0.4, 0.4, 0.1, 0.0]

Rationale:
- **Comprehension**: The participant's brief mention of ""looking for patterns and streaks"" suggests some understanding of the task's nature, which involves identifying and adapting to patterns. However, the response lacks depth, indicating only a moderate grasp of the task's structure or goal.
- **Judgment**: The participant's strategy of looking for patterns implies a basic plan or hypothesis about how to approach the task. The response is somewhat clear but lacks detailed explanation or depth, suggesting a judgment that is more than rudimentary but not thoroughly developed.
- **Evaluation**: The participant's reflection does not include any assessment of whether their strategy was effective or why it might have worked or failed. The response ""no"" following the strategy description suggests a lack of reflective evaluation.
- **Final Decision**: The participant does not clearly articulate a consistent rule or decision strategy they ultimately applied, other than a brief mention of looking for patterns. The response suggests some level of decision-making but lacks clarity and depth.
- **Confidence**: The participant's brief and somewhat ambiguous response does not strongly convey confidence or doubt. The presence of a simple strategy without further elaboration or conviction suggests moderate uncertainty."
284,Female,White,"Associate degree (e.g., AA, AS)",10,100,24,0.222222222,low,low,0,0.6375,0,-2.80E-05,-1.297411241,0.431796393,2.372009556,-0.902822801,I would change the player if there was a negative number and then keep pressing on a number that was 100 until it was negative,yes,I would change the player if there was a negative number and then keep pressing on a number that was 100 until it was negative ; yes,2.5,2.8,1.4,3.1,2,"Comprehension: [0.0, 0.1, 0.4, 0.4, 0.1]  
Judgment: [0.0, 0.0, 0.3, 0.6, 0.1]  
Evaluation: [0.2, 0.3, 0.4, 0.1, 0.0]  
Final Decision: [0.0, 0.0, 0.2, 0.5, 0.3]  
Confidence: [0.1, 0.2, 0.4, 0.2, 0.1]  

**Rationale:**

**Comprehension:** The participant shows a basic understanding of the task rules by mentioning the response to negative numbers and sticking with a choice that yields positive outcomes. The response is somewhat clear but lacks depth, suggesting a score leaning towards ""Adequate"" with some possibility of ""Good.""

**Judgment:** The participant outlines a specific plan of action (changing the player on negative outcomes and sticking with a positive one), indicating a clear judgment strategy. The response is more towards ""Good"" due to the clarity of the plan, though it lacks sophisticated insight for an ""Exemplary"" score.

**Evaluation:** The participant's reflection on strategy effectiveness is minimal and indirect. They imply some evaluation by stating they would stick with a number until it turns negative, but do not deeply reflect on why this strategy was chosen or its effectiveness, leading to a score leaning towards ""Adequate.""

**Final Decision:** The participant describes a consistent rule or decision strategy (switching choices based on outcomes), which is somewhat clear and indicates a thoughtful approach. The response leans towards ""Good"" but lacks the depth for a higher score.

**Confidence:** The participant's confidence in their strategy is implied but not explicitly stated, leading to uncertainty in their reflection. The response suggests some level of confidence by the decision to stick with a strategy until it fails, but also shows doubt by the simplicity and brevity of the explanation. This results in a score leaning towards ""Adequate."""
178,Female,White,"Some college or university, no degree",10,5,47,0,low,low,1,0.58125,0,-0.109421845,-0.165737455,0.425484699,2.631178619,-0.132141703,stayed with the same one that gave 100 until it didn't,nono,stayed with the same one that gave 100 until it didn't ; nono,2.1,2.8,1.5,3.4,3.1,"Comprehension: [0.0, 0.1, 0.7, 0.2, 0.0]  
Judgment: [0.0, 0.0, 0.3, 0.6, 0.1]  
Evaluation: [0.1, 0.4, 0.4, 0.1, 0.0]  
Final Decision: [0.0, 0.0, 0.1, 0.4, 0.5]  
Confidence: [0.0, 0.0, 0.2, 0.5, 0.3]  

**Rationale:**

**Comprehension:** The participant's brief statement suggests a basic understanding of the task's mechanics (sticking with a choice that previously succeeded). However, the lack of detailed explanation or acknowledgment of the task's complexity limits the score. The probability leans towards ""Adequate"" as they understood to stick with a rewarding option until it ceased to be rewarding.

**Judgment:** The participant's strategy of sticking with a successful option until failure implies some level of planning or hypothesis testing (""if this works, keep doing it""). The reflection lacks depth but shows some judgment in strategy application, hence a higher probability towards ""Good.""

**Evaluation:** The participant's reflection on the strategy's effectiveness is minimal and vague (""until it didn't""). This suggests some level of evaluation but lacks depth or detailed reasoning about why the strategy might have stopped working, leading to a higher score in ""Adequate.""

**Final Decision:** The participant indicates a clear, albeit simple, decision rule (continue with a successful choice until it fails). This shows a consistent strategy application, meriting a higher score towards ""Good"" and ""Exemplary.""

**Confidence:** The participant's confidence in their strategy is implied but not explicitly stated. The use of a simple rule suggests some confidence, but the lack of explicit self-assurance or doubt makes it difficult to score highly. The probabilities are distributed more towards ""Good"" due to the implied confidence in sticking with a working strategy until its failure."
54,Female,White,"Master's degree (e.g., MA, MS, MEd)",5,5,47,0,low,low,-2,0.65625,0.020454546,-0.007991228,-1.806292797,0.479816755,0.852382982,-0.023805894,I tried to find the partner that was consistently good,"no, not really","I tried to find the partner that was consistently good ; no, not really",2.5,2.4,1.1,2.5,1.6,"Comprehension: [0.0, 0.1, 0.4, 0.4, 0.1]  
Judgment: [0.0, 0.1, 0.5, 0.3, 0.1]  
Evaluation: [0.3, 0.4, 0.2, 0.1, 0.0]  
Final Decision: [0.0, 0.1, 0.4, 0.4, 0.1]  
Confidence: [0.2, 0.3, 0.3, 0.1, 0.1]  

Rationale:  
- **Comprehension**: The participant's statement indicates a basic understanding of the task's goal (finding a consistently good partner), but lacks depth in explaining the task structure or rules. The response suggests some understanding but not a comprehensive grasp.
- **Judgment**: The participant's strategy of finding a consistently good partner shows some planning and hypothesis formation. However, the brevity and lack of detail suggest that while there was some judgment involved, it was not deeply articulated.
- **Evaluation**: The participant's reflection on the effectiveness of their strategy is minimal and implicit. The phrase ""no, not really"" might suggest some evaluation of strategy effectiveness, but it's unclear and not well-developed.
- **Final Decision**: The participant indicates a decision strategy (finding a consistently good partner) but does not elaborate on how consistently this strategy was applied or adjusted, which suggests a moderate level of clarity in their final decision-making process.
- **Confidence**: The participant's confidence in their strategy and understanding of the task is not clearly expressed. The uncertainty implied by ""no, not really"" suggests some doubt, but overall, confidence is neither strongly affirmed nor completely denied."
320,Female,White,"Some college or university, no degree",50,5,47,0.333333333,low,low,-2,0.69375,0.068761385,-0.056632266,-0.122210578,0.455664231,2.26002045,-0.813756484,I kept choosing the person who gave me the most points,"I am a person who does not trust, so in the beginning I always changed the person I chose even if it gave me positive points. After several attempts I realized that I had to trust","I kept choosing the person who gave me the most points ; I am a person who does not trust, so in the beginning I always changed the person I chose even if it gave me positive points. After several attempts I realized that I had to trust",3,3.1,3.4,3.4,2.9,"Comprehension: [0.0, 0.0, 0.3, 0.4, 0.3]  
Judgment: [0.0, 0.0, 0.2, 0.5, 0.3]  
Evaluation: [0.0, 0.0, 0.1, 0.4, 0.5]  
Final Decision: [0.0, 0.0, 0.1, 0.4, 0.5]  
Confidence: [0.0, 0.1, 0.2, 0.4, 0.3]  

**Rationale:**

**Comprehension:** The participant shows a good understanding of the task's goal, which was to maximize points by choosing the right person. The reflection indicates a grasp of the task structure and rules, though not in an exceptionally detailed manner, hence the higher probabilities towards the middle and upper range.

**Judgment:** The participant describes their initial strategy and the adjustments made, indicating some planning and hypothesis formation. The reflection shows a transition from a distrustful approach to one of trust based on task experience, suggesting a good level of judgment.

**Evaluation:** The participant reflects on the effectiveness of their strategy by recognizing the need to trust after several attempts. This shows a thoughtful evaluation of their approach and its outcomes, leaning towards a higher score.

**Final Decision:** The reflection indicates that the participant settled on a consistent decision strategy of trusting the person who gave the most points after initial experimentation. This shows a clear final decision strategy, meriting a higher score.

**Confidence:** The participant expresses some uncertainty initially (""I am a person who does not trust"") but also shows a growing confidence in their strategy by the end of the task. The scores reflect this progression from doubt to moderate confidence."
276,Male,White,"Bachelor's degree (e.g., BA, BS)",5,5,47,0,low,low,0,0.6375,0.00862069,-0.040097812,-3.116951651,0.437817612,0.846099462,-0.17378142,No.,No.,No. ; No.,0,0,0,0,0,Auto-scored due to empty or trivial reflection.
182,Male,White,"Bachelor's degree (e.g., BA, BS)",10,5,47,0.823529412,low,low,-2,0.525,0.117361111,-0.075267877,0.948866949,0.630260455,-1.220140888,-1.887509062,no i did not,no i mainly went with the left and middle people throughout the game,no i did not ; no i mainly went with the left and middle people throughout the game,2.5,1.7,0.2,3.1,1.6,"Comprehension: [0.0, 0.1, 0.4, 0.4, 0.1]
Judgment: [0.1, 0.3, 0.4, 0.2, 0.0]
Evaluation: [0.8, 0.2, 0.0, 0.0, 0.0]
Final Decision: [0.0, 0.0, 0.2, 0.5, 0.3]
Confidence: [0.1, 0.4, 0.3, 0.2, 0.0]

**Rationale:**
- **Comprehension:** The participant's response indicates a basic understanding of the task as they mention sticking with ""the left and middle people throughout the game."" This suggests some grasp of the task structure but lacks depth in explaining the rules or goals, hence a higher probability for scores 2 and 3.
- **Judgment:** The participant's strategy of choosing mainly two options (left and middle) shows some level of planning or hypothesis formation, but it's not clear how this decision was reached or if it was based on any specific observations or rules. Thus, a higher probability is given to score 2.
- **Evaluation:** The participant did not reflect on whether their strategy was effective or why it might have worked or not, leading to a high probability for score 0.
- **Final Decision:** The participant mentions a consistent approach (using the left and middle options), indicating some level of decision-making. However, the depth of this strategy is not fully articulated, leading to a higher probability for scores 3 and 2.
- **Confidence:** The participant does not express any certainty or doubt about their approach explicitly. The response seems somewhat indifferent, which suggests a lower confidence, hence higher probabilities for lower scores."
258,Female,Black or African American,"Bachelor's degree (e.g., BA, BS)",1,5,24,0,low,low,3,0.53125,0.22559475,0.012664287,0.999353644,0.625556943,-1.339620914,-1.886884993,no,yes,no ; yes,0,0,0,0,0,Auto-scored due to empty or trivial reflection.
342,Male,White,"Some college or university, no degree",0.1,100,12,0,low,low,-3,0.64375,0.095744681,-0.347034549,-1.12538051,0.519998524,1.15346362,0.247718994,picked until a wrong answer came up,yes,picked until a wrong answer came up ; yes,2,2.1,0.4,2.5,0.7,"Comprehension: [0.0, 0.3, 0.4, 0.3, 0.0]
Judgment: [0.0, 0.2, 0.5, 0.3, 0.0]
Evaluation: [0.7, 0.2, 0.1, 0.0, 0.0]
Final Decision: [0.0, 0.1, 0.4, 0.4, 0.1]
Confidence: [0.5, 0.3, 0.2, 0.0, 0.0]

Rationale:
- **Comprehension**: The participant's response suggests a basic understanding of the task (continuing a choice until it fails), but lacks depth or detail about the structure or rules. The probabilities reflect some understanding but not a comprehensive one.
- **Judgment**: The participant indicates a simple strategy (""picked until a wrong answer came up""), which shows some planning but lacks sophistication or a detailed hypothesis about how to approach the task. The distribution leans towards an adequate understanding.
- **Evaluation**: The reflection does not clearly articulate whether the strategy was effective or why it might have been chosen beyond its failure point. The high probability towards a score of 0 reflects the minimal evaluation present.
- **Final Decision**: The participant mentions a strategy and indicates a change (""yes""), suggesting some decision-making process. However, details are sparse, leading to a balanced probability across middle scores.
- **Confidence**: The participant's brief response does not convey strong confidence or significant doubt; it's more neutral or uncertain. The probabilities are skewed towards lower confidence scores due to the lack of explicit confidence or justification in their strategy."
310,Male,White,"Some college or university, no degree",5,5,47,0.111111111,low,low,-1,0.66875,0.008928572,-0.845811581,-3.428351585,0.441703429,0.287746162,-1.670108784,"If the performance of a particular partner dropped off after two or three rounds, then I would switch to another and repeat. Occasionally, I would switch to a different partner anyway, thinking that perhaps there is some kind of ""fatigue"" value being factored into the partner performance.",Not really.,"If the performance of a particular partner dropped off after two or three rounds, then I would switch to another and repeat. Occasionally, I would switch to a different partner anyway, thinking that perhaps there is some kind of ""fatigue"" value being factored into the partner performance. ; Not really.",2.5,3.1,3,3.4,1.7,"Comprehension: [0.0, 0.1, 0.4, 0.4, 0.1]  
Judgment: [0.0, 0.0, 0.2, 0.5, 0.3]  
Evaluation: [0.0, 0.0, 0.3, 0.4, 0.3]  
Final Decision: [0.0, 0.0, 0.1, 0.4, 0.5]  
Confidence: [0.1, 0.3, 0.4, 0.2, 0.0]  

**Rationale:**

**Comprehension:** The participant shows a basic understanding of the task's dynamics, as they recognize the need to switch partners based on performance. However, the reflection lacks depth in explaining the task's structure or goals beyond this aspect. The probabilities reflect an adequate to good understanding, with some room for more detailed comprehension.

**Judgment:** The participant clearly describes a strategy based on the performance of partners, indicating a planned approach to the task. The mention of a ""fatigue"" factor also shows a hypothesis about the underlying mechanics of the task. This suggests a good level of judgment, with a tendency towards exemplary as they are applying conditional reasoning.

**Evaluation:** The participant reflects on their strategy's effectiveness by discussing the outcomes of switching partners and considering additional factors like ""fatigue."" This shows a good level of evaluation, with some exemplary insights into why their strategy might or might not be working.

**Final Decision:** The participant describes a consistent rule or decision strategy (switching partners based on performance and occasionally due to suspected ""fatigue""). This indicates a clear final decision strategy, leaning towards exemplary as they not only followed a rule but also adapted it based on their observations.

**Confidence:** The participant expresses some doubt about their approach, particularly with the speculative nature of the ""fatigue"" factor and the terse ""Not really"" at the end, suggesting uncertainty about the overall strategy. This indicates moderate confidence, with significant doubt reflected in the scoring."
19,Male,White,"Bachelor's degree (e.g., BA, BS)",5,100,47,0.055555556,low,low,-2,0.5875,0,-0.007646939,-0.115274242,0.430565511,2.838950997,-1.164347815,I tried to stay with one person as long as possible.,"No, not really. I tried to stay with a winning person.","I tried to stay with one person as long as possible. ; No, not really. I tried to stay with a winning person.",2.5,3.1,1.7,3.4,2.7,"Comprehension: [0.0, 0.1, 0.4, 0.4, 0.1]  
Judgment: [0.0, 0.0, 0.2, 0.5, 0.3]  
Evaluation: [0.1, 0.3, 0.4, 0.2, 0.0]  
Final Decision: [0.0, 0.0, 0.1, 0.4, 0.5]  
Confidence: [0.0, 0.1, 0.3, 0.4, 0.2]  

**Rationale:**

**Comprehension:**  
The participant shows some understanding of the task's goal, which is to stick with a winning option. However, the depth of understanding regarding the task structure or rules isn't fully articulated. The response suggests a basic grasp but lacks detail on how the task operates beyond choosing a ""winning person.""

**Judgment:**  
The participant formed a clear plan to ""stay with one person as long as possible,"" indicating a strategy based on sticking with a choice that appears to be winning. This shows a good level of judgment in forming a hypothesis about how to act within the task, though it's not highly sophisticated or nuanced.

**Evaluation:**  
The participant reflects minimally on the effectiveness of their strategy by implying it was about sticking with a winner, but does not deeply analyze why this strategy worked or didn't work. There's some evaluation, but it's not thorough or detailed.

**Final Decision:**  
The participant describes a consistent decision strategy of staying with a winning option. This strategy is clear and somewhat detailed, suggesting a moderate to high level of final decision-making clarity.

**Confidence:**  
Confidence is somewhat expressed in the simplicity and consistency of the strategy used (""I tried to stay with a winning person""). However, there's a hint of uncertainty or lack of depth in the reflection that prevents a higher score. The participant does not robustly defend or critique their strategy, indicating moderate confidence."
338,Male,Asian,"Master's degree (e.g., MA, MS, MEd)",10,5,47,0,low,low,1,0.4875,0.220942982,-0.003354575,1.100806935,0.502187965,0.040223781,-1.160434602,"No, I just made my best guesses.",Not really.,"No, I just made my best guesses. ; Not really.",1.6,1.7,0.2,1.7,1.6,"Comprehension: [0.1, 0.4, 0.3, 0.2, 0.0]  
Judgment: [0.1, 0.3, 0.4, 0.2, 0.0]  
Evaluation: [0.8, 0.2, 0.0, 0.0, 0.0]  
Final Decision: [0.1, 0.3, 0.4, 0.2, 0.0]  
Confidence: [0.1, 0.4, 0.3, 0.2, 0.0]  

Rationale:  
- **Comprehension**: The participant's response suggests a minimal understanding of the task as they indicate making ""best guesses"" without elaborating on the task's structure or goals. This implies rudimentary comprehension but lacks depth or clarity.
- **Judgment**: The participant's mention of making ""best guesses"" indicates some form of decision-making process, albeit simplistic and not strategic. This suggests a basic level of judgment without sophisticated planning or hypothesis formation.
- **Evaluation**: The participant does not reflect on the effectiveness of their strategy or provide reasons for their choices, indicating a lack of evaluation.
- **Final Decision**: The participant's strategy seems consistent (""just made my best guesses""), but they do not articulate a clear rule or decision strategy, suggesting a basic but unclear approach.
- **Confidence**: The participant's use of a casual tone (""; Not really."") and lack of firm statements about their strategy or its effectiveness suggest low confidence in their approach or understanding of the task."
312,Male,White,"High school degree or equivalent (e.g., GED)",10,10,24,0.176470588,low,low,-2,0.64375,0.009090909,-0.222485299,-0.369081186,0.445106396,2.470738557,-0.844215911,Just chose the one who consistently gave most.,no,Just chose the one who consistently gave most. ; no,2.5,3.1,0.2,3.4,1.7,"Comprehension: [0.0, 0.1, 0.4, 0.4, 0.1]  
Judgment: [0.0, 0.0, 0.2, 0.5, 0.3]  
Evaluation: [0.8, 0.2, 0.0, 0.0, 0.0]  
Final Decision: [0.0, 0.0, 0.1, 0.4, 0.5]  
Confidence: [0.1, 0.3, 0.4, 0.2, 0.0]  

**Rationale:**

**Comprehension:** The participant's response indicates a basic understanding of the task's goal (choosing the option that ""consistently gave most""), suggesting some comprehension but not a deep or detailed understanding. The probabilities reflect a mix between adequate and good comprehension, with a slight possibility of rudimentary or exemplary understanding.

**Judgment:** The participant's strategy of choosing the option that gave the most rewards implies a decision-making process or plan, indicating some judgment. The probabilities lean towards a good judgment score, acknowledging that the participant had a clear plan, with some probability of an exemplary score due to the simplicity yet effectiveness of the strategy.

**Evaluation:** The participant did not reflect on whether their strategy worked or why, as indicated by the brief and non-reflective response to the second question (""no""). This suggests a high probability of an absent score in evaluation, with a slight chance of rudimentary reflection.

**Final Decision:** The participant described a consistent rule or decision strategy (""Just chose the one who consistently gave most""), which is clear and straightforward. The probabilities are higher for good and exemplary scores, recognizing the clarity of the final decision.

**Confidence:** The participant's confidence in their approach is not explicitly stated, and the brief response suggests some uncertainty or lack of reflection on their confidence level. The probabilities are distributed to reflect this uncertainty, with a higher chance of an adequate score but some possibility of rudimentary or good confidence."
470,Female,White,"Master's degree (e.g., MA, MS, MEd)",5,5,47,1.611111111,low,high,-2,0.475,0,-0.372430695,-4.129709751,0.444693996,-0.0551805,-1.646021544,"Yes, I switched when a worker struggled for two tasks in a row or too many alternate tasks.",no,"Yes, I switched when a worker struggled for two tasks in a row or too many alternate tasks. ; no",2.5,2.9,1.7,3.1,1.5,"Comprehension: [0.0, 0.1, 0.4, 0.4, 0.1]  
Judgment: [0.0, 0.0, 0.3, 0.5, 0.2]  
Evaluation: [0.1, 0.3, 0.4, 0.2, 0.0]  
Final Decision: [0.0, 0.0, 0.2, 0.5, 0.3]  
Confidence: [0.2, 0.3, 0.3, 0.2, 0.0]  

**Rationale:**

**Comprehension:** The participant's response indicates some understanding of the task as they mention specific conditions under which they would switch strategies (""when a worker struggled for two tasks in a row or too many alternate tasks""). This suggests they grasped the task's dynamics to some extent, hence the higher probabilities for scores 2 and 3.

**Judgment:** The participant formed a plan based on observed outcomes (""switched when a worker struggled""), showing some level of strategic thinking. The response is somewhat clear but lacks depth, leading to a higher probability for score 3, indicating a good level of judgment.

**Evaluation:** The participant's reflection on the effectiveness of their strategy is implied but not explicitly detailed (""Yes, I switched...""). They do not provide a clear rationale for why their strategy might have worked or failed, leading to a higher score in the middle range.

**Final Decision:** The participant describes a consistent rule for switching strategies, which shows a decision strategy. However, the explanation is not deeply sophisticated, warranting a higher score in the middle range, with some probability for a higher score due to the clarity of the rule described.

**Confidence:** The participant's confidence in their strategy is not clearly expressed. The terse nature of the response and the inclusion of a semicolon followed by ""no"" suggest some uncertainty or minimal reflection on their confidence level, leading to a distribution across lower and middle scores."
85,Female,White,"Associate degree (e.g., AA, AS)",5,5,47,0,low,low,-3,0.6625,0,-0.235356392,-1.135120455,0.479529684,1.642149749,0.796920744,just tried to get the most points and not stick with people generating negative points,"no, pretty much stuck with the same process throughout the game","just tried to get the most points and not stick with people generating negative points ; no, pretty much stuck with the same process throughout the game",2.5,2.8,1.4,3.4,3.1,"Comprehension: [0.0, 0.1, 0.4, 0.4, 0.1]  
Judgment: [0.0, 0.0, 0.3, 0.6, 0.1]  
Evaluation: [0.2, 0.3, 0.4, 0.1, 0.0]  
Final Decision: [0.0, 0.0, 0.1, 0.4, 0.5]  
Confidence: [0.0, 0.0, 0.2, 0.5, 0.3]  

**Rationale:**

**Comprehension:** The participant shows a basic understanding of the task's goal (to maximize points) and identifies negative point generators as undesirable. The response is somewhat clear but lacks depth in explaining the structure or rules of the task, hence a higher probability for scores 2 and 3.

**Judgment:** The participant indicates a strategy of choosing options that yield the most points and avoiding negative outcomes. This shows some planning and hypothesis formation, warranting a higher probability for scores 3, reflecting a good level of judgment.

**Evaluation:** The participant does not provide a detailed reflection on the effectiveness of their strategy beyond a simple acknowledgment of sticking to it, suggesting a moderate understanding of their strategy's success. This results in a higher probability for score 2.

**Final Decision:** The participant clearly states that they did not change their strategy throughout the task, indicating a consistent decision-making process. This consistency is well articulated, justifying higher probabilities for scores 4 and 3.

**Confidence:** The participant's brief response suggests some level of certainty in their strategy as they did not feel the need to change it. However, the lack of explicit confidence or doubt about their approach results in a higher probability for scores 3 and 2, reflecting clear but not exemplary confidence."
313,Male,Other,"Associate degree (e.g., AA, AS)",0.05,5,24,0.055555556,low,low,0,0.525,0,-0.046784768,-1.293174382,0.525156192,1.894103965,-0.142291961,I would choose the same person until they started turning negative then choose another,"No, I stayed pretty consistent","I would choose the same person until they started turning negative then choose another ; No, I stayed pretty consistent",2.1,3,1.7,3.4,3.5,"Comprehension: [0.0, 0.1, 0.7, 0.2, 0.0]  
Judgment: [0.0, 0.0, 0.2, 0.6, 0.2]  
Evaluation: [0.1, 0.3, 0.4, 0.2, 0.0]  
Final Decision: [0.0, 0.0, 0.1, 0.4, 0.5]  
Confidence: [0.0, 0.0, 0.1, 0.3, 0.6]  

**Rationale:**

**Comprehension:** The participant shows an understanding of the task's basic mechanics (sticking with one choice until it fails), but the reflection lacks depth about the overall structure or goal of the task. The probability leans towards ""Adequate"" as the participant grasps the task's immediate rules but does not elaborate on a deeper understanding.

**Judgment:** The participant's strategy formulation is evident (""choose the same person until they started turning negative then choose another""), indicating some planning. The reflection suggests a clear, though simple, hypothesis about how to act, meriting a higher score in ""Good"" with some probability in ""Exemplary"" for clarity in strategy.

**Evaluation:** The participant briefly reflects on their strategy's effectiveness (""until they started turning negative""), but there's minimal depth or analysis about why this strategy was chosen or its effectiveness across different scenarios. This warrants a score leaning towards ""Adequate.""

**Final Decision:** The participant indicates a consistent decision strategy throughout the task and confirms sticking to it (""No, I stayed pretty consistent""). This shows a clear rule was applied, scoring higher in ""Good"" and ""Exemplary.""

**Confidence:** The participant's brief response shows some certainty in their approach, especially with the affirmation of consistency in strategy. However, the lack of detailed justification or exploration of alternatives suggests confidence but not at the highest level of metacognitive insight, thus a higher score in ""Good"" and ""Exemplary"" but not exclusively so."
404,Female,White,"Bachelor's degree (e.g., BA, BS)",10,100,47,0,low,low,-2,0.5125,0,0.052897818,-0.978122188,0.479269204,1.585687591,0.33198862,"I kept with the same deck until directed otherwise, also, I tried not to immediately desert a deck until I saw a pattern occur.",No. I think my pattern of behavior was consistent throughout the game.,"I kept with the same deck until directed otherwise, also, I tried not to immediately desert a deck until I saw a pattern occur. ; No. I think my pattern of behavior was consistent throughout the game.",3.4,3.3,2.7,3.8,3.5,"Comprehension: [0.0, 0.0, 0.1, 0.4, 0.5]  
Judgment: [0.0, 0.0, 0.2, 0.3, 0.5]  
Evaluation: [0.0, 0.1, 0.3, 0.4, 0.2]  
Final Decision: [0.0, 0.0, 0.0, 0.2, 0.8]  
Confidence: [0.0, 0.0, 0.1, 0.3, 0.6]  

**Rationale:**

**Comprehension:** The participant shows a good understanding of the task rules and structure by sticking with a deck until a pattern emerges, indicating they grasped the goal of identifying and adapting to patterns. The response suggests a sophisticated understanding, hence the higher probabilities for scores 3 and 4.

**Judgment:** The participant's strategy of waiting for a pattern before switching decks indicates a planned approach to the task. They formed a hypothesis about how to act, which is reflected in the higher scores for judgment.

**Evaluation:** The participant reflects on their strategy's effectiveness by noting their consistency and the decision to wait for a pattern. This shows some evaluation but lacks depth on why this strategy was effective or not, leading to a moderate score.

**Final Decision:** The participant clearly states a consistent rule or decision strategy, which was to stick with a deck until a pattern dictated otherwise. This strong and clear expression justifies a high score in this dimension.

**Confidence:** The participant expresses a degree of certainty about their approach by stating their behavior was consistent and by sticking to their strategy throughout the game. This shows a high level of confidence, meriting higher scores in this dimension."
160,Male,White,"Master's degree (e.g., MA, MS, MEd)",10,5,47,0,low,low,-3,0.56875,0,-0.875944081,-4.082994501,0.466166463,-0.480519029,-1.863517361,I would wait to see if a profitable agent changed and give it another round or two before moving to another. Once I found one that was profitable I stuck with it until it wasn't.,No,I would wait to see if a profitable agent changed and give it another round or two before moving to another. Once I found one that was profitable I stuck with it until it wasn't. ; No,3,3.1,2.5,3.4,3.3,"Comprehension: [0.0, 0.0, 0.3, 0.4, 0.3]  
Judgment: [0.0, 0.0, 0.2, 0.5, 0.3]  
Evaluation: [0.0, 0.1, 0.4, 0.4, 0.1]  
Final Decision: [0.0, 0.0, 0.1, 0.4, 0.5]  
Confidence: [0.0, 0.0, 0.2, 0.3, 0.5]  

Rationale:
- **Comprehension**: The participant shows a basic understanding of the task's dynamics by recognizing the need to monitor changes in profitability and switch accordingly. The response indicates an understanding of the task rules and goals, but lacks depth in explaining the structure of the task, hence the higher probabilities for scores 2 and 3.
- **Judgment**: The participant describes a clear strategy of waiting and observing before making a switch, which shows a planned approach to the task. The strategy is somewhat detailed, suggesting a good level of judgment, thus higher probabilities for scores 3 and 4.
- **Evaluation**: The participant reflects on the effectiveness of their strategy by sticking with a profitable agent until it ceases to be profitable. However, there is minimal insight into why this strategy might work or not, leading to a higher probability for score 3.
- **Final Decision**: The participant describes a consistent rule or decision strategy (""stuck with it until it wasn't""), indicating a clear final decision-making process. The response is straightforward and shows a moderate level of sophistication, justifying higher probabilities for scores 3 and 4.
- **Confidence**: The participant does not explicitly express confidence or doubt about their strategy, but the use of a consistent strategy suggests some level of confidence. The absence of explicit confidence or doubt expressions leads to a balanced distribution, with a slight lean towards higher scores due to the implied confidence in sticking to a chosen strategy."
63,Male,"Asian,Native Hawaiian or Other Pacific Islander,White",Completed some postgraduate,10,5,47,1.222222222,low,low,-3,0.54375,0,-0.205393754,0.721629731,0.555848968,0.969391708,-1.74400502,I would select the same partner until it went red then I moved around,no,I would select the same partner until it went red then I moved around ; no,2.1,3.1,0.7,3.4,1.4,"Comprehension: [0.0, 0.1, 0.7, 0.2, 0.0]  
Judgment: [0.0, 0.0, 0.2, 0.5, 0.3]  
Evaluation: [0.5, 0.3, 0.2, 0.0, 0.0]  
Final Decision: [0.0, 0.0, 0.1, 0.4, 0.5]  
Confidence: [0.2, 0.3, 0.4, 0.1, 0.0]  

Rationale:  
- **Comprehension**: The participant shows an understanding of the task's basic mechanics (switching after a negative outcome), but the explanation lacks depth about the overall goal or rules beyond this reactive strategy. Hence, a higher probability is given to an ""Adequate"" score.
- **Judgment**: The participant's strategy of sticking with one choice until a negative outcome suggests some form of planning or hypothesis testing. The clarity and depth of this strategy are somewhat evident, leading to a higher score in ""Good"" and some in ""Exemplary"".
- **Evaluation**: The participant does not explicitly reflect on the effectiveness of their strategy beyond a simple action-response pattern, indicating a lack of deep evaluation. This results in a higher probability for a lower score.
- **Final Decision**: The participant clearly states a consistent rule they applied (sticking with one choice until it fails), which is a straightforward decision strategy. This is reflected in higher scores in ""Good"" and ""Exemplary"".
- **Confidence**: The participant's brief and somewhat ambiguous response (""; no"") suggests uncertainty or minimal confidence in their strategy or understanding of the task, leading to higher probabilities in lower scores."
123,Female,White,"Associate degree (e.g., AA, AS)",0.09,5,47,0.222222222,low,low,0,0.575,0.008196722,0.004494681,-0.802599964,0.48714657,2.227973385,0.227832119,stayed on one while it was positive and once it changed then i went to the next and if it was negative then i tried to find a positive one to stay on.,not really mucg just trying ti find that sweet spot but knowing it would run out,stayed on one while it was positive and once it changed then i went to the next and if it was negative then i tried to find a positive one to stay on. ; not really mucg just trying ti find that sweet spot but knowing it would run out,2.5,2.9,3.1,3.4,2.3,"Comprehension: [0.0, 0.1, 0.4, 0.4, 0.1]  
Judgment: [0.0, 0.0, 0.3, 0.5, 0.2]  
Evaluation: [0.0, 0.0, 0.2, 0.5, 0.3]  
Final Decision: [0.0, 0.0, 0.1, 0.4, 0.5]  
Confidence: [0.0, 0.2, 0.4, 0.3, 0.1]  

**Rationale:**

**Comprehension:** The participant shows a basic understanding of the task's mechanics (staying on a positive option and switching upon a negative outcome). However, the explanation lacks depth in fully grasping the strategic implications or the broader rules of the task, hence a higher probability for scores 2 and 3.

**Judgment:** The participant describes a strategy of staying with a positive outcome and switching when it turns negative, indicating some level of planning or hypothesis formation. The response suggests a moderate level of strategic thinking, justifying higher probabilities for scores 3 and 4.

**Evaluation:** The participant reflects on the effectiveness of their strategy (""knowing it would run out""), showing some evaluation of their approach's sustainability. This warrants a higher probability for scores 3 and 4, indicating a good level of reflection on strategy effectiveness.

**Final Decision:** The participant describes a consistent rule or decision strategy (""stayed on one while it was positive and once it changed then I went to the next""), which is fairly clear and suggests a thoughtful approach. This supports higher probabilities for scores 3 and 4.

**Confidence:** The participant shows some uncertainty in their strategy (""just trying to find that sweet spot but knowing it would run out""), indicating a mix of confidence and doubt. This mixed expression justifies a balanced distribution across the middle scores (2, 3, and 1)."
198,Female,White,"Bachelor's degree (e.g., BA, BS)",0.1,100,24,2.611111111,high,high,2,0.35625,0.951602766,0.006152785,1.007387221,0.599245958,-1.876398654,-1.993375112,number and color strategy used,yes,number and color strategy used ; yes,1.2,1.1,0.1,1.1,1.1,"Comprehension: [0.0, 0.8, 0.2, 0.0, 0.0]  
Judgment: [0.0, 0.9, 0.1, 0.0, 0.0]  
Evaluation: [0.9, 0.1, 0.0, 0.0, 0.0]  
Final Decision: [0.0, 0.9, 0.1, 0.0, 0.0]  
Confidence: [0.0, 0.9, 0.1, 0.0, 0.0]  

**Rationale:**
- **Comprehension:** The participant's response is extremely brief and lacks detail, but the mention of ""number and color strategy"" suggests a rudimentary understanding of the task's elements (possibly referring to the choices available in the task). Therefore, a higher probability is given to a score of 1, indicating a minimal expression of understanding.
- **Judgment:** The response is too brief to clearly indicate any hypothesis or plan formation. The phrase ""number and color strategy"" is too vague to be considered a clear plan, thus a high probability is assigned to a score of 1, indicating a rudimentary level of judgment.
- **Evaluation:** There is no reflection on whether the strategy worked or why, which leads to a high probability of scoring 0, indicating an absence of evaluation.
- **Final Decision:** The participant indicates a change in strategy with a simple ""yes"" but does not describe what the final strategy was or how it was applied consistently. This results in a high probability of scoring 1, indicating a rudimentary level of final decision-making.
- **Confidence:** The participant's response does not express any certainty or doubt about their approach or understanding, leading to a high probability of scoring 1, indicating minimal expression of confidence."
311,Female,White,"Bachelor's degree (e.g., BA, BS)",0.05,100,47,0.666666667,low,low,-2,0.54375,0,-0.772123919,-2.931837143,0.444215788,0.612090864,-1.483195037,I tried to figure out which one was in the '100' category and didn't usually immediately switch if they flipped to '-50' unless they did it twice in a row,"Only after 50% of the task was done; I tried to switch to changing people after they flipped '-50' once and it was worse for me, so I went back to my normal strategy.","I tried to figure out which one was in the '100' category and didn't usually immediately switch if they flipped to '-50' unless they did it twice in a row ; Only after 50% of the task was done; I tried to switch to changing people after they flipped '-50' once and it was worse for me, so I went back to my normal strategy.",3.3,3.4,3.4,3.5,3,"Comprehension: [0.0, 0.0, 0.2, 0.3, 0.5]
Judgment: [0.0, 0.0, 0.1, 0.4, 0.5]
Evaluation: [0.0, 0.0, 0.1, 0.4, 0.5]
Final Decision: [0.0, 0.0, 0.1, 0.3, 0.6]
Confidence: [0.0, 0.1, 0.2, 0.3, 0.4]

Rationale:
- **Comprehension**: The participant shows a good understanding of the task's rules and structure, as evidenced by their strategy to monitor outcomes and adjust based on the frequency of negative results. The reflection indicates a clear grasp of the goal to maximize scores by identifying the '100' category and managing risk when outcomes flipped to '-50'. The probability leans towards a higher score due to the clear articulation of task mechanics.
- **Judgment**: The participant formed a clear hypothesis about how to act, initially sticking with a choice unless it repeatedly showed negative outcomes. They also experimented with a different strategy mid-task, which shows planning and hypothesis testing. The reflection suggests a thoughtful approach to strategy formulation, deserving a higher score.
- **Evaluation**: The participant reflected on the effectiveness of their strategies by noting the outcome of switching strategies and reverting when the new approach was less successful. This indicates a good level of self-assessment and understanding of strategy effectiveness, justifying a higher score.
- **Final Decision**: The participant describes a consistent rule or decision strategy they ultimately applied, which was to revert to their original strategy after testing an alternative. This shows a clear decision-making process based on the evaluation of outcomes, meriting a higher score.
- **Confidence**: The participant expresses some level of certainty in their approach by reverting to their original strategy after an unsuccessful trial with a new method. However, there is some implied uncertainty as they tested a new strategy mid-task. The score reflects moderate confidence with some room for doubt."
242,Male,White,"Bachelor's degree (e.g., BA, BS)",5,5,47,0.111111111,low,low,-2,0.6875,0,0.38586022,2.462535657,0.742654759,0.14796456,-1.372208416,"yeah, if there was 1 or 2 -50s I would change to a new person who gave 100",not really,"yeah, if there was 1 or 2 -50s I would change to a new person who gave 100 ; not really",2.5,3.1,2.9,3.4,2,"Comprehension: [0.0, 0.1, 0.4, 0.4, 0.1]  
Judgment: [0.0, 0.0, 0.2, 0.5, 0.3]  
Evaluation: [0.0, 0.0, 0.3, 0.5, 0.2]  
Final Decision: [0.0, 0.0, 0.1, 0.4, 0.5]  
Confidence: [0.1, 0.2, 0.4, 0.2, 0.1]  

**Rationale:**

**Comprehension:** The participant shows some understanding of the task's mechanics, as indicated by their strategy of switching based on negative outcomes (-50s). However, the response lacks depth in explaining the overall goal or rules beyond this aspect, suggesting a score leaning towards ""Adequate"" but not fully comprehensive.

**Judgment:** The participant's strategy formulation (""if there was 1 or 2 -50s I would change"") demonstrates a clear plan of action, which aligns well with the Judgment dimension. The response suggests a thoughtful approach, albeit not highly detailed, thus a higher score in ""Good"" with some probability in ""Exemplary.""

**Evaluation:** The participant reflects on their strategy's effectiveness implicitly by stating a condition under which they would switch strategies. This shows some evaluation but lacks a deeper analysis of why this strategy might be effective, thus a higher score in ""Good.""

**Final Decision:** The participant describes a consistent rule for their decision-making process, which is to switch after certain negative outcomes. This clarity and consistency in strategy suggest a higher score in ""Good"" and ""Exemplary.""

**Confidence:** The participant's expression of their strategy ends with ""not really,"" indicating some uncertainty or doubt about their approach. This shows a moderate level of confidence, warranting a balanced distribution across the scale with a slight lean towards ""Adequate."""
105,Female,White,"Some college or university, no degree",10,5,47,0.055555556,low,low,0,0.64375,0,-0.114955098,-0.744633207,0.45129316,2.349983609,-0.109474278,No,Yes,No ; Yes,0,0,0,0,0,Auto-scored due to empty or trivial reflection.
205,Female,White,"Bachelor's degree (e.g., BA, BS)",5,5,47,0.111111111,low,low,-3,0.6,0.132075472,-0.130034155,-0.123485897,0.519574052,1.310477793,0.548411791,"I kind of chose one emoji color and stuck with it until it stopped benefitting me, then I would either give it another chance or, more likely, jump to another one to try to maximize the number of points I would get. I felt like the black emoji was the best, and then the blue, and then the red (even though the red was really good at first)","Yeah, I was very pro-red at first, but then I realized that other emojis could also be good, and then tended to jump around more.","I kind of chose one emoji color and stuck with it until it stopped benefitting me, then I would either give it another chance or, more likely, jump to another one to try to maximize the number of points I would get. I felt like the black emoji was the best, and then the blue, and then the red (even though the red was really good at first) ; Yeah, I was very pro-red at first, but then I realized that other emojis could also be good, and then tended to jump around more.",3.4,3.5,3.3,3.3,3.5,"Comprehension: [0.0, 0.0, 0.1, 0.4, 0.5]  
Judgment: [0.0, 0.0, 0.1, 0.3, 0.6]  
Evaluation: [0.0, 0.0, 0.2, 0.3, 0.5]  
Final Decision: [0.0, 0.0, 0.2, 0.3, 0.5]  
Confidence: [0.0, 0.0, 0.1, 0.3, 0.6]  

Rationale:
- **Comprehension**: The participant clearly understood the task rules and goals, as evidenced by their strategy of sticking with one emoji until it ceased to be beneficial. The reflection shows a good understanding of the task's probabilistic nature and the need for strategy adjustment, hence the high scores in the upper range.
- **Judgment**: The participant formed a clear hypothesis about which emoji might yield the most points and planned their actions accordingly. They initially favored the red emoji but adjusted their hypothesis based on the task's feedback, showing a sophisticated approach to judgment.
- **Evaluation**: The participant reflected on the effectiveness of their strategy by recognizing when an emoji stopped being beneficial and considered the performance of other emojis. This indicates a thoughtful evaluation process, deserving a higher score.
- **Final Decision**: The participant described a consistent rule or decision strategy by initially sticking to one emoji and then switching when necessary. They also ranked the emojis based on perceived benefit, showing a clear decision-making process.
- **Confidence**: The participant expressed a degree of certainty in their approach, especially in their initial preference for the red emoji and later adjustments. The reflection shows confidence in their understanding and strategy adjustments, meriting a higher score in this dimension."
45,Male,Asian,"Bachelor's degree (e.g., BA, BS)",0.1,5,16,0.111111111,low,low,2,0.66875,0.008196722,-0.044804576,-0.303896384,0.46880096,2.031950323,-0.190458502,"Yes, When I selected a correct one, it seemed like they came in pairs, so, I would select that same person again.","No, I stuck with the pairs.","Yes, When I selected a correct one, it seemed like they came in pairs, so, I would select that same person again. ; No, I stuck with the pairs.",2.5,3.1,1.7,3.4,3.4,"Comprehension: [0.0, 0.1, 0.4, 0.4, 0.1]
Judgment: [0.0, 0.0, 0.2, 0.5, 0.3]
Evaluation: [0.1, 0.3, 0.4, 0.2, 0.0]
Final Decision: [0.0, 0.0, 0.1, 0.4, 0.5]
Confidence: [0.0, 0.0, 0.1, 0.4, 0.5]

**Rationale:**

**Comprehension:** The participant shows an understanding of the task's pattern (noticing pairs) but does not explicitly mention understanding the rules or goals of the task. The response suggests a moderate understanding, hence a higher probability for scores 2 and 3.

**Judgment:** The participant formed a hypothesis based on their observation (selecting the same ""person"" again if it was correct previously). This indicates a clear plan of action, leaning towards a good judgment score, thus higher probabilities for scores 3 and 4.

**Evaluation:** The participant reflects minimally on the effectiveness of their strategy (""it seemed like they came in pairs""), but there is no deep analysis of why this strategy worked or didn't, which suggests an adequate to good evaluation, hence a higher probability for score 2.

**Final Decision:** The participant indicates a consistent decision strategy by sticking with the pairs throughout the task. This shows a clear final decision strategy, warranting higher probabilities for scores 3 and 4.

**Confidence:** The participant's statement shows some level of certainty in their strategy as they did not switch strategies and used the same approach consistently. This suggests a higher confidence level, thus higher probabilities for scores 3 and 4."
400,Male,White,"High school degree or equivalent (e.g., GED)",10,5,47,0.555555556,low,low,0,0.6625,0.057692308,-0.07386639,-0.364435308,0.422684043,1.535356409,-0.586783612,I just chose randomly until I found the profitable one...from there I kept choosing it until it wasn't giving points,no,I just chose randomly until I found the profitable one...from there I kept choosing it until it wasn't giving points ; no,2.5,2.8,3,3.4,3.4,"Comprehension: [0.0, 0.1, 0.4, 0.4, 0.1]
Judgment: [0.0, 0.0, 0.3, 0.6, 0.1]
Evaluation: [0.0, 0.0, 0.2, 0.6, 0.2]
Final Decision: [0.0, 0.0, 0.1, 0.4, 0.5]
Confidence: [0.0, 0.0, 0.1, 0.4, 0.5]

**Rationale:**

**Comprehension:** The participant shows a basic understanding of the task's goal (finding the profitable option) and the structure (switching when it stops rewarding). The response is not very detailed but indicates adequate comprehension. Hence, a higher probability is given to scores 2 and 3.

**Judgment:** The participant describes a clear initial strategy of random selection followed by sticking with a rewarding option. This shows some planning and hypothesis formation, warranting a higher score in judgment, predominantly leaning towards a score of 3.

**Evaluation:** The participant reflects on the effectiveness of their strategy by noting the shift when the chosen option ceased to be profitable. This indicates some evaluation of strategy success, justifying a higher score in this dimension, with a lean towards score 3.

**Final Decision:** The participant describes a consistent decision strategy of sticking with a rewarding option until it stops giving points. This shows a clear rule-based approach, supporting a higher score, with a significant probability assigned to scores 4 and 3.

**Confidence:** The participant does not explicitly express confidence or doubt, but the straightforward statement of their strategy suggests a level of certainty about their approach. This supports assigning higher probabilities to scores 4 and 3, indicating some implicit confidence in their understanding and strategy."
414,Female,Black or African American,"Associate degree (e.g., AA, AS)",10,25,47,2.444444444,high,high,1,0.41875,0.290311653,-0.004224698,0.999504597,0.608249822,-1.843490552,-1.994289177,,"No, I did not."," ; No, I did not.",0.1,0.1,0.1,0.1,0.1,"Comprehension: [0.9, 0.1, 0.0, 0.0, 0.0]  
Judgment: [0.9, 0.1, 0.0, 0.0, 0.0]  
Evaluation: [0.9, 0.1, 0.0, 0.0, 0.0]  
Final Decision: [0.9, 0.1, 0.0, 0.0, 0.0]  
Confidence: [0.9, 0.1, 0.0, 0.0, 0.0]  

Rationale: The participant's reflection, consisting solely of the phrase ""No, I did not,"" provides almost no information relevant to any of the five dimensions of the Metacognitive Prompting framework. This response does not indicate whether the participant understood the task rules, structure, or goal (Comprehension), nor does it suggest any hypothesis or plan about how to act (Judgment). There is no reflection on whether their strategy worked or why (Evaluation), no description of a consistent rule or decision strategy (Final Decision), and no expression of certainty or doubt about their approach or understanding (Confidence). Therefore, the probabilities are heavily weighted towards a score of 0 (Absent) for each dimension, with a slight possibility (0.1) of a score of 1 (Rudimentary) to allow for any minimal, implicit understanding or strategy that might not have been expressed directly in the response."
221,Female,White,"Some college or university, no degree",5,5,47,1.277777778,low,high,-1,0.60625,0.009433963,-0.300186603,-2.57493512,0.454947685,0.537680761,-0.047343968,Switch when they start giving bad scores,No,Switch when they start giving bad scores ; No,2.1,2.8,2.9,3.9,3.8,"Comprehension: [0.0, 0.1, 0.7, 0.2, 0.0]  
Judgment: [0.0, 0.0, 0.3, 0.6, 0.1]  
Evaluation: [0.0, 0.0, 0.2, 0.7, 0.1]  
Final Decision: [0.0, 0.0, 0.0, 0.1, 0.9]  
Confidence: [0.0, 0.0, 0.0, 0.2, 0.8]  

**Rationale:**

**Comprehension:** The participant's brief response indicates a basic understanding of the task's dynamic nature (switching based on performance feedback). However, the depth of understanding isn't fully clear, hence a higher probability for an ""Adequate"" score.

**Judgment:** The participant's strategy of switching based on performance suggests some level of planning or hypothesis formation about how to act, which is why the probabilities lean towards ""Good.""

**Evaluation:** The participant's reflection implies an evaluation of the strategy's effectiveness (""Switch when they start giving bad scores""), indicating some reflection on whether their strategy worked. This leans towards a ""Good"" score.

**Final Decision:** The participant's response to not switching strategies (""No"") after initially deciding to switch based on performance suggests a strong adherence to their chosen strategy, justifying a high score in ""Final Decision.""

**Confidence:** The participant's concise and straightforward response without expressing doubt suggests a high level of confidence in their understanding and strategy, leading to a high probability for an ""Exemplary"" score in this dimension."
316,Male,White,"High school degree or equivalent (e.g., GED)",10,100,24,0.055555556,low,low,-1,0.54375,0.278486395,-0.003404138,0.989412438,0.635594196,-1.042521991,-1.864533222,At first i was trying to see if there was a pattern. Then i saw that if i picked one color and it was correct if i chose that one a few times if was usually be correct for a few turns. Also i noticed only two colors generally gave out the most points in the round.,Once i found my strategy i stuck to it.,At first i was trying to see if there was a pattern. Then i saw that if i picked one color and it was correct if i chose that one a few times if was usually be correct for a few turns. Also i noticed only two colors generally gave out the most points in the round. ; Once i found my strategy i stuck to it.,3.1,3.4,3,3.8,3.5,"Comprehension: [0.0, 0.0, 0.2, 0.5, 0.3]  
Judgment: [0.0, 0.0, 0.1, 0.4, 0.5]  
Evaluation: [0.0, 0.0, 0.3, 0.4, 0.3]  
Final Decision: [0.0, 0.0, 0.0, 0.2, 0.8]  
Confidence: [0.0, 0.0, 0.1, 0.3, 0.6]  

**Rationale:**

**Comprehension:** The participant shows a good understanding of the task's structure and goals by recognizing the pattern and the rewarding colors. The response indicates a clear grasp of the task dynamics, hence the higher probabilities for scores 3 and 4.

**Judgment:** The participant formed a hypothesis about sticking with a color that initially proved correct and observed the rewarding colors. This indicates a strategic approach to the task, justifying higher scores in judgment.

**Evaluation:** The participant reflects on the effectiveness of their strategy by noting the success of sticking with a color after it proves correct. This shows some evaluation but lacks depth about why this strategy might work or fail, hence a balanced spread across the middle scores.

**Final Decision:** The participant clearly states that once a strategy was found, they stuck to it. This demonstrates a strong and consistent decision strategy, justifying a high score in this dimension.

**Confidence:** The participant's language (""i saw,"" ""i noticed"") and the statement about sticking to the strategy once found suggest a high level of confidence in their approach, meriting higher scores in this dimension."
279,Female,Black or African American,"Bachelor's degree (e.g., BA, BS)",0.1,5,47,1.222222222,low,high,2,0.53125,0.293877551,-0.011106913,0.996595377,0.618234236,-1.458750804,-1.940444098,no,no,no ; no,0,0,0,0,0,Auto-scored due to empty or trivial reflection.
290,Male,White,"Master's degree (e.g., MA, MS, MEd)",5,5,47,0,low,low,-1,0.625,0,-0.205516255,-0.031044344,0.446094051,2.711655286,-1.296548052,"Yes. I basically stayed with the good until proven otherwise. In other words, I rode the bet until it lost and moved on to the next and repeat.","I almost did in the last game and may have for a second, but then decided to go back to my safe strategy.","Yes. I basically stayed with the good until proven otherwise. In other words, I rode the bet until it lost and moved on to the next and repeat. ; I almost did in the last game and may have for a second, but then decided to go back to my safe strategy.",3,3.1,3,3.4,3.2,"Comprehension: [0.0, 0.0, 0.3, 0.4, 0.3]  
Judgment: [0.0, 0.0, 0.2, 0.5, 0.3]  
Evaluation: [0.0, 0.0, 0.3, 0.4, 0.3]  
Final Decision: [0.0, 0.0, 0.1, 0.4, 0.5]  
Confidence: [0.0, 0.0, 0.2, 0.4, 0.4]  

**Rationale:**

**Comprehension:** The participant shows a clear understanding of the task's structure by sticking to a strategy until it fails, indicating they grasped the task's trial-and-error nature. The probabilities reflect a good understanding, though not fully sophisticated or comprehensive.

**Judgment:** The participant formed a clear plan (""rode the bet until it lost"") which shows a strategic approach to the task. The probabilities lean towards a good judgment, with some room for more sophisticated planning or alternative strategies.

**Evaluation:** The participant reflects on their strategy's effectiveness and briefly considers an alternative in the last game, showing some evaluation. The probabilities suggest a good level of reflection but not a deep or comprehensive analysis of strategy effectiveness.

**Final Decision:** The participant describes a consistent rule they applied throughout the task, with a brief deviation towards the end. The probabilities favor a good to exemplary score, reflecting a clear and mostly consistent decision-making process.

**Confidence:** The participant expresses a degree of certainty in their strategy by returning to it after briefly considering a change. The probabilities indicate a good level of confidence, with some room for more explicit expressions of certainty or self-assurance."
25,Male,White,"Some college or university, no degree",5,5,47,0,low,low,-3,0.2625,0.028571429,-0.012522133,1.001195281,0.601584343,-1.951173469,-1.994870828,"Simply, after receiving a positive score, I continued with the current partner for the next score; but after any negative score I immediately switched to a different partner.  (Note: After getting a negative score and therefore switching from one partner to another, if I then immediately received another negative score, then I'd usually switch to the remaining least-recently-used partner.) ... (Note: I didn't hold any specific bias toward or against any partner, at least not consciously.  See my further comments for more about that.)","No, I didn't change my strategy very much or very significantly.  From the first half of the partner game to the second half,  there may have been some inconsistency in how I chose which other partner to try next when switching; but admittedly I wasn't trying to be very systematic about that.  I did eventually begin to think about modifying my strategy, but I wasn't aware of enough information to motivate a specific change. ... Eventually I became aware of some possibility that perhaps the middle partner might have given a higher frequency or percentage of negative scores than the others. But admittedly I wasn't tracking the scores carefully enough to be sure about that.  So I didn't modify my behavior based on that; at least not consciously. ... (Let's suppose, just hypothetically, if I had opted to track the scores more carefully than I actually did, and suppose if I had confirmed some pattern that could fault one of the partners, might I then have been more likely to revise my strategy to disfavor that partner? Perhaps, but still I would've hesitated to change, because I don't necessarily trust past performance as an indicator of future results. Considering the limited length of the game, admittedly I didn't feel sufficiently motivated to track results very carefully or to attempt much of an analysis; and even if I had, I probably would've maintained my simple strategy without much change.) ... (Addendum: Although I've noted a possibility that one partner might've given negative scores more frequently than the others, I've also noted that I wasn't really sure about that; so, on a presumption of innocence without definite proof of guilt, I'll indicate ""Probably not"" on the question of whether a partner attempted any ""deliberate sabotage"".)","Simply, after receiving a positive score, I continued with the current partner for the next score; but after any negative score I immediately switched to a different partner.  (Note: After getting a negative score and therefore switching from one partner to another, if I then immediately received another negative score, then I'd usually switch to the remaining least-recently-used partner.) ... (Note: I didn't hold any specific bias toward or against any partner, at least not consciously.  See my further comments for more about that.) ; No, I didn't change my strategy very much or very significantly.  From the first half of the partner game to the second half,  there may have been some inconsistency in how I chose which other partner to try next when switching; but admittedly I wasn't trying to be very systematic about that.  I did eventually begin to think about modifying my strategy, but I wasn't aware of enough information to motivate a specific change. ... Eventually I became aware of some possibility that perhaps the middle partner might have given a higher frequency or percentage of negative scores than the others. But admittedly I wasn't tracking the scores carefully enough to be sure about that.  So I didn't modify my behavior based on that; at least not consciously. ... (Let's suppose, just hypothetically, if I had opted to track the scores more carefully than I actually did, and suppose if I had confirmed some pattern that could fault one of the partners, might I then have been more likely to revise my strategy to disfavor that partner? Perhaps, but still I would've hesitated to change, because I don't necessarily trust past performance as an indicator of future results. Considering the limited length of the game, admittedly I didn't feel sufficiently motivated to track results very carefully or to attempt much of an analysis; and even if I had, I probably would've maintained my simple strategy without much change.) ... (Addendum: Although I've noted a possibility that one partner might've given negative scores more frequently than the others, I've also noted that I wasn't really sure about that; so, on a presumption of innocence without definite proof of guilt, I'll indicate ""Probably not"" on the question of whether a partner attempted any ""deliberate sabotage"".)",3.4,3.3,3.4,3.5,3,"Comprehension: [0.0, 0.0, 0.1, 0.4, 0.5]
Judgment: [0.0, 0.0, 0.2, 0.3, 0.5]
Evaluation: [0.0, 0.0, 0.1, 0.4, 0.5]
Final Decision: [0.0, 0.0, 0.1, 0.3, 0.6]
Confidence: [0.0, 0.1, 0.2, 0.3, 0.4]

Rationale:
- **Comprehension**: The participant clearly understood the task rules and structure, as evidenced by their systematic approach to switching partners based on the scores received. The reflection shows a good grasp of the task's goals and mechanics, hence the high scores in the upper range.
- **Judgment**: The participant formed a clear hypothesis about how to act, which involved switching partners based on the outcome of previous interactions. This strategy indicates a thoughtful plan, although there was some admitted inconsistency, which prevents the highest score.
- **Evaluation**: The participant reflected on the effectiveness of their strategy and considered the possibility of changing it based on the performance of the partners. They acknowledged not tracking the scores carefully but thought about what might have been if they had. This shows a good level of self-evaluation.
- **Final Decision**: The participant described a consistent rule for their decision-making process, which involved switching partners based on negative scores and trying to use the least recently used partner. They also considered, but ultimately did not make, changes to this strategy based on insufficient data, which shows a rational approach to decision-making.
- **Confidence**: The participant expressed some doubt about their approach, particularly regarding the reliability of past performance as an indicator of future results and their own tracking of the scores. This uncertainty is reflected in the moderate to high scores, indicating a balanced view of their confidence level."
213,Male,White,"Bachelor's degree (e.g., BA, BS)",10,100,24,0,low,low,0,0.35625,0.07905983,0.002858861,0.983473738,0.61232863,-1.707308651,-1.972797521,"No, didn't use a particular strategy.","Sometimes I did but for the most part, no.","No, didn't use a particular strategy. ; Sometimes I did but for the most part, no.",1.7,1,0.7,1.1,1.3,"Comprehension: [0.1, 0.3, 0.4, 0.2, 0.0]  
Judgment: [0.4, 0.3, 0.2, 0.1, 0.0]  
Evaluation: [0.5, 0.3, 0.2, 0.0, 0.0]  
Final Decision: [0.3, 0.4, 0.2, 0.1, 0.0]  
Confidence: [0.2, 0.4, 0.3, 0.1, 0.0]  

**Rationale:**

**Comprehension:** The participant's response suggests a basic understanding of the task as they acknowledge the use of strategy, albeit inconsistently. The probability distribution leans towards a lower score because the understanding isn't clearly articulated or detailed, but there is some evidence they grasped the task's demands.

**Judgment:** The participant indicates some level of planning or hypothesizing (""Sometimes I did"") but also states a lack of consistent strategy use. This suggests a rudimentary to adequate level of judgment used intermittently. The higher probabilities are given to lower scores reflecting the vague and minimal planning described.

**Evaluation:** The reflection lacks a clear assessment of whether the strategies used were effective or why certain decisions were made. The participant does not provide insight into the success or failure of their actions, leading to a higher probability of lower scores.

**Final Decision:** The participant mentions not using a particular strategy consistently, which implies a lack of a consistent rule or decision strategy. The response suggests some level of decision-making but not a well-defined or consistent approach, justifying mid to lower range scores.

**Confidence:** The participant's statement reflects some uncertainty and inconsistency in their approach (""No, didn't use a particular strategy. ; Sometimes I did but for the most part, no.""). This indicates a lack of confidence in their strategy usage, warranting a distribution that leans towards lower confidence scores."
391,Male,White,"Bachelor's degree (e.g., BA, BS)",10,100,47,2.888888889,high,high,3,0.475,0.39255814,-0.010547689,0.997759793,0.619805463,-1.481549676,-1.939428075,No,No,No ; No,0,0,0,0,0,Auto-scored due to empty or trivial reflection.
374,Female,White,"High school degree or equivalent (e.g., GED)",10,100,24,1.444444444,low,high,-2,0.425,0.539356984,0.007067432,0.999489064,0.610177306,-1.676034439,-1.973887153,Nope,Nope,Nope ; Nope,0.1,0.1,0.1,0.1,0.1,"Comprehension: [0.9, 0.1, 0.0, 0.0, 0.0]  
Judgment: [0.9, 0.1, 0.0, 0.0, 0.0]  
Evaluation: [0.9, 0.1, 0.0, 0.0, 0.0]  
Final Decision: [0.9, 0.1, 0.0, 0.0, 0.0]  
Confidence: [0.9, 0.1, 0.0, 0.0, 0.0]  

Rationale: The participant's response ""Nope ; Nope"" to both reflection questions provides almost no information about their understanding of the task, their judgment or planning process, their evaluation of the strategy used, the final decision strategy they applied, or their confidence in their approach. The response is extremely minimal and lacks any substantive content that could be evaluated across the metacognitive dimensions. Therefore, the probabilities are heavily weighted towards a score of 0 (Absent) for all dimensions, with a slight possibility (0.1) of a score of 1 (Rudimentary) to allow for any minimal, albeit unclear, indication of reflection that might be inferred."
410,Male,White,"Bachelor's degree (e.g., BA, BS)",0.05,5,47,1,low,low,1,0.44375,0.49047619,0.008466174,0.995653604,0.612353408,-1.555199176,-1.946749694,,, ; ,0,0,0,0,0,Auto-scored due to empty or trivial reflection.
226,Male,White,"Bachelor's degree (e.g., BA, BS)",0.05,5,24,0.277777778,low,low,-3,0.5625,0.409207161,0.001205154,0.968436818,0.63545676,-1.040794565,-1.869548155,,, ; ,0,0,0,0,0,Auto-scored due to empty or trivial reflection.
399,Male,White,"High school degree or equivalent (e.g., GED)",5,5,47,0,low,low,0,0.5625,0.010869565,-0.570913767,-2.139953667,0.437774157,1.82541672,-1.514885993,no,I didn't use any strategy in the game.,no ; I didn't use any strategy in the game.,1.7,0.2,0.2,1.7,3.4,"Comprehension: [0.1, 0.3, 0.4, 0.2, 0.0]  
Judgment: [0.8, 0.2, 0.0, 0.0, 0.0]  
Evaluation: [0.8, 0.2, 0.0, 0.0, 0.0]  
Final Decision: [0.1, 0.3, 0.4, 0.2, 0.0]  
Confidence: [0.0, 0.0, 0.1, 0.4, 0.5]  

**Rationale:**

**Comprehension:** The participant's statement ""no ; I didn't use any strategy in the game"" suggests a minimal understanding of the task's strategic requirements, indicating some awareness but a lack of engagement with the task's deeper strategic elements. The probabilities reflect a slight inclination towards rudimentary understanding, with some chance of adequate comprehension if the participant understood the game but chose not to engage strategically.

**Judgment:** The explicit statement of not using any strategy indicates a near absence of forming a hypothesis or plan about how to act within the game. The high probability for a score of 0 reflects this lack of strategic planning.

**Evaluation:** Similarly, the lack of strategy use implies that there was no reflection on the effectiveness of a strategy or reasons for its success or failure. The probabilities are skewed towards a score of 0, reflecting an absence of this dimension.

**Final Decision:** The participant's statement indirectly suggests that their final decision was to not engage with strategic play. This is interpreted as a consistent rule or decision strategy (i.e., non-engagement), but it's a minimalistic approach. The probabilities reflect some chance of rudimentary to adequate scoring, considering that a decision to not strategize is still a form of decision-making.

**Confidence:** The participant's brief and definitive statement shows a high level of confidence in their approach (or non-approach) to the game. The probabilities are weighted towards higher scores in this dimension, reflecting the participant's certainty about their chosen method (or lack thereof)."
479,Male,White,"Bachelor's degree (e.g., BA, BS)",0.1,5,47,1.235294118,low,high,-2,0.55625,0.092222222,-0.044139423,-0.005084891,0.452879069,2.407532768,-0.76496254,made a decision based on what i think,no,made a decision based on what i think ; no,1.7,1.6,0.2,1.7,1.7,"Comprehension: [0.1, 0.3, 0.4, 0.2, 0.0]  
Judgment: [0.1, 0.4, 0.3, 0.2, 0.0]  
Evaluation: [0.8, 0.2, 0.0, 0.0, 0.0]  
Final Decision: [0.1, 0.3, 0.4, 0.2, 0.0]  
Confidence: [0.1, 0.3, 0.4, 0.2, 0.0]  

**Rationale:**

**Comprehension:** The participant's response is minimal and does not explicitly show a deep understanding of the task rules, structure, or goal. However, the mention of making a decision implies some level of understanding. The probabilities reflect a slight inclination towards rudimentary to adequate comprehension.

**Judgment:** The participant indicates they made a decision based on their thoughts, suggesting some form of judgment or planning was involved. The response is not detailed, so higher scores are less likely. The distribution leans towards rudimentary to adequate judgment.

**Evaluation:** The participant's response lacks any reflection on the effectiveness or reasoning behind their strategy, leading to a high probability for an absent score in evaluation.

**Final Decision:** The participant mentions making a decision, but there is no clear description of a consistent rule or strategy applied throughout the task. The probabilities suggest a rudimentary to adequate understanding of their final decision-making process.

**Confidence:** The participant's brief response does not convey a strong sense of certainty or doubt about their approach or understanding. The probabilities are distributed to reflect uncertainty, leaning towards rudimentary to adequate confidence."
214,Male,White,"High school degree or equivalent (e.g., GED)",0.05,5,47,0,low,low,-2,0.55625,0.018867925,-0.153565565,0.289731732,0.395444509,2.763295054,-1.028516128,no,no,no ; no,0,0,0,0,0,Auto-scored due to empty or trivial reflection.
111,Female,White,"Bachelor's degree (e.g., BA, BS)",0.05,5,47,0.166666667,low,low,-1,0.525,0.010204082,-0.105524571,0.953889361,0.638247341,-1.030036752,-1.82469111,no,no,no ; no,0,0,0,0,0,Auto-scored due to empty or trivial reflection.
385,Male,Black or African American,"Bachelor's degree (e.g., BA, BS)",ten,100,24,0,low,low,-1,0.58125,0.079392733,0.06537964,-1.565791834,0.451920496,1.203102736,-0.651301855,I just went with one choice until it was negative then switched to the next.,No.,I just went with one choice until it was negative then switched to the next. ; No.,2.5,2.8,3.8,4,4,"Comprehension: [0.0, 0.0, 0.5, 0.5, 0.0]  
Judgment: [0.0, 0.0, 0.2, 0.8, 0.0]  
Evaluation: [0.0, 0.0, 0.0, 0.2, 0.8]  
Final Decision: [0.0, 0.0, 0.0, 0.0, 1.0]  
Confidence: [0.0, 0.0, 0.0, 0.0, 1.0]  

**Rationale:**

**Comprehension:** The participant understood the basic task structure, as indicated by their strategy of sticking with one choice until it failed. This shows a grasp of the task's reversal nature, but the explanation lacks depth about the overall goal or rules beyond the immediate response to negative feedback. Hence, a split between ""Adequate"" and ""Good"" seems fair.

**Judgment:** The participant clearly formed a plan to stick with one choice until it failed, which shows a straightforward but effective approach to the task. The clarity and simplicity of the plan suggest a strong judgment, leaning more towards ""Good.""

**Evaluation:** The participant's reflection lacks a detailed analysis of why their strategy worked, but the simplicity and effectiveness of the strategy in a probabilistic task suggest a high level of implicit evaluation. They understood the effectiveness of their approach, which is why a higher score in ""Evaluation"" is justified.

**Final Decision:** The participant explicitly stated their decision strategy and did not indicate any deviation from it throughout the task. This clear and consistent adherence to a single strategy justifies a perfect score in ""Final Decision.""

**Confidence:** The participant's brief and straightforward response, with no indication of doubt or reconsideration, reflects a high level of confidence in their chosen strategy. The lack of any expressed uncertainty supports a high score in this dimension."
266,Male,White,"Bachelor's degree (e.g., BA, BS)",5,5,47,0.055555556,low,low,1,0.5375,0.017857143,-0.200212336,-1.185069692,0.459949713,1.855370876,-0.906170945,I tried to stick with what was working until it did not,Not really.  I tried to stick with what was working until it did not.  At times it was challenging to find one that was working,I tried to stick with what was working until it did not ; Not really.  I tried to stick with what was working until it did not.  At times it was challenging to find one that was working,2.5,2.8,3,3.2,2.3,"Comprehension: [0.0, 0.1, 0.4, 0.4, 0.1]  
Judgment: [0.0, 0.0, 0.3, 0.6, 0.1]  
Evaluation: [0.0, 0.0, 0.2, 0.6, 0.2]  
Final Decision: [0.0, 0.0, 0.1, 0.6, 0.3]  
Confidence: [0.0, 0.2, 0.4, 0.3, 0.1]  

Rationale:  
- **Comprehension**: The participant shows some understanding of the task by recognizing the need to stick with a strategy until it fails. However, the depth of understanding the task structure or rules isn't fully articulated, hence a higher probability in the middle range.
- **Judgment**: The participant formed a basic plan to stick with what works, indicating some level of judgment. The clarity isn't profound, but there is a definite plan mentioned, thus a higher score in the 'Good' range.
- **Evaluation**: The participant reflects on the effectiveness of their strategy by noting the challenge in finding a working strategy, which shows some evaluation. The reflection isn't deeply analytical but acknowledges strategy effectiveness, leading to a higher score in 'Good'.
- **Final Decision**: The participant describes a consistent rule of sticking with what works until it doesn't. This shows a clear decision strategy, though not highly sophisticated, hence a higher score in 'Good'.
- **Confidence**: The participant shows some uncertainty in their approach, especially in finding a working strategy, which indicates moderate confidence. The expression of doubt prevents higher scores in confidence, leading to a peak in 'Adequate'."
286,Female,White,"Associate degree (e.g., AA, AS)",10,5,47,0,low,low,-2,0.6375,0.028846154,0.021092731,-0.578056478,0.448294051,2.597907769,-0.370574235,no stratagy,no,no stratagy ; no,0.2,0.2,0.2,0.2,0.2,"Comprehension: [0.8, 0.2, 0.0, 0.0, 0.0]  
Judgment: [0.8, 0.2, 0.0, 0.0, 0.0]  
Evaluation: [0.8, 0.2, 0.0, 0.0, 0.0]  
Final Decision: [0.8, 0.2, 0.0, 0.0, 0.0]  
Confidence: [0.8, 0.2, 0.0, 0.0, 0.0]  

**Rationale:**  
The participant's reflection, ""no strategy; no,"" is extremely brief and lacks depth across all metacognitive dimensions. 

- **Comprehension:** The response suggests a minimal understanding of the task, as acknowledging the absence of a strategy might imply some basic awareness of the task's demands. However, there is no evidence of a deeper understanding or engagement with the task rules or goals.
- **Judgment:** The participant indicates no formation of a hypothesis or plan (""no strategy""), which suggests a lack of proactive or strategic thinking about how to approach the task.
- **Evaluation:** There is no reflection on the effectiveness of their approach or any reasoning about why they chose not to use a strategy, indicating a lack of evaluative thinking.
- **Final Decision:** The participant does not describe any consistent rule or decision strategy, only the absence of one. This suggests a lack of strategic decision-making.
- **Confidence:** The terse response does not explicitly convey confidence or doubt; however, the lack of engagement might imply a low level of confidence or interest in the task.

Given the brevity and lack of substantive content in the reflection, the probabilities are heavily weighted towards a score of 0, indicating an absence of metacognitive engagement across all dimensions."
26,Male,White,"High school degree or equivalent (e.g., GED)",5,5,47,0.333333333,low,low,2,0.625,0.044642857,-0.088049895,0.176288062,0.477124124,1.478543739,0.336820791,I stayed with a certain partner until they didn't pay off on one round. I then switched to the other partners and stuck with the one that did pay off.,No.,I stayed with a certain partner until they didn't pay off on one round. I then switched to the other partners and stuck with the one that did pay off. ; No.,3,3.1,2.5,3.4,3.3,"Comprehension: [0.0, 0.0, 0.3, 0.4, 0.3]  
Judgment: [0.0, 0.0, 0.2, 0.5, 0.3]  
Evaluation: [0.0, 0.1, 0.4, 0.4, 0.1]  
Final Decision: [0.0, 0.0, 0.1, 0.4, 0.5]  
Confidence: [0.0, 0.0, 0.2, 0.3, 0.5]  

Rationale:
- **Comprehension**: The participant shows a basic understanding of the task rules by describing their approach to switching partners based on payoff outcomes. The response indicates a grasp of the task's structure and goal, hence the higher probabilities towards the upper end of the scale.
- **Judgment**: The participant's strategy formulation is evident as they describe sticking with a partner until a non-payoff round and then switching. This shows a planned approach, meriting a higher score in judgment.
- **Evaluation**: The participant reflects minimally on the effectiveness of their strategy by implicitly suggesting it was based on the payoff outcome, but does not deeply analyze why this strategy worked or didn't, hence a moderate score.
- **Final Decision**: The participant describes a consistent rule or decision strategy by sticking with the partner that pays off, which shows a clear decision-making process. This is reflected in the higher probabilities towards the upper scale.
- **Confidence**: The participant does not explicitly express confidence or doubt about their strategy. However, the straightforward statement of their approach suggests some level of confidence, thus the probabilities lean towards the higher end but not fully exemplary."
104,Male,Black or African American,"Some college or university, no degree",5,5,47,1.611111111,high,high,1,0.58125,0.020408164,-0.865863307,-1.861198262,0.457908173,1.730367289,-0.594399341,"When I would get -50, I'd try a different partner.",no,"When I would get -50, I'd try a different partner. ; no",2.1,3.1,1.7,3.4,1.5,"Comprehension: [0.0, 0.1, 0.7, 0.2, 0.0]  
Judgment: [0.0, 0.0, 0.2, 0.5, 0.3]  
Evaluation: [0.1, 0.3, 0.4, 0.2, 0.0]  
Final Decision: [0.0, 0.0, 0.1, 0.4, 0.5]  
Confidence: [0.2, 0.3, 0.3, 0.2, 0.0]  

**Rationale:**

**Comprehension:**  
The participant shows an understanding of the task's feedback mechanism (receiving -50) and reacts accordingly. The response indicates a basic grasp of the task structure, but lacks depth in explaining the overall goal or rules beyond reacting to negative feedback. Hence, a higher probability is given to an ""Adequate"" score.

**Judgment:**  
The participant's strategy of changing partners after negative feedback suggests some form of planning or hypothesis testing (""if I get -50, then I change partners""). This indicates a clear judgment process, though not highly detailed or sophisticated. A ""Good"" score is most probable, with some possibility of an ""Exemplary"" score due to the clear conditional reasoning.

**Evaluation:**  
The reflection minimally evaluates the effectiveness of the strategy, primarily implied through the continued use of the strategy (changing partners upon receiving -50). The participant does not explicitly reflect on why this strategy might work or not, leading to a higher score in ""Adequate.""

**Final Decision:**  
The participant describes a consistent rule they applied throughout the task (changing partners after negative feedback). This shows a clear decision strategy, leaning towards a ""Good"" or ""Exemplary"" score, as they stuck to this rule throughout the task.

**Confidence:**  
The participant's confidence in their strategy is not explicitly stated, and the brief response suggests some uncertainty or minimal reflection on the confidence aspect. The probabilities are spread across lower scores, indicating uncertainty about the participant's confidence level."
278,Male,Black or African American,"Bachelor's degree (e.g., BA, BS)",10,100,47,0.222222222,low,low,-2,0.6375,0.009433963,-0.162950848,-0.581530959,0.438935422,2.401538017,-0.937321393,I kept choosing the same person until the numbers were negative.,No.,I kept choosing the same person until the numbers were negative. ; No.,3,3.1,2,3.7,3.4,"Comprehension: [0.0, 0.0, 0.3, 0.4, 0.3]  
Judgment: [0.0, 0.0, 0.2, 0.5, 0.3]  
Evaluation: [0.1, 0.2, 0.4, 0.2, 0.1]  
Final Decision: [0.0, 0.0, 0.0, 0.3, 0.7]  
Confidence: [0.0, 0.0, 0.1, 0.4, 0.5]  

**Rationale:**

**Comprehension:** The participant shows a basic understanding of the task rules by sticking with one option until it no longer yields positive results. The response indicates a grasp of the task's probabilistic nature, though not deeply explained. The probabilities reflect a good but not exemplary understanding.

**Judgment:** The participant's strategy of sticking with one choice until it fails suggests a planned approach, though not elaborately justified or explored. The higher probabilities for scores 3 and 4 reflect this implicit planning.

**Evaluation:** The participant briefly reflects on the outcome of their strategy (""until the numbers were negative""), indicating some level of evaluation but lacking depth or a thorough analysis of why the strategy worked or didn't. The distribution leans towards an adequate reflection.

**Final Decision:** The participant clearly states a consistent decision strategy (""kept choosing the same person""), which they adhered to throughout the task. The high probabilities for scores 3 and 4 reflect this clear articulation of a consistent rule.

**Confidence:** The participant does not explicitly express confidence or doubt, but the simplicity and straightforwardness of the strategy (""kept choosing the same person"") and the lack of questioning or changing it suggest a level of confidence. The higher probabilities for scores 3 and 4 reflect this inferred confidence."
268,Male,Asian,"Bachelor's degree (e.g., BA, BS)",10,5,24,0,low,low,-3,0.56875,0.074276222,0.012644989,0.059865142,0.532711726,1.481147734,1.008419371,none,none,none ; none,0,0,0,0,0,"Comprehension: [1.0, 0.0, 0.0, 0.0, 0.0]  
Judgment: [1.0, 0.0, 0.0, 0.0, 0.0]  
Evaluation: [1.0, 0.0, 0.0, 0.0, 0.0]  
Final Decision: [1.0, 0.0, 0.0, 0.0, 0.0]  
Confidence: [1.0, 0.0, 0.0, 0.0, 0.0]  

Rationale: The participant's response ""none ; none"" to both reflection questions indicates a complete absence of engagement with the task at a metacognitive level. There is no evidence of understanding the task rules, forming any hypothesis or plan, reflecting on the strategy's effectiveness, describing a consistent decision strategy, or expressing any certainty or doubt about their approach. Therefore, the probability estimates for scoring a 0 (Absent) in all dimensions are set at 1.0, reflecting the total lack of relevant content in the participant's reflection."
188,Male,Asian,"Some college or university, no degree",0.1,100,47,0,low,low,-1,0.475,0.022222222,-0.101465772,0.883811908,0.643187902,-0.787087404,-1.740013324,I tried to find the person that offered the most consistent positive values.,I did switch my choice when I was getting too many negative results with my choice.,I tried to find the person that offered the most consistent positive values. ; I did switch my choice when I was getting too many negative results with my choice.,3,3.1,3.4,3.2,2.7,"Comprehension: [0.0, 0.0, 0.3, 0.4, 0.3]  
Judgment: [0.0, 0.0, 0.2, 0.5, 0.3]  
Evaluation: [0.0, 0.0, 0.1, 0.4, 0.5]  
Final Decision: [0.0, 0.0, 0.2, 0.4, 0.4]  
Confidence: [0.0, 0.1, 0.3, 0.4, 0.2]  

**Rationale:**

**Comprehension:**  
The participant shows a clear understanding of the task's goal, which was to identify the option providing the most consistent positive outcomes. The reflection indicates a grasp of the task structure and rules, hence the higher probabilities towards the upper end of the scale.

**Judgment:**  
The participant formed a plan to track and choose the option with the most consistent positive results. This indicates a strategic approach, meriting a higher score in judgment. The reflection suggests a structured approach but lacks detailed explanation of how choices were tracked or compared, hence not a full score.

**Evaluation:**  
The participant reflects on the effectiveness of their strategy by mentioning the switch in choices upon receiving too many negative results. This shows a good level of self-evaluation and adjustment based on outcomes, justifying higher scores in this dimension.

**Final Decision:**  
The participant describes a consistent rule or decision strategy by initially selecting based on consistency and then switching upon negative outcomes. This indicates a clear strategy, though the reflection could have benefited from more detail on the criteria for switching, hence the distribution leaning towards higher scores but not fully exemplary.

**Confidence:**  
The participant's confidence in their approach is implied rather than explicitly stated. They mention a clear strategy and a reason for switching, which suggests some level of confidence. However, the lack of explicit confidence or doubt expressions leads to a more balanced distribution across the middle scores."
303,Female,White,"Doctorate or professional degree  (e.g., PhD, MD, JD)",5,100,47,0.111111111,low,low,0,0.6375,0,-0.144963977,0.234452608,0.44123812,2.715375188,-0.522894709,I just stuck with the partner that resulted in 100 until the partner changed.,Not really.,I just stuck with the partner that resulted in 100 until the partner changed. ; Not really.,3,3.1,2,3.4,3.5,"Comprehension: [0.0, 0.0, 0.3, 0.4, 0.3]  
Judgment: [0.0, 0.0, 0.2, 0.5, 0.3]  
Evaluation: [0.1, 0.2, 0.4, 0.2, 0.1]  
Final Decision: [0.0, 0.0, 0.1, 0.4, 0.5]  
Confidence: [0.0, 0.0, 0.1, 0.3, 0.6]  

**Rationale:**

**Comprehension:** The participant shows a basic understanding of the task by sticking with a choice that previously resulted in a reward. The reflection indicates an understanding of the task's reward structure, though not deeply explained. The probabilities reflect a good understanding but not exemplary due to lack of depth.

**Judgment:** The participant's strategy of sticking with a rewarding choice until it changes suggests a planned approach, indicating some judgment in decision-making. The higher probabilities for scores 3 and 4 reflect this clear but not sophisticated strategy.

**Evaluation:** The participant's brief reflection on strategy effectiveness (""until the partner changed"") suggests some evaluation but lacks depth or detailed analysis of why the strategy worked or didn't. The distribution leans towards an adequate understanding.

**Final Decision:** The participant describes a consistent rule they applied (""stuck with the partner that resulted in 100""), which shows a clear final decision strategy. The probabilities are higher for scores 3 and 4, indicating a good to exemplary clarity in describing their decision-making process.

**Confidence:** The participant's use of a semicolon followed by a brief negation (""Not really"") suggests some uncertainty or reconsideration about their strategy, indicating a level of confidence but with some doubt. The higher probabilities for scores 3 and 4 reflect this nuanced expression of confidence mixed with uncertainty."
16,Male,White,"Associate degree (e.g., AA, AS)",5,5,47,0,low,low,1,0.49375,0.018181818,-0.362197753,-1.280155387,0.448564232,1.909756789,-0.94272916,I just tried to anticipate when a person would turn on me,No,I just tried to anticipate when a person would turn on me ; No,2.1,2.5,0.4,3.4,1.7,"Comprehension: [0.0, 0.3, 0.4, 0.2, 0.1]  
Judgment: [0.0, 0.1, 0.4, 0.4, 0.1]  
Evaluation: [0.7, 0.2, 0.1, 0.0, 0.0]  
Final Decision: [0.0, 0.0, 0.1, 0.4, 0.5]  
Confidence: [0.1, 0.3, 0.4, 0.2, 0.0]  

**Rationale:**

**Comprehension:** The participant's reflection shows some understanding of the task as they mention trying to anticipate a change, which is relevant to a reversal learning task. However, the reflection lacks depth about the specific rules or structure of the task, hence the higher probabilities for scores 1 and 2.

**Judgment:** The participant indicates a strategy of anticipation, which reflects some form of hypothesis or plan. The clarity and depth are not fully developed, but there is evidence of a basic judgment process, leading to higher probabilities for scores 2 and 3.

**Evaluation:** The participant does not provide much reflection on whether their strategy was effective or why it might have worked or failed. The response is mostly absent of evaluation, thus the high probability for a score of 0.

**Final Decision:** The participant's strategy seems to be consistent, as indicated by their brief response to not switching strategies. This suggests a somewhat clear decision strategy, warranting higher probabilities for scores 3 and 4.

**Confidence:** The participant's confidence in their approach or understanding is not explicitly mentioned, and the brief nature of the response suggests some uncertainty. This leads to a higher probability for a score of 2, with some chance of lower confidence reflected in scores 1 and 0."
377,Female,White,"Some college or university, no degree",10,5,47,0.111111111,low,low,3,0.63125,0.042372881,0.064398969,-0.338500071,0.446965918,1.760385628,-0.846359178,"yes, If I got a 100, I kept on that deck until it changed.",no,"yes, If I got a 100, I kept on that deck until it changed. ; no",2.1,3.1,0.2,3.7,1.5,"Comprehension: [0.0, 0.1, 0.7, 0.2, 0.0]  
Judgment: [0.0, 0.0, 0.2, 0.5, 0.3]  
Evaluation: [0.8, 0.2, 0.0, 0.0, 0.0]  
Final Decision: [0.0, 0.0, 0.0, 0.3, 0.7]  
Confidence: [0.1, 0.4, 0.4, 0.1, 0.0]  

Rationale:
- **Comprehension**: The participant shows a basic understanding of the task rules by sticking to a deck after a successful outcome (score of 100). However, the response lacks depth in explaining the overall goal or structure of the task, hence a higher probability for an ""Adequate"" rating.
- **Judgment**: The participant indicates a clear plan (sticking with a deck after a high score), suggesting some level of strategic thinking. The response hints at a hypothesis about the task's mechanics, thus leaning towards a ""Good"" rating.
- **Evaluation**: The participant does not reflect on the effectiveness of their strategy beyond a simple action-reaction statement. There is no analysis of why this strategy might work or fail, leading to a high probability of an ""Absent"" rating.
- **Final Decision**: The participant describes a consistent rule they applied (continuing with a deck after scoring 100), which is a clear decision strategy. This warrants a higher score towards ""Exemplary"".
- **Confidence**: The participant's confidence in their strategy is not explicitly stated, and the brevity and simplicity of the response suggest uncertainty or minimal self-assurance. This results in a higher probability for ""Adequate"" and ""Rudimentary"" ratings."
334,Female,White,"Master's degree (e.g., MA, MS, MEd)",10,5,47,0.611111111,low,low,-1,0.61875,0.020408164,-0.036671235,-0.903048086,0.429321592,2.163328625,-0.231903153,Tried to stick with the person that had 100 points most of the time,I would have to change my selection when that person did not have the 100 points,Tried to stick with the person that had 100 points most of the time ; I would have to change my selection when that person did not have the 100 points,3,3.1,2,3.4,3.5,"Comprehension: [0.0, 0.0, 0.3, 0.4, 0.3]  
Judgment: [0.0, 0.0, 0.2, 0.5, 0.3]  
Evaluation: [0.1, 0.2, 0.4, 0.2, 0.1]  
Final Decision: [0.0, 0.0, 0.1, 0.4, 0.5]  
Confidence: [0.0, 0.0, 0.1, 0.3, 0.6]  

**Rationale:**

**Comprehension:** The participant shows a basic understanding of the task's goal (to stick with the person who had 100 points). The reflection indicates some grasp of the task structure but lacks depth in explaining the rules fully. The probabilities reflect a good but not exemplary understanding.

**Judgment:** The participant formed a basic plan (to follow the person with 100 points) and adapted when needed. The reflection shows a clear strategy but lacks depth in strategic planning or anticipation of changes, hence a higher probability towards a good score.

**Evaluation:** The participant reflects minimally on the effectiveness of their strategy (""I would have to change my selection when that person did not have the 100 points""), indicating some evaluation but not a deep analysis of why changes were necessary or how effective the strategy was overall.

**Final Decision:** The participant describes a consistent rule or decision strategy (sticking with the person who had 100 points and changing when necessary). The reflection shows a clear decision-making process, leaning towards a good to exemplary description.

**Confidence:** The participant's reflection shows some confidence in their strategy by sticking to a rule-based approach, but there is minimal expression of certainty about its effectiveness, hence a higher probability towards a good score. The participant does not express significant doubt, which supports a lower probability for lower scores."
358,Male,White,"Some college or university, no degree",5,5,47,0,low,low,-1,0.65,0,-0.022213721,-0.869982222,0.514405326,1.864101655,0.079806865,I usually waited until I saw the -50 twice fairly close to each other in the deck before switching.,I sometimes only waited for the -50 to show once before switching decks later in the game.,I usually waited until I saw the -50 twice fairly close to each other in the deck before switching. ; I sometimes only waited for the -50 to show once before switching decks later in the game.,3,3.1,2.5,3.1,2.3,"Comprehension: [0.0, 0.0, 0.3, 0.4, 0.3]  
Judgment: [0.0, 0.0, 0.2, 0.5, 0.3]  
Evaluation: [0.0, 0.1, 0.4, 0.4, 0.1]  
Final Decision: [0.0, 0.0, 0.2, 0.5, 0.3]  
Confidence: [0.0, 0.2, 0.4, 0.3, 0.1]  

**Rationale:**

**Comprehension:** The participant shows a clear understanding of the task's structure and rules by describing their response to specific outcomes (-50 points). They demonstrate an understanding of the task's probabilistic nature and the need for strategy adjustment based on outcomes. The probabilities reflect a good understanding, though not fully comprehensive, hence a higher score towards 3.

**Judgment:** The participant formed a hypothesis about when to switch decks based on the frequency of negative outcomes. This indicates a planned approach to the task, showing clear judgment. The probabilities lean towards a good score, acknowledging the presence of a clear strategy but not a highly sophisticated one.

**Evaluation:** The participant reflects on their strategy's effectiveness by adjusting it later in the game, indicating some evaluation of their approach. However, the depth of this reflection is not fully detailed or comprehensive, leading to a higher probability around scores 2 and 3.

**Final Decision:** The participant describes a consistent rule they applied (waiting for -50 points occurrences) and mentions adjusting this rule as the game progressed. This shows a clear decision strategy, though the explanation of why this adjustment was made could be more detailed, leading to a higher score towards 3.

**Confidence:** The participant does not explicitly express confidence or doubt about their strategy, but the adjustment of the strategy suggests some uncertainty or reevaluation. The probabilities reflect moderate confidence, with a slight lean towards uncertainty, hence a higher score around 2 and 3."
432,Female,Asian,"Bachelor's degree (e.g., BA, BS)",5,100,47,0.055555556,low,low,-1,0.65625,0.00877193,0.042320498,-0.196852924,0.454683538,2.455673749,0.392054995,no,no,no ; no,0,0,0,0,0,Auto-scored due to empty or trivial reflection.
363,Female,White,"Master's degree (e.g., MA, MS, MEd)",5,5,47,0.111111111,low,low,-2,0.675,0.009615385,-0.114608128,-1.668536466,0.487418054,1.340550703,-0.217256471,"I stayed on a stack that was performing well until it stopped, then I cycled through the other options to find the next best option",No,"I stayed on a stack that was performing well until it stopped, then I cycled through the other options to find the next best option ; No",3.4,3.3,3,3.4,3.5,"Comprehension: [0.0, 0.0, 0.1, 0.4, 0.5]
Judgment: [0.0, 0.0, 0.2, 0.3, 0.5]
Evaluation: [0.0, 0.0, 0.3, 0.4, 0.3]
Final Decision: [0.0, 0.0, 0.1, 0.4, 0.5]
Confidence: [0.0, 0.0, 0.1, 0.3, 0.6]

**Rationale:**

**Comprehension:** The participant clearly understood the task rules and goals as they described sticking with a performing option and switching when it ceased to perform. The strategy indicates a good grasp of the task's probabilistic nature and reversal learning aspect. The high scores reflect this understanding.

**Judgment:** The participant formed a clear plan to stay with a performing stack and then cycle through others when needed. This shows a strategic approach to the task, deserving a higher score, indicating a thoughtful and planned method.

**Evaluation:** The participant implicitly evaluated their strategy by mentioning they switched when the stack stopped performing well. This shows some reflection on the strategy's effectiveness, though not deeply detailed, hence a balanced score distribution leaning slightly towards higher values.

**Final Decision:** The participant described a consistent rule or decision strategy by sticking to a stack until performance declined and then cycling through others. This shows a clear and consistent strategy application, meriting a higher score.

**Confidence:** The participant did not express explicit confidence or doubt but demonstrated a clear and consistent strategy without questioning its validity, suggesting a higher level of confidence in their approach. The higher scores reflect this implicit confidence."
143,Female,"Asian,White","Bachelor's degree (e.g., BA, BS)",10,100,47,0.722222222,low,low,3,0.45625,0.025062657,-0.032511591,0.947562299,0.626465366,-1.238620603,-1.831816815,"Yes, if I found a partner to be helpful 100% then I was likely to pick them again. I found a pattern that most times it was the same partner with a few times where it was not so I kept choosing that same partner unless I ran into 3 or more times when they were not helpful then chose a different partner.",Yes. At the beginning I randomly chose but changed after I started to notice a pattern.,"Yes, if I found a partner to be helpful 100% then I was likely to pick them again. I found a pattern that most times it was the same partner with a few times where it was not so I kept choosing that same partner unless I ran into 3 or more times when they were not helpful then chose a different partner. ; Yes. At the beginning I randomly chose but changed after I started to notice a pattern.",3.4,3.5,3.3,3.5,3.4,"Comprehension: [0.0, 0.0, 0.1, 0.4, 0.5]  
Judgment: [0.0, 0.0, 0.1, 0.3, 0.6]  
Evaluation: [0.0, 0.0, 0.2, 0.3, 0.5]  
Final Decision: [0.0, 0.0, 0.1, 0.3, 0.6]  
Confidence: [0.0, 0.0, 0.1, 0.4, 0.5]  

Rationale:
- **Comprehension**: The participant clearly understood the task rules and goals, as evidenced by their strategy of sticking with a helpful partner until a pattern of unhelpfulness emerged. The reflection shows a good grasp of the task structure, hence the high scores towards 4.
- **Judgment**: The participant formed a clear hypothesis about choosing partners based on their helpfulness and adjusted their strategy based on observed outcomes, indicating a sophisticated approach to decision-making.
- **Evaluation**: The participant reflected on the effectiveness of their strategy by monitoring the consistency of a partner's helpfulness and adjusting their choices accordingly. This shows a thoughtful evaluation process.
- **Final Decision**: The participant described a consistent rule for their decision strategy, which involved sticking with a helpful partner until a threshold of unhelpfulness was reached, then switching. This clear articulation of their decision rule justifies a high score.
- **Confidence**: The participant's strategy and reflections suggest a high level of confidence in their understanding and approach, as they clearly articulated their observations and adjustments without expressing doubt."
249,Male,White,"Some college or university, no degree",0.1,100,47,0.111111111,low,low,-1,0.5625,0,-0.545976889,-1.670626014,0.430087627,1.359716064,1.288341071,"No, I did not use a strategy. Just keep going with the one thats giving me points.",No.,"No, I did not use a strategy. Just keep going with the one thats giving me points. ; No.",2,1.1,0.2,3.4,1.5,"Comprehension: [0.0, 0.1, 0.8, 0.1, 0.0]  
Judgment: [0.1, 0.7, 0.2, 0.0, 0.0]  
Evaluation: [0.8, 0.2, 0.0, 0.0, 0.0]  
Final Decision: [0.0, 0.0, 0.1, 0.4, 0.5]  
Confidence: [0.1, 0.4, 0.4, 0.1, 0.0]  

Rationale:  
- **Comprehension**: The participant indicates a basic understanding of the task's reward mechanism (""Just keep going with the one that's giving me points""), suggesting some grasp of the task structure. However, the lack of explicit acknowledgment of the rules or goals limits the score to mostly adequate.
- **Judgment**: The participant's statement implies a rudimentary form of decision-making (""Just keep going with the one that's giving me points""), but lacks a clear, premeditated plan or hypothesis about how to approach the task, leading to a higher probability for a rudimentary score.
- **Evaluation**: The participant does not reflect on the effectiveness of their approach beyond a simple continuation of what seemed to work, showing a significant lack of evaluative thought.
- **Final Decision**: The participant's strategy, while not sophisticated, was consistent (""Just keep going with the one that's giving me points""), suggesting a higher score for having a consistent rule, albeit a simple one.
- **Confidence**: The participant does not express any strong certainty or doubt about their approach; the casual tone (""Just keep going"") suggests a mix of minimal confidence and indifference, leading to a balanced probability across lower scores."
357,Female,White,"Bachelor's degree (e.g., BA, BS)",10,100,47,0.166666667,low,low,-1,0.475,0.068257492,-0.175006893,0.356975131,0.577587352,-0.164092739,-0.807178444,"The right hand deck was good, and you seemed to get 6 100 cards in a row",Yes,"The right hand deck was good, and you seemed to get 6 100 cards in a row ; Yes",2.5,1.7,1.1,1.7,1.6,"Comprehension: [0.0, 0.1, 0.4, 0.4, 0.1]  
Judgment: [0.1, 0.3, 0.4, 0.2, 0.0]  
Evaluation: [0.3, 0.4, 0.2, 0.1, 0.0]  
Final Decision: [0.1, 0.3, 0.4, 0.2, 0.0]  
Confidence: [0.2, 0.3, 0.3, 0.1, 0.1]  

**Rationale:**

**Comprehension:** The participant's reflection indicates some understanding of the task as they identified a ""good"" deck and noted a specific outcome (6 100 cards in a row). This suggests they grasped the task's structure to some extent, hence the higher probabilities for scores 2 and 3.

**Judgment:** The participant's strategy seems to involve choosing the ""right hand deck"" based on observed outcomes, which shows some planning. However, the reflection lacks depth on how this decision was made, leading to a higher probability for a score of 2.

**Evaluation:** The participant's reflection briefly mentions the outcome of their strategy (""6 100 cards in a row""), but there is minimal reflection on why this strategy worked or didn't, which is why scores 1 and 2 are more probable.

**Final Decision:** The participant mentions sticking with the ""right hand deck,"" indicating some consistency in their strategy. However, the lack of detailed reasoning or adaptation leads to a higher score in the middle range.

**Confidence:** The participant's brief response shows some level of certainty in their approach by stating a positive outcome, but lacks a strong expression of confidence or doubt about their strategy. This results in a balanced distribution with a slight lean towards the lower scores."
58,Male,White,"Bachelor's degree (e.g., BA, BS)",10,5,47,2.944444444,high,high,0,0.575,0.325615353,-0.083556305,0.22755752,0.573829177,0.195772958,-0.762664122,Based on points given by partner,Yes,Based on points given by partner ; Yes,1.1,0.1,0.1,0.1,0.1,"Comprehension: [0.0, 0.9, 0.1, 0.0, 0.0]  
Judgment: [0.9, 0.1, 0.0, 0.0, 0.0]  
Evaluation: [0.9, 0.1, 0.0, 0.0, 0.0]  
Final Decision: [0.9, 0.1, 0.0, 0.0, 0.0]  
Confidence: [0.9, 0.1, 0.0, 0.0, 0.0]  

Rationale: The participant's reflection is extremely brief and lacks depth across all dimensions. 

- **Comprehension**: The mention of ""points given by partner"" suggests a minimal understanding that points are involved, but there's no clear indication that the participant comprehends the task's rules, structure, or goals. A score of 1 is given a slight probability due to the acknowledgment of points, which are a fundamental part of the task.
  
- **Judgment**: The response does not articulate any hypothesis or plan about how to act within the task. The participant merely acknowledges the receipt of points, which does not constitute a strategy or plan.

- **Evaluation**: There is no reflection on whether the strategy worked or why, as the participant does not describe any strategy beyond reacting to points given by a partner.

- **Final Decision**: The participant does not describe any consistent rule or decision strategy they ultimately applied. The response is too vague to infer any strategic decision-making.

- **Confidence**: The participant does not express any certainty or doubt about their approach or understanding of the task. The response lacks any indication of confidence.

Overall, the reflection provided by the participant does not demonstrate meaningful insight or understanding of the task, resulting in low scores across all dimensions."
79,Female,Black or African American,"Some college or university, no degree",0.05,5,47,0.722222222,low,low,-2,0.5375,0,-0.169475024,-0.268917052,0.444988291,2.361564699,-0.745718747,"not particularly, just tried to see if there were any patterns",yes once I disproved my own theories,"not particularly, just tried to see if there were any patterns ; yes once I disproved my own theories",2.1,2.8,2.9,2.5,1.7,"Comprehension: [0.0, 0.1, 0.7, 0.2, 0.0]  
Judgment: [0.0, 0.0, 0.3, 0.6, 0.1]  
Evaluation: [0.0, 0.0, 0.2, 0.7, 0.1]  
Final Decision: [0.0, 0.1, 0.4, 0.4, 0.1]  
Confidence: [0.1, 0.3, 0.4, 0.2, 0.0]  

Rationale:
- **Comprehension**: The participant's statement ""just tried to see if there were any patterns"" suggests a basic understanding of the task's nature, which involves pattern recognition. However, the lack of detailed explanation about the task structure or rules leads to a higher probability for an ""Adequate"" score.
- **Judgment**: The participant formed a hypothesis (""tried to see if there were any patterns"") and acted on disproving their theories, indicating some level of planning and hypothesis testing. This leans towards a ""Good"" score due to the clear mention of forming and testing a hypothesis.
- **Evaluation**: The participant's mention of disproving their own theories indicates they reflected on the effectiveness of their strategy. This reflection on strategy effectiveness suggests a ""Good"" score, with some probability for an ""Exemplary"" score due to the self-awareness in strategy adjustment.
- **Final Decision**: The participant indicates a strategy shift but does not clearly describe a consistent final strategy, leading to a split between ""Adequate"" and ""Good"". There is some indication of decision-making but not enough detail for a higher score.
- **Confidence**: The participant's language shows some uncertainty and minimal confidence in their approach (""not particularly,"" ""just tried""), suggesting they were not very confident in their strategy. This results in a higher probability for an ""Adequate"" score."
333,Male,"American Indian or Alaska Native,White","High school degree or equivalent (e.g., GED)",5,5,47,0.333333333,low,low,-3,0.5375,0.011627907,-0.927518441,-1.928364585,0.416268537,0.967090559,-0.275548808,"If I got two negative scores in a row I moved on to the next person, cycling from 1 to 3.","No, I kept the same strategy throughout.","If I got two negative scores in a row I moved on to the next person, cycling from 1 to 3. ; No, I kept the same strategy throughout.",3.4,3.5,2.1,3.8,3.9,"Comprehension: [0.0, 0.0, 0.1, 0.4, 0.5]
Judgment: [0.0, 0.0, 0.1, 0.3, 0.6]
Evaluation: [0.1, 0.2, 0.3, 0.3, 0.1]
Final Decision: [0.0, 0.0, 0.0, 0.2, 0.8]
Confidence: [0.0, 0.0, 0.0, 0.1, 0.9]

Rationale:
- **Comprehension**: The participant clearly understood the task rules and structure, as evidenced by their methodical approach to switching after two negative scores. The high scores reflect a strong understanding of the task's mechanics.
- **Judgment**: The participant's strategy formulation, ""If I got two negative scores in a row I moved on to the next person,"" shows a clear hypothesis about how to act, which is why the probability leans heavily towards higher scores.
- **Evaluation**: The participant's reflection on whether their strategy worked is implicit rather than explicit. They did not provide a detailed analysis of the strategy's effectiveness, hence the moderate probabilities across the scale.
- **Final Decision**: The statement, ""No, I kept the same strategy throughout,"" indicates a strong adherence to a consistent decision strategy, justifying a high score in this dimension.
- **Confidence**: The participant's brief but affirmative statement about not changing strategies suggests a high level of confidence in their chosen approach, leading to a high score in this dimension."
204,Female,White,"Some college or university, no degree",10,50,28,0,low,low,1,0.66875,0,-0.059655093,0.070035563,0.398385998,3.094971157,-1.717811449,none,none,none ; none,0,0,0,0,0,"Comprehension: [1.0, 0.0, 0.0, 0.0, 0.0]  
Judgment: [1.0, 0.0, 0.0, 0.0, 0.0]  
Evaluation: [1.0, 0.0, 0.0, 0.0, 0.0]  
Final Decision: [1.0, 0.0, 0.0, 0.0, 0.0]  
Confidence: [1.0, 0.0, 0.0, 0.0, 0.0]  

Rationale: The participant's response ""none ; none"" indicates a complete absence of reflection or insight into any of the metacognitive dimensions outlined in the MP framework. There is no evidence of understanding the task (Comprehension), forming any hypothesis or plan (Judgment), reflecting on the effectiveness of a strategy (Evaluation), describing any consistent decision-making strategy (Final Decision), or expressing any level of confidence or doubt (Confidence). Therefore, the probability estimates for scoring a 0 (Absent) in each dimension are set at 1.0, reflecting the total lack of relevant content in the participant's reflection."
349,Female,Black or African American,"Some college or university, no degree",5,5,47,0.222222222,low,low,-2,0.53125,0,-0.192111186,-3.140542132,0.430398445,0.905308894,-0.936839801,If the deck that I chose gave me a negative result two times in a row I would try a different deck.,No,If the deck that I chose gave me a negative result two times in a row I would try a different deck. ; No,3,3.1,3,3.7,3.8,"Comprehension: [0.0, 0.0, 0.3, 0.4, 0.3]  
Judgment: [0.0, 0.0, 0.2, 0.5, 0.3]  
Evaluation: [0.0, 0.0, 0.3, 0.4, 0.3]  
Final Decision: [0.0, 0.0, 0.0, 0.3, 0.7]  
Confidence: [0.0, 0.0, 0.0, 0.2, 0.8]  

Rationale:
- **Comprehension**: The participant shows an understanding of the task's basic mechanics by recognizing that a negative result should prompt a strategy change. The response indicates a grasp of the task rules and goals, though not in great depth, hence the higher probabilities for scores 2 to 4.
- **Judgment**: The participant formed a basic plan (switching decks after two negative results), which shows some strategic thinking. The clarity and simplicity of the plan suggest a good level of judgment, leading to higher probabilities for scores 3 and 4.
- **Evaluation**: The participant implicitly reflects on the effectiveness of their strategy by deciding to switch decks after repeated negative outcomes, indicating some evaluation of their approach. This warrants moderate to high scores.
- **Final Decision**: The participant clearly states a consistent rule for their decision-making process (switching decks after two negatives), which is a straightforward and practical strategy, justifying higher scores in this dimension.
- **Confidence**: The participant's brief response does not explicitly state confidence, but the decisiveness in their strategy (""If... then..."") and the lack of expressed doubt suggest a high level of confidence in their understanding and approach, leading to a high probability for score 4."
384,Other,"American Indian or Alaska Native,White","Associate degree (e.g., AA, AS)",5,5,47,0.388888889,low,low,-2,0.54375,0,-0.228115466,0.157671007,0.53709606,0.299570715,-0.73306047,"When I started noticing the card that WAS producing isn't producing anymore, I switched.","Nope, stuck with that. Only minor shifts like skipping over cards or giving them only 1 flip before deciding to move to a different card.","When I started noticing the card that WAS producing isn't producing anymore, I switched. ; Nope, stuck with that. Only minor shifts like skipping over cards or giving them only 1 flip before deciding to move to a different card.",3,3.1,3,3.4,2.9,"Comprehension: [0.0, 0.0, 0.3, 0.4, 0.3]
Judgment: [0.0, 0.0, 0.2, 0.5, 0.3]
Evaluation: [0.0, 0.0, 0.3, 0.4, 0.3]
Final Decision: [0.0, 0.0, 0.1, 0.4, 0.5]
Confidence: [0.0, 0.1, 0.2, 0.4, 0.3]

**Rationale:**

**Comprehension:** The participant shows a clear understanding of the task's dynamics, recognizing when a previously rewarding option ceases to be effective. This indicates a good grasp of the task rules and goals. The probabilities reflect a strong comprehension, though not at the highest level due to the brevity and lack of explicit mention of all task rules.

**Judgment:** The participant's strategy involved monitoring outcomes and adjusting behavior based on these observations, which shows a planned approach to the task. The decision to switch strategies based on the performance of the cards indicates a hypothesis-driven approach, deserving a higher score.

**Evaluation:** The participant reflects on the effectiveness of their strategy by noting the change in card productivity and adjusting their actions accordingly. This shows a good level of self-evaluation, though the depth of this reflection could be greater, hence the distribution leaning towards higher scores but not the highest.

**Final Decision:** The participant describes sticking with their strategy of switching cards when they stop producing, with only minor adjustments. This indicates a consistent decision-making process, which is articulated clearly. The higher probabilities for scores 3 and 4 reflect this clarity and consistency.

**Confidence:** The participant expresses a degree of certainty in their approach by clearly stating their observations and subsequent actions. However, there is some ambiguity in their confidence, as indicated by the use of a casual tone (""Nope, stuck with that."") and minimal elaboration on the certainty of their decisions. This results in a moderate to high score, but not the highest."
167,Male,"American Indian or Alaska Native,White","High school degree or equivalent (e.g., GED)",10,5,47,1.611111111,low,high,1,0.50625,0.032900433,-0.089556052,-0.210873227,0.477237191,1.881302502,0.749543963,I kept using the same ones until they gave less then looked for the next one,No,I kept using the same ones until they gave less then looked for the next one ; No,2.7,3,3.2,3.8,3.4,"Comprehension: [0.0, 0.0, 0.5, 0.3, 0.2]  
Judgment: [0.0, 0.0, 0.3, 0.4, 0.3]  
Evaluation: [0.0, 0.0, 0.2, 0.4, 0.4]  
Final Decision: [0.0, 0.0, 0.0, 0.2, 0.8]  
Confidence: [0.0, 0.0, 0.1, 0.4, 0.5]  

**Rationale:**

**Comprehension:** The participant's reflection indicates a basic understanding of the task's mechanics (switching choices based on diminishing returns), but lacks depth in explaining the overall goal or rules. The probability leans towards ""Adequate"" as they understood to switch when rewards decreased, but it's not clear if they grasped the full structure of the task.

**Judgment:** The participant formed a basic plan (to switch choices when rewards diminish), which shows some strategic thinking. The probabilities are distributed towards ""Good"" as they had a clear, albeit simple, hypothesis about how to act.

**Evaluation:** The participant reflected on their strategy's effectiveness by noting the decrease in rewards, which prompted a switch. This shows a decent level of self-assessment, leaning towards ""Good"" as they evaluated the outcomes of their actions.

**Final Decision:** The participant clearly stated that they consistently applied the rule of switching choices when rewards decreased. This shows a strong adherence to a decision strategy, justifying a high probability for ""Exemplary.""

**Confidence:** The participant did not express any doubt about their approach, suggesting a high level of confidence in their strategy. The probabilities are skewed towards ""Good"" and ""Exemplary"" as they seemed sure of their method, despite the simplicity of the strategy."
93,Female,White,"Bachelor's degree (e.g., BA, BS)",5,5,47,0,low,low,0,0.625,0.025862069,-0.011987718,0.814940049,0.523307868,0.555588021,-0.894948266,"Not really, I just would switch to a different partner after they gave me two negatives in a row.",I don't think I really used a strategy.,"Not really, I just would switch to a different partner after they gave me two negatives in a row. ; I don't think I really used a strategy.",2.5,1.7,1.3,2.7,1.6,"Comprehension: [0.0, 0.1, 0.4, 0.4, 0.1]  
Judgment: [0.1, 0.3, 0.4, 0.2, 0.0]  
Evaluation: [0.2, 0.4, 0.3, 0.1, 0.0]  
Final Decision: [0.0, 0.1, 0.3, 0.4, 0.2]  
Confidence: [0.1, 0.4, 0.3, 0.2, 0.0]  

**Rationale:**

**Comprehension:** The participant shows some understanding of the task as they mention switching partners after receiving two negatives, indicating they grasped the feedback mechanism. However, the reflection lacks depth about the overall goal or structure, hence a higher probability in the middle range.

**Judgment:** The participant's statement about switching after two negatives suggests a basic plan or hypothesis was formed, albeit a simple one. The lack of a more sophisticated strategy or deeper planning leads to a higher score in the lower-middle range.

**Evaluation:** The participant reflects minimally on the effectiveness of their approach by implicitly suggesting it was their method to handle negatives. However, there's no deep analysis or reasoning about why this strategy was chosen or its effectiveness, leading to a moderate score.

**Final Decision:** The participant describes a consistent rule (switching after two negatives), but it's a simple rule with limited strategic depth. The reflection does not elaborate on any adjustments or refinements to this rule, which suggests a moderate understanding and application.

**Confidence:** The participant expresses some doubt about their approach by stating, ""I don't think I really used a strategy."" This shows self-awareness but also uncertainty, leading to a moderate score in this dimension. The lack of strong confidence or conviction in their method is evident."
200,Female,White,"Master's degree (e.g., MA, MS, MEd)",10,100,47,0.611111111,low,low,2,0.6625,0,-0.116706403,0.304054875,0.570381752,0.052955935,-0.37618758,"yes, I waited until the score was -50 for two rounds in a row, then switched to someone else",no I kept the same strategy over the course of the game,"yes, I waited until the score was -50 for two rounds in a row, then switched to someone else ; no I kept the same strategy over the course of the game",2.5,3.1,1.7,3.4,3.5,"Comprehension: [0.0, 0.1, 0.4, 0.4, 0.1]  
Judgment: [0.0, 0.0, 0.2, 0.5, 0.3]  
Evaluation: [0.1, 0.3, 0.4, 0.2, 0.0]  
Final Decision: [0.0, 0.0, 0.1, 0.4, 0.5]  
Confidence: [0.0, 0.0, 0.1, 0.3, 0.6]  

**Rationale:**

**Comprehension:** The participant shows a basic understanding of the task rules by mentioning a specific condition (-50 score for two rounds) that triggers a strategy change. However, the explanation is not detailed, suggesting a moderate level of comprehension.

**Judgment:** The participant clearly had a plan (waiting for the score to hit -50 twice before switching), indicating some judgment. The clarity and specificity of the plan suggest a good level of judgment, but not exemplary as there is no indication of why this specific criterion was chosen.

**Evaluation:** The participant mentions a strategy but does not deeply reflect on its effectiveness or reasons for choosing it, suggesting only a moderate level of evaluation.

**Final Decision:** The participant states they kept the same strategy throughout the game, which shows a consistent decision strategy. The clarity in this part of the response is higher, suggesting a good to exemplary understanding of their final decision-making process.

**Confidence:** The participant's brief and straightforward response indicates a level of confidence in their strategy and understanding of the game. The lack of doubt or uncertainty in their reflection suggests a higher score in confidence."
328,Female,White,"Associate degree (e.g., AA, AS)",0.05,100,24,0,low,low,2,0.59375,0.33197832,0.005257682,0.706959067,0.552994735,0.270321686,-1.138757245,It seemed random to me but what do I know.,No.,It seemed random to me but what do I know. ; No.,0.4,0.3,0.1,0.2,1.7,"Comprehension: [0.7, 0.2, 0.1, 0.0, 0.0]  
Judgment: [0.8, 0.1, 0.1, 0.0, 0.0]  
Evaluation: [0.9, 0.1, 0.0, 0.0, 0.0]  
Final Decision: [0.8, 0.2, 0.0, 0.0, 0.0]  
Confidence: [0.1, 0.3, 0.4, 0.2, 0.0]  

Rationale:  
- **Comprehension**: The participant's statement ""It seemed random to me but what do I know"" suggests a low level of understanding of the task's structure or rules. The probability is high (0.7) for a score of 0, indicating an absence of comprehension, with a slight chance (0.2) for rudimentary understanding.
- **Judgment**: The participant does not explicitly mention forming any hypothesis or plan, reflected in the high probability (0.8) for a score of 0. There's a minimal chance (0.1) that they had some vague plan, given the uncertain tone of their response.
- **Evaluation**: The participant's reflection lacks any indication of evaluating the effectiveness of a strategy, leading to a high probability (0.9) of scoring 0. The slight probability (0.1) for a score of 1 acknowledges the minimal possibility of implicit evaluation.
- **Final Decision**: The participant's response ""No"" to whether they switched strategies suggests they might not have had a clear strategy to begin with. This results in a high probability (0.8) for a score of 0, with a small chance (0.2) for rudimentary description of a decision strategy.
- **Confidence**: The participant's use of a semi-joking tone (""but what do I know"") and the inclusion of a winking emoticon suggest some level of uncertainty or doubt about their approach. This leads to a moderate probability (0.4) for a score of 2 (adequate confidence), with some probability (0.3) for rudimentary and (0.1) for absent confidence."
387,Male,Black or African American,"Bachelor's degree (e.g., BA, BS)",10,100,24,0.333333333,low,low,2,0.58125,0.112916667,-0.087975795,-0.929879595,0.475480851,1.02661124,0.13694531,"No, not at all.",Yes.,"No, not at all. ; Yes.",0.1,0.1,0.1,0.1,0.1,"Comprehension: [0.9, 0.1, 0.0, 0.0, 0.0]  
Judgment: [0.9, 0.1, 0.0, 0.0, 0.0]  
Evaluation: [0.9, 0.1, 0.0, 0.0, 0.0]  
Final Decision: [0.9, 0.1, 0.0, 0.0, 0.0]  
Confidence: [0.9, 0.1, 0.0, 0.0, 0.0]  

Rationale: The participant's reflection, consisting only of ""No, not at all. ; Yes."", provides almost no information across all metacognitive dimensions. There is no evidence of understanding the task rules, structure, or goal (Comprehension), nor is there any indication of forming a hypothesis or plan (Judgment). The participant does not reflect on whether their strategy worked or why (Evaluation), nor do they describe any consistent rule or decision strategy (Final Decision). Finally, there is no expression of certainty or doubt about their approach or understanding (Confidence). The responses are extremely minimal and lack depth, clarity, and insight, justifying a high probability of scoring 0 in all dimensions."
40,Female,White,"Associate degree (e.g., AA, AS)",10,5,24,0.111111111,low,low,0,0.4125,0.025913622,-0.555456098,-1.571893226,0.4728042,0.38445417,-0.090732629,"If it was green, I kept choosing that one until it was negative. Then I would find the green one again and keep choosing it until it turned red.",I stuck with the same strategy for the entire game.,"If it was green, I kept choosing that one until it was negative. Then I would find the green one again and keep choosing it until it turned red. ; I stuck with the same strategy for the entire game.",3.4,3.5,1.5,3.8,3.9,"Comprehension: [0.0, 0.0, 0.1, 0.4, 0.5]
Judgment: [0.0, 0.0, 0.1, 0.3, 0.6]
Evaluation: [0.2, 0.3, 0.3, 0.2, 0.0]
Final Decision: [0.0, 0.0, 0.0, 0.2, 0.8]
Confidence: [0.0, 0.0, 0.0, 0.1, 0.9]

Rationale:
- **Comprehension**: The participant clearly understood the task rules and structure, as evidenced by their ability to describe the color-based decision-making process. They demonstrated a good grasp of the task's goal, which was to stick with a choice until it proved unsuccessful. The high scores reflect this understanding.
- **Judgment**: The participant formed a clear plan to continue selecting the same option (green) until it resulted in a negative outcome. This shows a well-defined hypothesis about how to approach the task, justifying a higher score.
- **Evaluation**: The participant's reflection lacks depth in evaluating the effectiveness of their strategy beyond a basic description of sticking to one color. There is no discussion about why this strategy might have been effective or not, leading to a lower score.
- **Final Decision**: The participant consistently applied a single strategy throughout the task, as explicitly stated in their reflection. This shows a high level of consistency in their decision-making process.
- **Confidence**: The participant expressed a high level of certainty in their approach by stating they stuck with the same strategy throughout the game without indicating any doubt or reconsideration. This suggests a strong confidence in their chosen method."
256,Male,White,"Some college or university, no degree",5,5,47,1.222222222,low,high,-2,0.69375,0.01724138,-0.119078048,-0.471967034,0.476454619,2.27041692,0.148827626,I just stayed with the two most consistent players that I felt would make the most points.,"No, I did not change my strategy.","I just stayed with the two most consistent players that I felt would make the most points. ; No, I did not change my strategy.",3,3.1,1.5,3.8,3.9,"Comprehension: [0.0, 0.0, 0.3, 0.4, 0.3]  
Judgment: [0.0, 0.0, 0.2, 0.5, 0.3]  
Evaluation: [0.2, 0.3, 0.3, 0.2, 0.0]  
Final Decision: [0.0, 0.0, 0.0, 0.2, 0.8]  
Confidence: [0.0, 0.0, 0.0, 0.1, 0.9]  

**Rationale:**

**Comprehension:** The participant shows a basic understanding of the task by identifying the goal of selecting players based on consistency and potential for high points. The response indicates a grasp of the task's structure but lacks depth in explaining the rules or the strategic implications fully, hence the spread leaning towards higher scores but not the highest.

**Judgment:** The participant formed a basic plan by choosing to stick with the two most consistent players. This shows some level of strategic planning and hypothesis formation, but the reflection lacks detail on how these choices were determined beyond the vague criteria of consistency and point-making potential. The distribution leans towards a good understanding but not exemplary due to the lack of depth.

**Evaluation:** The participant does not explicitly reflect on the effectiveness of their strategy beyond stating that they did not change it, suggesting a presumption that it was effective without detailed evaluation. There is minimal reflection on why this strategy was effective or not, leading to a spread across lower scores.

**Final Decision:** The participant clearly states that they did not change their strategy, indicating a strong adherence to their initial decision. This shows a high level of consistency in their decision-making process, justifying a high score in this dimension.

**Confidence:** The participant's brief statement about sticking with their strategy without change suggests a high level of confidence in their decision. The lack of doubt or reconsideration in their reflection supports a high score in confidence, indicating they were very sure of their approach."
373,Male,White,"Bachelor's degree (e.g., BA, BS)",0.05,5,47,0.277777778,low,low,-2,0.26875,0.585700758,0.002530033,0.998218139,0.597694682,-2.091038889,-2.004993829,,Not at all., ; Not at all.,0.1,0.1,0.1,0.1,0.1,"Comprehension: [0.9, 0.1, 0.0, 0.0, 0.0]  
Judgment: [0.9, 0.1, 0.0, 0.0, 0.0]  
Evaluation: [0.9, 0.1, 0.0, 0.0, 0.0]  
Final Decision: [0.9, 0.1, 0.0, 0.0, 0.0]  
Confidence: [0.9, 0.1, 0.0, 0.0, 0.0]  

Rationale: The participant's response, ""Not at all,"" provides minimal information and does not explicitly address any of the metacognitive dimensions outlined in the MP framework. This response suggests a lack of engagement or understanding of the task, strategies, or reflection process. Therefore, the probabilities are heavily weighted towards a score of 0 (Absent) across all dimensions, with a slight possibility (0.1) of a rudimentary level (1) if interpreted as a minimal acknowledgment of the questions asked."
169,Male,White,"High school degree or equivalent (e.g., GED)",10,100,24,0,low,low,0,0.5875,0,-0.262111069,-0.238125329,0.41092611,2.539815005,-0.691290306,I didn't.,I didn't really have a strategy.,I didn't. ; I didn't really have a strategy.,1.2,0.1,0.1,1.1,3.9,"Comprehension: [0.0, 0.8, 0.2, 0.0, 0.0]  
Judgment: [0.9, 0.1, 0.0, 0.0, 0.0]  
Evaluation: [0.9, 0.1, 0.0, 0.0, 0.0]  
Final Decision: [0.0, 0.9, 0.1, 0.0, 0.0]  
Confidence: [0.0, 0.0, 0.0, 0.1, 0.9]  

**Rationale:**

**Comprehension:** The participant's statement ""I didn't really have a strategy"" suggests a rudimentary understanding of the task, as they acknowledge the lack of a strategic approach. This indicates some level of awareness about the task's demands (i.e., that a strategy might be beneficial), but does not demonstrate a clear understanding of how to engage with the task effectively.

**Judgment:** The participant explicitly states they did not have a strategy, indicating an absence of forming any hypothesis or plan about how to act within the task. This suggests a high probability that this dimension is absent.

**Evaluation:** Similar to judgment, the lack of a strategy implies there was no reflection on the effectiveness of a strategy or reasons for its success or failure. This dimension appears to be absent as the participant does not provide any insight into evaluating their approach.

**Final Decision:** The participant's admission of not having a strategy suggests they did not arrive at any consistent rule or decision strategy during the task. This dimension is scored predominantly as absent, with a slight chance for rudimentary, given they at least recognized the absence of a strategy.

**Confidence:** Despite the overall lack of strategic engagement, the participant's statement is expressed with a high degree of certainty and clarity about their approach, or lack thereof. This suggests a high level of confidence in their self-assessment, warranting a high score in this dimension."
216,Male,White,"Bachelor's degree (e.g., BA, BS)",5,5,47,0.333333333,low,low,2,0.7,0,-0.273767896,-0.930066435,0.476833865,1.122942681,1.485959015,Not really. If I got -50 I would click on the same partner again and move on to a different one if I got -50 again.,No.,Not really. If I got -50 I would click on the same partner again and move on to a different one if I got -50 again. ; No.,2.5,3.1,1.7,3.4,3.4,"Comprehension: [0.0, 0.1, 0.4, 0.4, 0.1]  
Judgment: [0.0, 0.0, 0.2, 0.5, 0.3]  
Evaluation: [0.1, 0.3, 0.4, 0.2, 0.0]  
Final Decision: [0.0, 0.0, 0.1, 0.4, 0.5]  
Confidence: [0.0, 0.0, 0.1, 0.4, 0.5]  

**Rationale:**

**Comprehension:** The participant shows some understanding of the task rules by indicating a response to specific outcomes (-50 points). The strategy of switching after a repeated negative outcome suggests an adequate grasp of the task's probabilistic nature. The probabilities reflect a good but not exemplary understanding.

**Judgment:** The participant's strategy of sticking with a choice unless it repeatedly fails indicates a planned approach to the task. The reflection shows a clear judgment strategy, leaning towards a higher score as they seem to have a hypothesis about when to switch choices.

**Evaluation:** The participant's reflection on their strategy is somewhat implicit. They mention a specific action in response to outcomes, which shows some level of strategy evaluation but lacks depth in analyzing why this strategy might be effective or not.

**Final Decision:** The participant describes a consistent rule for their decision-making process (sticking with a choice unless it fails twice). This shows a clear final decision strategy, meriting a higher score as it reflects a thoughtful and somewhat sophisticated approach.

**Confidence:** The participant does not explicitly express confidence, but the simplicity and directness of the strategy (""If I got -50 I would click on the same partner again and move on to a different one if I got -50 again"") imply a level of certainty about their approach. The higher scores reflect this implied confidence."
37,Female,White,"Bachelor's degree (e.g., BA, BS)",5,5,47,0.444444444,low,low,-2,0.66875,0.03862069,-0.223458024,-0.747791845,0.458950763,2.035828305,-0.169755283,I tried to go with one that seemed to be successful and switched when they seemed to become unsuccessful,No,I tried to go with one that seemed to be successful and switched when they seemed to become unsuccessful ; No,2.1,2.8,2.9,3.2,3.4,"Comprehension: [0.0, 0.1, 0.7, 0.2, 0.0]  
Judgment: [0.0, 0.0, 0.3, 0.6, 0.1]  
Evaluation: [0.0, 0.0, 0.2, 0.7, 0.1]  
Final Decision: [0.0, 0.0, 0.1, 0.6, 0.3]  
Confidence: [0.0, 0.0, 0.1, 0.4, 0.5]  

**Rationale:**

**Comprehension:** The participant shows an understanding of the task's basic requirement to switch strategies based on success rates, though the explanation lacks depth. The probability leans towards ""Adequate"" as the participant grasps the task's nature but does not elaborate on the rules or structure in detail.

**Judgment:** The participant indicates forming a plan to stick with a successful option and switch upon failure. This shows a clear judgment process, though not highly detailed or sophisticated, hence a higher probability towards ""Good.""

**Evaluation:** The participant reflects on the effectiveness of their strategy by noting the switch when options ""seemed to become unsuccessful."" This indicates some evaluation of strategy effectiveness, warranting a higher score in ""Good"" due to the reflection on strategy performance.

**Final Decision:** The participant describes a consistent rule of sticking with successful choices and switching from unsuccessful ones. This strategy is somewhat clearly articulated, suggesting a ""Good"" score, with some probability towards ""Exemplary"" due to the clarity in decision-making.

**Confidence:** The participant does not explicitly express confidence or doubt but implies some level of certainty in their approach by stating a clear strategy and sticking to it. This suggests a higher score in ""Confidence,"" leaning towards ""Good"" and ""Exemplary"" as they seem sure of their approach despite the brief response."
168,Female,White,"Bachelor's degree (e.g., BA, BS)",10,100,24,1.529411765,low,high,0,0.58125,0.010869565,-0.242153703,-0.787194058,0.464318644,2.189074626,0.024615762,Yes. I chose the reliable person till the person failed me. Then I guessed the next reliable person.,"No, I didn't.","Yes. I chose the reliable person till the person failed me. Then I guessed the next reliable person. ; No, I didn't.",3,3.1,3,3.7,3.8,"Comprehension: [0.0, 0.0, 0.3, 0.4, 0.3]  
Judgment: [0.0, 0.0, 0.2, 0.5, 0.3]  
Evaluation: [0.0, 0.0, 0.3, 0.4, 0.3]  
Final Decision: [0.0, 0.0, 0.0, 0.3, 0.7]  
Confidence: [0.0, 0.0, 0.0, 0.2, 0.8]  

**Rationale:**

**Comprehension:** The participant shows an understanding of the task's goal and structure by identifying a strategy based on choosing a ""reliable person"" until failure. The response indicates a grasp of the task's probabilistic nature and the need for strategy adjustment, suggesting a score leaning towards good comprehension.

**Judgment:** The participant's strategy formulation (""chose the reliable person till the person failed me"") reflects a clear plan of action, indicating judgment in their approach. The clarity and simplicity of the strategy suggest a higher score, but the lack of detailed reasoning about why this strategy was chosen keeps it from the highest rating.

**Evaluation:** The participant reflects on the effectiveness of their strategy by implicitly evaluating its outcome (""till the person failed me""), which shows some level of strategy assessment. However, there is no deep analysis or reasoning about why the strategy worked or didn't, which prevents a higher score.

**Final Decision:** The participant describes a consistent rule or decision strategy (""Then I guessed the next reliable person""), indicating a clear final decision-making process. The simplicity and clarity in the final decision push the score towards the higher end.

**Confidence:** The participant's brief and straightforward response, without expressing any doubt or uncertainty about their strategy or understanding, suggests a high level of confidence. The lack of questioning or hesitation supports a high score in this dimension."
6,Female,White,"Bachelor's degree (e.g., BA, BS)",9,5,47,0,low,low,-1,0.575,0,-0.16001008,0.193607872,0.434765787,2.922667621,-1.432482547,i'd give each one a couple clicks then i'd move on,"yes, last parts...i got more 100s from continued clicking on one or 2","i'd give each one a couple clicks then i'd move on ; yes, last parts...i got more 100s from continued clicking on one or 2",2,2.1,2.5,2.7,1.7,"Comprehension: [0.0, 0.3, 0.4, 0.3, 0.0]  
Judgment: [0.0, 0.2, 0.5, 0.3, 0.0]  
Evaluation: [0.0, 0.1, 0.4, 0.4, 0.1]  
Final Decision: [0.0, 0.1, 0.3, 0.4, 0.2]  
Confidence: [0.1, 0.3, 0.4, 0.2, 0.0]  

Rationale:
- **Comprehension**: The participant shows some understanding of the task by mentioning the method of ""giving each one a couple clicks"" and observing outcomes. However, the explanation lacks depth about the task's structure or goals, suggesting a score leaning towards ""Adequate.""
- **Judgment**: The participant indicates a basic strategy of clicking each option a few times, which shows some planning. The clarity and depth are not fully developed, hence a higher probability for an ""Adequate"" score.
- **Evaluation**: The reflection includes a brief evaluation (""i got more 100s from continued clicking""), suggesting some reflection on the strategy's effectiveness. This warrants a balance between ""Adequate"" and ""Good.""
- **Final Decision**: The participant mentions a shift in strategy towards the end, which implies some decision-making process. The description is not very detailed, so scores are distributed more towards ""Adequate"" and ""Good.""
- **Confidence**: The participant's confidence in their strategy is implied but not explicitly stated, leading to uncertainty. The reflection suggests some confidence in the effectiveness of their approach, but it's not strongly articulated, leaning towards an ""Adequate"" score."
44,Male,White,"Bachelor's degree (e.g., BA, BS)",10,5,24,2,high,high,-2,0.58125,0.110902256,0.038116798,0.047195839,0.425444989,2.653266702,-1.775668592,I tried to pickup on any patterns and use those patterns correctly to guess right,I used the same strategy throughout the game by watching the patterns that I picked up on.,I tried to pickup on any patterns and use those patterns correctly to guess right ; I used the same strategy throughout the game by watching the patterns that I picked up on.,2.5,2.8,1.4,3.4,3.1,"Comprehension: [0.0, 0.1, 0.4, 0.4, 0.1]  
Judgment: [0.0, 0.0, 0.3, 0.6, 0.1]  
Evaluation: [0.2, 0.3, 0.4, 0.1, 0.0]  
Final Decision: [0.0, 0.0, 0.1, 0.4, 0.5]  
Confidence: [0.0, 0.0, 0.2, 0.5, 0.3]  

Rationale:
- **Comprehension**: The participant shows an understanding of the task as they mention picking up on patterns to make guesses. However, the depth of understanding specific rules or structure is not explicitly detailed, hence a higher probability in the middle range.
- **Judgment**: The participant clearly states a strategy (observing and using patterns), indicating some planning and hypothesis formation. The response leans towards a good understanding of how to approach the task, but lacks detailed sophistication about how these decisions were formed.
- **Evaluation**: The participant mentions using the strategy throughout the game but does not deeply reflect on its effectiveness or reasons for its success or failure, thus scoring higher in the middle range.
- **Final Decision**: The participant consistently applied their strategy of watching for patterns, as stated. This shows a clear decision strategy, but the reflection lacks a sophisticated explanation of why this strategy was maintained throughout, justifying a higher score towards the upper middle.
- **Confidence**: The participant does not express explicit confidence or doubt about their strategy; however, the fact that they did not change the strategy suggests some level of confidence. The probabilities are skewed towards higher confidence but not at the highest level due to the lack of explicit expression of certainty."
136,Male,White,"Master's degree (e.g., MA, MS, MEd)",5,5,47,0,low,low,-2,0.6375,0,-0.051493098,-1.0215454,0.419658784,2.310396464,0.292003657,"I tried to identify patterns for the switches, but couldn't.",no,"I tried to identify patterns for the switches, but couldn't. ; no",2,2.5,1.7,2.1,1.3,"Comprehension: [0.0, 0.3, 0.4, 0.3, 0.0]  
Judgment: [0.0, 0.1, 0.4, 0.4, 0.1]  
Evaluation: [0.1, 0.3, 0.4, 0.2, 0.0]  
Final Decision: [0.0, 0.2, 0.5, 0.3, 0.0]  
Confidence: [0.2, 0.4, 0.3, 0.1, 0.0]  

Rationale:  
- **Comprehension**: The participant's attempt to identify patterns suggests some understanding of the task's nature (looking for patterns), but the lack of clarity on whether they fully grasped the rules or goals leads to a higher probability for a score of 2 (Adequate).
- **Judgment**: The participant formed a basic plan to identify patterns, indicating some judgment. However, the lack of detail or sophistication in planning leads to a higher probability for a score of 2 or 3 (Adequate to Good).
- **Evaluation**: The participant's brief reflection on the strategy's effectiveness (""couldn't"") suggests some evaluation, but it's not detailed or insightful, leading to a higher probability for a score of 2 (Adequate).
- **Final Decision**: The participant does not clearly articulate a consistent decision strategy, but the attempt to stick with pattern identification suggests some level of decision-making, leading to a higher probability for a score of 2 (Adequate).
- **Confidence**: The participant expresses doubt about their approach (""couldn't""), indicating low confidence. This leads to a higher probability for lower scores in this dimension, with a peak at 1 (Rudimentary)."
181,Male,White,"Some college or university, no degree",0.05,5,47,0.722222222,low,low,2,0.60625,0.01877193,-0.719270787,-1.277721039,0.444814324,1.419170074,0.164334956,"I don't even really remember the game after that awful survey, holy crap.",I went with who I thought was the hot hand.,"I don't even really remember the game after that awful survey, holy crap. ; I went with who I thought was the hot hand.",1.6,2.5,0.2,2.1,0.4,"Comprehension: [0.1, 0.4, 0.3, 0.2, 0.0]  
Judgment: [0.0, 0.1, 0.4, 0.4, 0.1]  
Evaluation: [0.8, 0.2, 0.0, 0.0, 0.0]  
Final Decision: [0.0, 0.3, 0.4, 0.2, 0.1]  
Confidence: [0.7, 0.2, 0.1, 0.0, 0.0]  

**Rationale:**

**Comprehension:** The participant's statement shows a minimal understanding of the task, as indicated by the vague reference to ""the game"" and a lack of clear articulation of the task rules or goals. The probability distribution reflects a low to moderate comprehension, with a slight inclination towards rudimentary understanding.

**Judgment:** The participant mentions a strategy (""went with who I thought was the hot hand""), which indicates some level of planning or hypothesis formation. The distribution leans towards an adequate understanding, with some probability allocated to a good level, suggesting that while the strategy is mentioned, the depth or rationale behind it isn't fully explored.

**Evaluation:** The participant does not reflect on the effectiveness of their strategy or why it might have worked or failed, leading to a high probability of scoring low in this dimension. The reflection lacks any evaluative comments about the outcomes of their decisions.

**Final Decision:** The participant does mention a decision strategy (""the hot hand""), but does not elaborate on its consistency or its application throughout the task. The distribution suggests a rudimentary to adequate description, with some uncertainty about how consistently this strategy was applied.

**Confidence:** The participant's expression of forgetting the game and a casual mention of their strategy without any assertive or confident language suggests a high probability of low confidence in their approach or understanding of the task. The high score for ""Absent"" reflects this lack of confidence and certainty."
148,Male,Asian,"Bachelor's degree (e.g., BA, BS)",5,5,47,0,low,low,-2,0.6625,0,-0.067989571,-1.260554126,0.468152433,1.549621619,-0.214830851,I just tried to stick to the partner that was working as long as possible.,No I stuck with my strategy the whole time.,I just tried to stick to the partner that was working as long as possible. ; No I stuck with my strategy the whole time.,2.2,2.8,2.9,3.9,3.8,"Comprehension: [0.0, 0.0, 0.8, 0.2, 0.0]  
Judgment: [0.0, 0.0, 0.3, 0.6, 0.1]  
Evaluation: [0.0, 0.0, 0.2, 0.7, 0.1]  
Final Decision: [0.0, 0.0, 0.0, 0.1, 0.9]  
Confidence: [0.0, 0.0, 0.0, 0.2, 0.8]  

**Rationale:**

**Comprehension:**  
The participant's reflection indicates a basic understanding of the task's goal, which was to stick with a successful option. However, there is no explicit mention of understanding the rules or structure beyond this. The score leans towards ""Adequate"" due to the implicit understanding shown by sticking to a working strategy.

**Judgment:**  
The participant formed a basic plan to stick with the partner that was working. This shows some level of judgment but lacks depth or a sophisticated approach to strategy formation. The score is weighted towards ""Good"" as there is clear evidence of a plan, albeit a simple one.

**Evaluation:**  
The participant reflects on the effectiveness of their strategy by implicitly suggesting it worked since they did not feel the need to change it. This shows some evaluation but not a deep analysis of why it worked or didn't. The score is weighted towards ""Good"" due to the implicit evaluation present.

**Final Decision:**  
The participant clearly states that they did not switch strategies and stuck with their initial plan throughout the task. This shows a very consistent decision-making process. The score is heavily weighted towards ""Exemplary"" as the participant was very consistent in their approach.

**Confidence:**  
The participant's statement shows a high level of confidence in their chosen strategy, evidenced by their commitment to sticking with it throughout the task without switching. The score is weighted towards ""Exemplary"" due to the strong expression of confidence in their approach."
254,Male,"Black or African American,White","Bachelor's degree (e.g., BA, BS)",5,5,47,0.888888889,low,high,2,0.56875,0.012820513,-1.429280663,-2.965453814,0.441722391,0.480648343,-1.773538031,"not really, i just looked at random for a lot of 100s and then stuck with them",no,"not really, i just looked at random for a lot of 100s and then stuck with them ; no",2.5,1.7,0.2,3.4,1.6,"Comprehension: [0.0, 0.1, 0.4, 0.4, 0.1]  
Judgment: [0.1, 0.3, 0.4, 0.2, 0.0]  
Evaluation: [0.8, 0.2, 0.0, 0.0, 0.0]  
Final Decision: [0.0, 0.0, 0.1, 0.4, 0.5]  
Confidence: [0.1, 0.4, 0.3, 0.2, 0.0]  

**Rationale:**

**Comprehension:** The participant's statement indicates a basic understanding of the task as they engaged in a method of selection, albeit random. The mention of sticking with choices suggests some grasp of the task's structure, hence a moderate score leaning towards adequate understanding.

**Judgment:** The participant formed a basic plan (choosing at random and then sticking with choices), which shows some level of strategic thinking, though not sophisticated or deeply reasoned. This warrants a score leaning towards adequate.

**Evaluation:** The participant's reflection lacks any substantive evaluation of the effectiveness of their strategy, as they did not comment on whether the strategy worked or why. This dimension is largely absent, thus a high probability for a score of 0.

**Final Decision:** The participant mentions sticking with their choices, which indicates a decision strategy, albeit a simple one. This suggests a clearer final decision-making process, warranting a score leaning towards good.

**Confidence:** The participant's language (""not really,"" ""just looked at random"") expresses doubt and minimal confidence in their approach. This suggests a lower score in confidence, leaning towards rudimentary."
351,Female,White,"Master's degree (e.g., MA, MS, MEd)",5,5,47,0,low,low,-2,0.54375,0,-0.271011999,0.884568754,0.638617306,-0.925512005,-1.787656034,"If -50 showed up very often (like every other card or 3+ in a row), I switched decks until I found one I was happy with.",No,"If -50 showed up very often (like every other card or 3+ in a row), I switched decks until I found one I was happy with. ; No",2.5,3.1,2.9,3.4,3.4,"Comprehension: [0.0, 0.1, 0.4, 0.4, 0.1]  
Judgment: [0.0, 0.0, 0.2, 0.5, 0.3]  
Evaluation: [0.0, 0.0, 0.3, 0.5, 0.2]  
Final Decision: [0.0, 0.0, 0.1, 0.4, 0.5]  
Confidence: [0.0, 0.0, 0.1, 0.4, 0.5]  

**Rationale:**

**Comprehension:** The participant shows a basic understanding of the task's mechanics by recognizing the negative outcome (-50) and responding to it. However, the reflection lacks depth in explaining the overall goal or rules beyond reacting to negative stimuli, suggesting a score leaning towards ""Adequate"" but not fully comprehensive.

**Judgment:** The participant clearly formed a plan based on the frequency of negative outcomes, indicating a strategy based on observed patterns. This demonstrates more than rudimentary planning, hence the higher probabilities towards ""Good"" and ""Exemplary.""

**Evaluation:** The participant reflects on the effectiveness of their strategy by indicating a switch when encountering frequent negative outcomes, showing some evaluation of strategy effectiveness. This reflection is somewhat clear but not deeply analytical, supporting a higher score in ""Good.""

**Final Decision:** The participant describes a consistent rule (switching decks upon frequent negative outcomes), which shows a clear decision strategy. The reflection, however, does not elaborate on why this strategy was chosen over others, which might have warranted a full ""Exemplary"" score.

**Confidence:** The participant does not explicitly express confidence or doubt about their strategy, but the use of a consistent rule and the absence of questioning their approach suggest a moderate to high level of confidence. The probabilities are therefore higher towards ""Good"" and ""Exemplary."""
75,Female,Asian,"Bachelor's degree (e.g., BA, BS)",9,5,47,0,low,low,-3,0.65625,0.00862069,-0.1230716,-1.37117456,0.471719011,1.645087847,-0.011658498,I repeatedly chose the partner that gave 100 points.,No,I repeatedly chose the partner that gave 100 points. ; No,3.4,3.3,0.2,3.8,3.7,"Comprehension: [0.0, 0.0, 0.1, 0.4, 0.5]
Judgment: [0.0, 0.0, 0.2, 0.3, 0.5]
Evaluation: [0.8, 0.2, 0.0, 0.0, 0.0]
Final Decision: [0.0, 0.0, 0.0, 0.2, 0.8]
Confidence: [0.0, 0.0, 0.0, 0.3, 0.7]

Rationale:
- **Comprehension**: The participant shows a basic understanding of the task by focusing on the partner that provided the highest points, indicating they grasped the goal of maximizing points. The response suggests a good understanding but lacks depth in explaining the task structure or rules beyond point maximization.
- **Judgment**: The participant's strategy of consistently choosing the highest point-giving partner indicates a clear plan or hypothesis was formed. The simplicity of the strategy and lack of detailed reasoning suggest a higher score but not the highest.
- **Evaluation**: The participant did not reflect on whether their strategy worked beyond the initial choice, nor did they provide reasons for the strategy's effectiveness or lack thereof. This dimension is largely absent in their reflection.
- **Final Decision**: The participant clearly states their consistent decision strategy, which was to always choose the partner giving 100 points. This shows a high level of clarity in their final decision-making process.
- **Confidence**: The participant's brief and straightforward response without questioning or doubting their approach suggests a high level of confidence in their chosen strategy, even though it was not explicitly stated as confidence."
381,Female,Black or African American,"Master's degree (e.g., MA, MS, MEd)",0.1,100,24,2.833333333,high,high,2,0.3875,0.741421569,0.007781329,0.9936135,0.609330536,-1.714012967,-1.973833684,no,no,no ; no,0,0,0,0,0,Auto-scored due to empty or trivial reflection.
436,Male,White,"Associate degree (e.g., AA, AS)",5,5,47,0.333333333,low,low,1,0.58125,0.084090909,-0.58747022,2.258446633,1.496665472,0.492742734,-1.698780284,I tried to estimate when the person just had a bad round vs they turned on me and started sabotaging me.,"One round, I was less patient with the minus rounds because I was getting more of them and I switched people more often.","I tried to estimate when the person just had a bad round vs they turned on me and started sabotaging me. ; One round, I was less patient with the minus rounds because I was getting more of them and I switched people more often.",3,3.1,2.5,2.7,1.7,"Comprehension: [0.0, 0.0, 0.3, 0.4, 0.3]
Judgment: [0.0, 0.0, 0.2, 0.5, 0.3]
Evaluation: [0.0, 0.1, 0.4, 0.4, 0.1]
Final Decision: [0.0, 0.1, 0.3, 0.4, 0.2]
Confidence: [0.1, 0.3, 0.4, 0.2, 0.0]

Rationale:
- **Comprehension**: The participant shows a reasonable understanding of the task dynamics by distinguishing between a ""bad round"" and intentional ""sabotage."" This indicates a grasp of the task's probabilistic nature and the need to interpret outcomes, scoring higher in comprehension.
- **Judgment**: The participant's strategy formulation, deciding when to switch based on the frequency of negative outcomes, shows a planned approach. This reflects a good level of judgment in hypothesizing and planning actions.
- **Evaluation**: The participant reflects on their strategy's effectiveness, particularly noting their impatience and increased frequency of switching, which shows some evaluation but lacks depth on why specific strategies were more or less effective.
- **Final Decision**: The participant describes a change in strategy during the task, indicating some consistency in applying a new rule based on their experiences. However, the reflection lacks a clear, final decision strategy that was consistently applied throughout, suggesting a moderate score.
- **Confidence**: The participant's language (""I tried to estimate,"" ""I was less patient"") shows some uncertainty and doubt about their approach and understanding of the task dynamics, leading to a moderate score in confidence."
343,Male,White,"Bachelor's degree (e.g., BA, BS)",10,100,47,2.555555556,high,high,2,0.475,0.652829314,0.001701521,1.005913735,0.609358406,-1.690454912,-1.975570511,No,No strategies,No ; No strategies,0.1,0.1,0.1,0.1,0.1,"Comprehension: [0.9, 0.1, 0.0, 0.0, 0.0]  
Judgment: [0.9, 0.1, 0.0, 0.0, 0.0]  
Evaluation: [0.9, 0.1, 0.0, 0.0, 0.0]  
Final Decision: [0.9, 0.1, 0.0, 0.0, 0.0]  
Confidence: [0.9, 0.1, 0.0, 0.0, 0.0]  

Rationale: The participant's reflection, ""No ; No strategies"", provides minimal information across all dimensions of the Metacognitive Prompting framework. The response suggests a lack of engagement or understanding of the task, as well as an absence of strategic thinking or evaluation. The probabilities are heavily weighted towards a score of 0 (Absent) for each dimension because the participant does not demonstrate any comprehension, judgment, evaluation, decision-making, or confidence in their approach to the task. A small probability is assigned to a score of 1 (Rudimentary) to allow for the possibility that the participant might have some minimal, albeit unexpressed, understanding or reasoning that was not captured in the brief response."
15,Male,White,"High school degree or equivalent (e.g., GED)",5,5,47,0.444444444,low,low,-2,0.625,0,-0.533702854,-2.139876251,0.475830816,0.513781702,0.117499736,Kept with the same person until I needed to switch,kept the same person every time until it was a loss,Kept with the same person until I needed to switch ; kept the same person every time until it was a loss,2.3,3.1,2.9,3.4,3.1,"Comprehension: [0.0, 0.1, 0.5, 0.4, 0.0]  
Judgment: [0.0, 0.0, 0.2, 0.5, 0.3]  
Evaluation: [0.0, 0.0, 0.3, 0.5, 0.2]  
Final Decision: [0.0, 0.0, 0.1, 0.4, 0.5]  
Confidence: [0.0, 0.0, 0.2, 0.5, 0.3]  

**Rationale:**

**Comprehension:** The participant seems to have a basic understanding of the task rules, as indicated by their strategy of sticking with one option until it results in a loss. However, the reflection lacks depth in explaining the structure or goal of the task beyond this strategy. This suggests an adequate to good understanding, hence the distribution leaning towards scores 2 and 3.

**Judgment:** The participant's strategy implies a planned approach (sticking with one choice until it fails), showing some level of hypothesis formation about how to act. The reflection suggests a more than rudimentary understanding but lacks sophisticated insight into the strategic planning, thus the higher probabilities for scores 2 and 3, with some possibility of a 4.

**Evaluation:** The participant reflects on the effectiveness of their strategy by indicating a switch upon failure, which shows some evaluation. However, there is no deep analysis of why this strategy was chosen or its effectiveness across different scenarios, which would have warranted a higher score. The probabilities are distributed with a lean towards scores 2 and 3, acknowledging some evaluation but not in-depth.

**Final Decision:** The reflection indicates a consistent rule or decision strategy (sticking with one choice until it fails). This strategy is clearly articulated, suggesting a good to exemplary understanding of their final decision-making process. The probabilities are therefore higher for scores 3 and 4.

**Confidence:** The participant's reflection does not explicitly state confidence levels, but the straightforward statement of their strategy suggests a reasonable level of certainty about their approach. The absence of doubt or uncertainty in their language supports a distribution leaning towards higher scores (2, 3, and 4), indicating some confidence in their strategy."
219,Male,White,"Master's degree (e.g., MA, MS, MEd)",0.5,5,47,0.166666667,low,low,-1,0.66875,0.071784646,-0.299195196,-1.601113785,0.448014892,1.515207868,-0.804202782,"Tried to determine the likely ratio of failures vs. successes for each person, but was probably wrong","Yes, as the decisions became more difficult, I had to think more carefully about which person to choose--the help became less consistent. Seemed like, for instance, the guy in black would be consistently helpful while simultaneously the guy in blue would be unhelpful. Their behavior seemed interrelated and dependent on one another.","Tried to determine the likely ratio of failures vs. successes for each person, but was probably wrong ; Yes, as the decisions became more difficult, I had to think more carefully about which person to choose--the help became less consistent. Seemed like, for instance, the guy in black would be consistently helpful while simultaneously the guy in blue would be unhelpful. Their behavior seemed interrelated and dependent on one another.",2.5,3.1,2.9,3.1,1.7,"Comprehension: [0.0, 0.1, 0.4, 0.4, 0.1]  
Judgment: [0.0, 0.0, 0.2, 0.5, 0.3]  
Evaluation: [0.0, 0.0, 0.3, 0.5, 0.2]  
Final Decision: [0.0, 0.0, 0.2, 0.5, 0.3]  
Confidence: [0.1, 0.3, 0.4, 0.2, 0.0]  

**Rationale:**

**Comprehension:** The participant shows a basic understanding of the task's structure by attempting to track the ratio of failures to successes, indicating some grasp of the probabilistic nature of the task. However, the reflection lacks depth in fully explaining the task rules or goals, hence a higher probability in the middle range.

**Judgment:** The participant formed a hypothesis about the behavior of the characters based on their observations, which shows a clear judgment process. The reflection indicates a thoughtful approach to decision-making, especially as the task progressed and became more complex.

**Evaluation:** The participant reflects on the effectiveness of their strategy by noting the interrelated behavior of the characters and adjusting their choices accordingly. This shows a good level of evaluation, but it lacks a deeper analysis of why certain strategies worked or failed, hence a higher score in the middle range.

**Final Decision:** The participant describes a decision strategy that evolved as the task became more difficult, indicating a thoughtful approach to adapting their strategy based on the task's demands. This shows a good level of strategic consistency and adaptation.

**Confidence:** The participant expresses some doubt about their initial strategy (""but was probably wrong""), showing awareness of their uncertainty. This indicates a moderate level of confidence, with a higher probability towards the lower end of the scale, reflecting their self-doubt."
418,Male,White,"Bachelor's degree (e.g., BA, BS)",0.1,100,I am not sure.,1.722222222,high,low,-2,0.69375,0.017879353,0.209387447,0.151520409,0.434371535,3.046494066,-1.21221546,I tried to stick with the people who didnt vary with their result the most,no,I tried to stick with the people who didnt vary with their result the most ; no,2.5,2.8,1.4,3.2,1.5,"Comprehension: [0.0, 0.1, 0.4, 0.4, 0.1]  
Judgment: [0.0, 0.0, 0.3, 0.6, 0.1]  
Evaluation: [0.2, 0.3, 0.4, 0.1, 0.0]  
Final Decision: [0.0, 0.0, 0.1, 0.6, 0.3]  
Confidence: [0.1, 0.4, 0.4, 0.1, 0.0]  

Rationale:
- **Comprehension**: The participant shows some understanding of the task by identifying a pattern in the results of the choices (those that ""didnt vary with their result the most""). This suggests a basic grasp of the task's dynamics, hence a higher probability for scores 2 and 3.
- **Judgment**: The participant's strategy of sticking with consistent results indicates a planned approach, though not deeply elaborated. The response leans more towards a clear strategy (score 3), but lacks depth for a higher score.
- **Evaluation**: The participant does not provide much reflection on the effectiveness of their strategy beyond a simple negative answer to changing strategies. This suggests some evaluation but not in-depth, leading to a higher probability for score 2.
- **Final Decision**: The participant clearly states their decision strategy (""stick with the people who didnt vary with their result the most""), indicating a consistent rule applied. This is more aligned with scores 3 and 4, showing a clear decision-making process.
- **Confidence**: The participant's brief and somewhat ambiguous response (""no"" to strategy change) suggests some uncertainty or minimal confidence in their approach, leading to higher probabilities for scores 1 and 2. The lack of elaboration prevents higher confidence scores."
38,Female,Black or African American,"Master's degree (e.g., MA, MS, MEd)",0.05,5,47,0,low,low,-2,0.63125,0.385614035,-0.052750983,0.608018453,0.578346439,-0.236811614,-0.988291189,No,not really,No ; not really,0.1,0.1,0.1,0.1,0.1,"Comprehension: [0.9, 0.1, 0.0, 0.0, 0.0]  
Judgment: [0.9, 0.1, 0.0, 0.0, 0.0]  
Evaluation: [0.9, 0.1, 0.0, 0.0, 0.0]  
Final Decision: [0.9, 0.1, 0.0, 0.0, 0.0]  
Confidence: [0.9, 0.1, 0.0, 0.0, 0.0]  

Rationale: The participant's response ""No ; not really"" is extremely brief and lacks any substantive content that could be evaluated across the five dimensions of the Metacognitive Prompting (MP) framework. This response does not provide any evidence that the participant understood the task rules, structure, or goal (Comprehension), nor does it indicate that they formed any hypothesis or plan about how to act (Judgment). There is no reflection on whether their strategy worked or why, which affects the Evaluation score. Similarly, they did not describe any consistent rule or decision strategy they ultimately applied (Final Decision), and there is no expression of certainty or doubt about their approach or understanding (Confidence). Therefore, the probabilities are heavily weighted towards a score of 0 for each dimension, indicating an absence of evidence for metacognitive reflection in the participant's response."
130,Female,Other,"Bachelor's degree (e.g., BA, BS)",10,5,47,0.111111111,low,low,-3,0.44375,0,-0.437479475,-1.249558998,0.531667479,-0.159755804,-1.384179427,I kept going back to the same partner if I got +100,no,I kept going back to the same partner if I got +100 ; no,2.5,2.8,1.4,3.4,1.7,"Comprehension: [0.0, 0.1, 0.4, 0.4, 0.1]  
Judgment: [0.0, 0.0, 0.3, 0.6, 0.1]  
Evaluation: [0.2, 0.3, 0.4, 0.1, 0.0]  
Final Decision: [0.0, 0.0, 0.1, 0.4, 0.5]  
Confidence: [0.1, 0.3, 0.4, 0.2, 0.0]  

Rationale:  
- **Comprehension**: The participant shows some understanding of the task's reward system (returning to a choice that previously yielded a positive outcome). However, the response lacks depth in explaining the overall goal or rules of the task, suggesting a moderate level of comprehension.
- **Judgment**: The participant's strategy of returning to a previously rewarding choice indicates some level of planning or hypothesis formation. The clarity isn't deep, but there's evidence of a basic strategy, hence a higher probability towards a good score.
- **Evaluation**: The participant's reflection lacks a detailed assessment of whether their strategy was effective overall, only providing a minimal hint at re-evaluating their choices (""no""). This suggests some evaluation but not deeply insightful or comprehensive.
- **Final Decision**: The strategy described (""kept going back to the same partner if I got +100"") shows a consistent rule applied during the task, leaning towards a good to exemplary understanding of a decision strategy, despite the brevity of the response.
- **Confidence**: The participant's confidence in their strategy is not clearly articulated. The terse nature of the response and the inclusion of ""no"" suggest some doubt or reconsideration, indicating moderate confidence at best."
305,Male,White,"Bachelor's degree (e.g., BA, BS)",0.1,5,47,0.166666667,low,low,-3,0.6625,0.025423729,-0.533553583,-1.239024049,0.477358862,1.008744806,0.082189431,"Yes, I started of in ascending to descending order and sticked to one partner until I didn't fail 2-3 times.",No.,"Yes, I started of in ascending to descending order and sticked to one partner until I didn't fail 2-3 times. ; No.",3,3.1,2,3.4,2.7,"Comprehension: [0.0, 0.0, 0.3, 0.4, 0.3]  
Judgment: [0.0, 0.0, 0.2, 0.5, 0.3]  
Evaluation: [0.1, 0.2, 0.4, 0.2, 0.1]  
Final Decision: [0.0, 0.0, 0.1, 0.4, 0.5]  
Confidence: [0.0, 0.1, 0.3, 0.4, 0.2]  

**Rationale:**

**Comprehension:**  
The participant seems to understand the basic structure of the task, as indicated by their strategy of sticking to one option until it fails multiple times. This shows an understanding of the task's probabilistic nature and the need for a strategy. The response suggests a good grasp but lacks a detailed explanation of the task rules or goals, hence the distribution leaning towards a higher score but not the highest.

**Judgment:**  
The participant clearly formed a strategy (ascending to descending order, sticking to one choice until failure), indicating some level of planning and hypothesis formation about how to act. The clarity in describing a specific approach suggests a good level of judgment, but not exemplary, as the strategy is somewhat basic and not deeply explained.

**Evaluation:**  
The participant does reflect minimally on the effectiveness of their strategy by mentioning sticking to one option until it fails multiple times. However, there is no deep analysis or reasoning about why this strategy was chosen or its effectiveness beyond the basic rule-following, leading to a moderate score.

**Final Decision:**  
The participant describes a consistent rule or decision strategy (sticking to one choice until it fails multiple times). This shows a clear final decision strategy, which is somewhat sophisticated in its adherence despite failures. The response indicates a good to exemplary understanding of sticking with a decision rule, hence the higher scores.

**Confidence:**  
The participant does not explicitly express confidence or doubt about their approach. The lack of explicit confidence or doubt expressions leads to a moderate score, as the strategy itself implies some level of confidence in sticking with one option until it fails repeatedly. However, the absence of direct statements about confidence or self-assessment prevents the highest scores."
273,Male,White,"Bachelor's degree (e.g., BA, BS)",I am not sure,1,24,2.111111111,high,high,1,0.575,0.107801419,-0.056252144,0.648947546,0.586490662,0.543131452,-0.645796868,no,no,no ; no,0,0,0,0,0,Auto-scored due to empty or trivial reflection.
137,Male,White,"Bachelor's degree (e.g., BA, BS)",5,5,47,0,low,low,-2,0.56875,0,-0.28360617,-0.033855423,0.564737915,0.168461069,-0.119066141,no,no,no ; no,0,0,0,0,0,Auto-scored due to empty or trivial reflection.
446,Female,White,"Master's degree (e.g., MA, MS, MEd)",5,5,47,0,low,low,-1,0.70625,0,-0.074100756,-0.633685405,0.463467547,2.2620314,0.429975453,I stayed with a partner as long as they came up 100; I would swith if they were -50.,"No, Istayed with that one.","I stayed with a partner as long as they came up 100; I would swith if they were -50. ; No, Istayed with that one.",3,3.1,2,3.4,3.5,"Comprehension: [0.0, 0.0, 0.3, 0.4, 0.3]  
Judgment: [0.0, 0.0, 0.2, 0.5, 0.3]  
Evaluation: [0.1, 0.2, 0.4, 0.2, 0.1]  
Final Decision: [0.0, 0.0, 0.1, 0.4, 0.5]  
Confidence: [0.0, 0.0, 0.1, 0.3, 0.6]  

**Rationale:**

**Comprehension:** The participant shows a basic understanding of the task rules by mentioning specific outcomes (100 and -50) that guide their decisions. The response indicates a grasp of the task structure but lacks a detailed explanation of the overall goal, hence the higher probabilities for scores 2 and 3.

**Judgment:** The participant clearly states a decision rule based on the outcomes, which reflects some planning or hypothesis formation about how to act. The clarity and simplicity of the rule suggest a good level of judgment, leading to higher probabilities for scores 3 and 4.

**Evaluation:** The participant does not explicitly reflect on the effectiveness of their strategy beyond a simple adherence to it, indicated by the statement of sticking with the strategy. There is minimal reflection on why this strategy might work or not, leading to a higher probability for score 2.

**Final Decision:** The participant describes a consistent rule they applied throughout the task, which is a clear decision strategy. However, there is no indication of any adjustments or nuanced decision-making based on changing conditions or additional insights, which justifies a higher probability for scores 3 and 4.

**Confidence:** The participant's statement, ""No, I stayed with that one,"" suggests a high level of confidence in their chosen strategy, as they did not consider changing it despite potential fluctuations in outcomes. This is reflected in the higher probabilities for scores 3 and 4, indicating a strong belief in their approach."
463,Male,White,"Bachelor's degree (e.g., BA, BS)",5,5,47,0,low,low,-2,0.55625,0.026315789,-0.392245969,-1.521076834,0.4751356,1.067598349,-0.601201606,Click the one that continued to give me positive points.,No.,Click the one that continued to give me positive points. ; No.,3,3.1,2,3.4,3.5,"Comprehension: [0.0, 0.0, 0.3, 0.4, 0.3]  
Judgment: [0.0, 0.0, 0.2, 0.5, 0.3]  
Evaluation: [0.1, 0.2, 0.4, 0.2, 0.1]  
Final Decision: [0.0, 0.0, 0.1, 0.4, 0.5]  
Confidence: [0.0, 0.0, 0.1, 0.3, 0.6]  

Rationale:  
- **Comprehension**: The participant's response indicates a basic understanding of the task's goal (to click for positive points), but lacks depth in explaining the structure or rules. The probabilities reflect a good understanding but not exemplary, as the details are minimal.
- **Judgment**: The participant's strategy (""Click the one that continued to give me positive points"") shows a clear plan, but it's quite basic. The higher probabilities for scores 3 and 4 reflect that a plan was indeed formed and followed.
- **Evaluation**: The participant's brief response suggests minimal reflection on the effectiveness of the strategy, indicated by a higher probability for a score of 2. There's some evaluation implied in the continuation of the strategy, but it's not deeply analyzed.
- **Final Decision**: The participant seems to have stuck with a consistent strategy throughout, as indicated by the response ""No"" to changing strategies. This suggests a higher score for having a clear decision strategy.
- **Confidence**: The simplicity and directness of the response suggest a high level of confidence in the chosen approach, reflected in the higher probabilities for scores 3 and 4. The participant does not express doubt or uncertainty."
74,Male,White,"Bachelor's degree (e.g., BA, BS)",10,5,47,1.222222222,low,high,2,0.625,0.058928572,-0.10461772,-1.600428615,0.50849074,1.044338177,-0.397610029,I just tested the waters of each option and moved on when I thought it was going badly.,Not really. I felt my strategy was the same throughout the whole thing.,I just tested the waters of each option and moved on when I thought it was going badly. ; Not really. I felt my strategy was the same throughout the whole thing.,2.1,2.9,1.5,3.4,3.4,"Comprehension: [0.0, 0.1, 0.7, 0.2, 0.0]  
Judgment: [0.0, 0.0, 0.2, 0.7, 0.1]  
Evaluation: [0.1, 0.4, 0.4, 0.1, 0.0]  
Final Decision: [0.0, 0.0, 0.1, 0.4, 0.5]  
Confidence: [0.0, 0.0, 0.1, 0.4, 0.5]  

**Rationale:**
- **Comprehension:** The participant shows an understanding of the task by recognizing the need to ""test the waters"" of each option, indicating some grasp of the task's trial-and-error nature. However, the depth of understanding specific rules or structure isn't fully articulated, leading to a higher probability for an ""Adequate"" score.
- **Judgment:** The participant's strategy of moving on when things seemed to be going badly suggests a clear plan or hypothesis was formed about how to act, leaning towards a ""Good"" score. The mention of testing each option also supports some level of strategic planning.
- **Evaluation:** The reflection on the strategy's effectiveness is minimal and vague (""moved on when I thought it was going badly""), suggesting some evaluation but not deeply analyzed or explained, thus a split between ""Rudimentary"" and ""Adequate.""
- **Final Decision:** The participant indicates a consistent approach throughout the task (""my strategy was the same throughout the whole thing""), suggesting a clear decision strategy was applied, leaning towards ""Good"" and ""Exemplary"" as they stuck with their plan.
- **Confidence:** The participant's statement about maintaining the same strategy throughout with no indication of doubt suggests confidence in their approach, warranting a higher score towards ""Good"" and ""Exemplary."""
461,Female,Black or African American,"Master's degree (e.g., MA, MS, MEd)",10,100,24,2.5,high,high,-3,0.36875,0.639825581,0.002237986,0.991001887,0.60439023,-1.83820271,-1.991922284,no,no,no ; no,0,0,0,0,0,Auto-scored due to empty or trivial reflection.
243,Male,Asian,"Some college or university, no degree",5,5,47,1.777777778,low,high,-1,0.5625,0.00925926,-0.16341524,-0.292636528,0.518211161,0.735667099,1.480691684,I stuck with the one that gave +100 until I saw -50 in which i'd try two more times before switching.,Only the first time when I stuck to the strategy in Q12.3.,I stuck with the one that gave +100 until I saw -50 in which i'd try two more times before switching. ; Only the first time when I stuck to the strategy in Q12.3.,2.5,3.1,2.9,3.4,2,"Comprehension: [0.0, 0.1, 0.4, 0.4, 0.1]  
Judgment: [0.0, 0.0, 0.2, 0.5, 0.3]  
Evaluation: [0.0, 0.0, 0.3, 0.5, 0.2]  
Final Decision: [0.0, 0.0, 0.1, 0.4, 0.5]  
Confidence: [0.1, 0.2, 0.4, 0.2, 0.1]  

Rationale:
- **Comprehension**: The participant shows an understanding of the task rules and structure by describing their response to specific outcomes (+100 and -50). The mention of ""Q12.3"" suggests some familiarity with the task's specifics, though it's not entirely clear. The response indicates a moderate understanding but lacks depth in explaining the overall goal or structure beyond immediate reactions.
- **Judgment**: The participant clearly formed a plan based on the outcomes they observed, indicating a strategy of sticking with a choice until a negative outcome prompted reconsideration. This shows a good level of planning and hypothesis formation, hence the higher probabilities for scores 3 and 4.
- **Evaluation**: The participant reflects on their strategy's effectiveness by mentioning the adjustment made after experiencing negative outcomes. This shows some level of strategy evaluation, though it's not deeply insightful or comprehensive, leading to a higher score in the middle range.
- **Final Decision**: The participant describes a consistent rule or decision strategy by sticking with a choice until negative outcomes occur multiple times. This indicates a clear decision-making process, meriting a higher score towards the upper end of the scale.
- **Confidence**: The participant's confidence in their approach is somewhat ambiguous. They mention sticking to their strategy initially but also indicate a willingness to switch after negative outcomes, suggesting some uncertainty. The probabilities are spread across the scale, reflecting this mixed level of confidence."
393,Male,White,"Bachelor's degree (e.g., BA, BS)",0.1,50,38,2.388888889,high,high,-2,0.44375,0.542592593,0.019925077,1.005277213,0.61589109,-1.617033949,-1.932006875,NO,NO,NO ; NO,0,0,0,0,0,Auto-scored due to empty or trivial reflection.
28,Female,Asian,"Bachelor's degree (e.g., BA, BS)",5,5,47,0,low,low,-3,0.63125,0,-0.019460392,-0.521496308,0.417471604,3.015453129,-0.606236059,I found a 100 and kept going until it turned negative. Then I tried to find the next 100 and continue.,"It seemed like the earlier games, the 100 lasted longer. In the later games, there was more 100 to negative 50 but then right back to 100 so it was more difficult to find a pattern.","I found a 100 and kept going until it turned negative. Then I tried to find the next 100 and continue. ; It seemed like the earlier games, the 100 lasted longer. In the later games, there was more 100 to negative 50 but then right back to 100 so it was more difficult to find a pattern.",3.3,3.4,3.3,3.4,3,"Comprehension: [0.0, 0.0, 0.2, 0.3, 0.5]  
Judgment: [0.0, 0.0, 0.1, 0.4, 0.5]  
Evaluation: [0.0, 0.0, 0.2, 0.3, 0.5]  
Final Decision: [0.0, 0.0, 0.1, 0.4, 0.5]  
Confidence: [0.0, 0.1, 0.2, 0.3, 0.4]  

Rationale:
- **Comprehension**: The participant shows a good understanding of the task's dynamics, noting changes in patterns between earlier and later games. The reflection indicates a grasp of the task structure and goals, hence a higher score towards the upper end.
- **Judgment**: The participant describes a strategy of pursuing rewards and adjusting based on outcomes, which reflects a clear hypothesis about how to act. The reflection shows a thoughtful approach to strategy formulation, deserving a higher score.
- **Evaluation**: The participant reflects on the effectiveness of their strategy by noting the difficulty in finding a pattern in later games compared to earlier ones. This shows a good level of self-assessment, meriting a higher score.
- **Final Decision**: The participant describes a consistent rule or decision strategy of switching tactics upon receiving negative feedback. This indicates a clear and consistent decision-making process, justifying a higher score.
- **Confidence**: The participant expresses some uncertainty about their approach, especially in later games, which suggests a moderate level of confidence. They acknowledge the increased difficulty in pattern recognition, which reflects some self-doubt but also an awareness of task complexity."
304,Female,White,"Bachelor's degree (e.g., BA, BS)",5,5,47,0.388888889,low,low,-3,0.61875,0.297714515,-0.128383919,-1.696619564,0.529163398,-0.225555057,-1.307839016,I just tried to switch it up after every 4 or 5 choices since I noticed I would lose points eventually when I picked the same one.,Yes. With every section I realized the partner that was successful would change so I just tried to figure out which ones would gain points more often.,I just tried to switch it up after every 4 or 5 choices since I noticed I would lose points eventually when I picked the same one. ; Yes. With every section I realized the partner that was successful would change so I just tried to figure out which ones would gain points more often.,3.3,3.4,3.3,3.4,3,"Comprehension: [0.0, 0.0, 0.2, 0.3, 0.5]
Judgment: [0.0, 0.0, 0.1, 0.4, 0.5]
Evaluation: [0.0, 0.0, 0.2, 0.3, 0.5]
Final Decision: [0.0, 0.0, 0.1, 0.4, 0.5]
Confidence: [0.0, 0.1, 0.2, 0.3, 0.4]

Rationale:
- **Comprehension**: The participant shows a good understanding of the task's dynamics, recognizing that sticking to one choice leads to losing points and that the rewarding option changes. The probability leans towards a higher score because the participant clearly grasps the task's probabilistic nature.
- **Judgment**: The participant formed a strategy based on their observations (switching choices after a set number of trials), indicating a plan of action. The reflection suggests a thoughtful approach, deserving a higher score.
- **Evaluation**: The participant reflects on the effectiveness of their strategy by noting the need to switch after observing losses, which shows a good level of self-assessment and understanding of task dynamics.
- **Final Decision**: The participant describes a consistent rule or decision strategy (switching after 4 or 5 choices), which they applied throughout the task. This shows a clear and consistent approach, justifying a higher score.
- **Confidence**: The participant expresses some level of certainty in their approach by sticking to a systematic strategy of switching choices, but also shows some uncertainty in figuring out which options would gain more points. This mixed expression warrants a moderate to high score."
412,Male,White,"Bachelor's degree (e.g., BA, BS)",5,5,47,0,low,low,-3,0.70625,0,-1.020907183,-3.251525489,0.423433503,0.696050305,-1.148588094,"I started on the left and continued until I got 3 negatives in a row, then moved to the right one deck. If the first two on the next deck were also bad, I moved once again to the right.","No, I tried to maintain a consistent pattern that I planned on using before the game started. I was unsure how often I would need to switch.","I started on the left and continued until I got 3 negatives in a row, then moved to the right one deck. If the first two on the next deck were also bad, I moved once again to the right. ; No, I tried to maintain a consistent pattern that I planned on using before the game started. I was unsure how often I would need to switch.",3.4,3.5,3.2,3.5,2.1,"Comprehension: [0.0, 0.0, 0.1, 0.4, 0.5]  
Judgment: [0.0, 0.0, 0.1, 0.3, 0.6]  
Evaluation: [0.0, 0.0, 0.2, 0.4, 0.4]  
Final Decision: [0.0, 0.0, 0.1, 0.3, 0.6]  
Confidence: [0.1, 0.2, 0.3, 0.3, 0.1]  

Rationale:
- **Comprehension**: The participant clearly understood the task rules and structure, as evidenced by their methodical approach to switching decks after consecutive negative outcomes. The reflection shows a good grasp of the task's goal, hence the high probability towards scores 3 and 4.
- **Judgment**: The participant formed a clear hypothesis or plan about how to act, which involved moving decks based on the outcomes received. This indicates a well-thought-out strategy, justifying higher scores in this dimension.
- **Evaluation**: The participant reflected on their strategy's effectiveness implicitly by mentioning their uncertainty about the frequency of strategy switches needed. This shows some evaluation but lacks depth about the strategy's effectiveness, leading to a balanced distribution with a slight lean towards higher scores.
- **Final Decision**: The participant described a consistent rule or decision strategy they applied throughout the task. Although there was some uncertainty, the strategy was clearly articulated, supporting higher scores in this dimension.
- **Confidence**: The participant expressed some uncertainty about their approach, particularly regarding the frequency of necessary strategy changes. This uncertainty impacts the confidence score, leading to a more even distribution across the scale with a slight emphasis on the middle values."
382,Male,White,"Master's degree (e.g., MA, MS, MEd)",1,100,24,1.176470588,low,low,2,0.6625,0.016949153,-0.119395419,-0.599067543,0.463238173,1.80070876,0.588220912,no,no,no ; no,0,0,0,0,0,Auto-scored due to empty or trivial reflection.
417,Male,White,"High school degree or equivalent (e.g., GED)",5,5,47,0,low,low,-1,0.61875,0,-0.559407774,-1.492002848,0.462142295,1.543202106,-0.081587094,"If it was in the red two times in a row, I tended to switch. A losing streak would cause me to switch",I switched partners more later in the game when it seemed like it was going in the red more.,"If it was in the red two times in a row, I tended to switch. A losing streak would cause me to switch ; I switched partners more later in the game when it seemed like it was going in the red more.",3,3.1,3,3.2,2.7,"Comprehension: [0.0, 0.0, 0.3, 0.4, 0.3]  
Judgment: [0.0, 0.0, 0.2, 0.5, 0.3]  
Evaluation: [0.0, 0.0, 0.3, 0.4, 0.3]  
Final Decision: [0.0, 0.0, 0.2, 0.4, 0.4]  
Confidence: [0.0, 0.1, 0.3, 0.4, 0.2]  

Rationale:
- **Comprehension**: The participant shows a clear understanding of the task's rules and structure, particularly the impact of repeated outcomes on their decision-making. The reflection indicates a grasp of the task's probabilistic nature, hence the higher scores towards the upper end.
- **Judgment**: The participant describes a specific hypothesis about when to switch choices based on the occurrence of losses. This indicates a planned approach to the task, meriting a higher score in judgment, particularly leaning towards good and exemplary.
- **Evaluation**: The participant reflects on the effectiveness of their strategy by noting the increased frequency of switching later in the game, suggesting some evaluation of strategy effectiveness. This reflection is somewhat detailed, hence the higher probabilities for good and exemplary.
- **Final Decision**: The participant describes a consistent rule they applied (switching after consecutive losses), which shows a clear decision strategy. The reflection suggests a rational and somewhat sophisticated approach, justifying higher scores.
- **Confidence**: The participant does not explicitly express confidence or doubt, but the description of their strategy implies some level of certainty. However, the lack of explicit confidence or doubt statements leads to a more balanced distribution across the scale, with a slight lean towards higher scores due to the clarity of the strategy described."
12,Male,White,"Bachelor's degree (e.g., BA, BS)",0.05,5,47,0.833333333,low,low,-2,0.68125,0.00862069,-0.134539013,0.466209852,0.413119444,2.72440202,-0.784877684,just try to find best person,no,just try to find best person ; no,1.6,1.5,1.1,1.5,1.7,"Comprehension: [0.1, 0.4, 0.3, 0.2, 0.0]  
Judgment: [0.2, 0.3, 0.3, 0.2, 0.0]  
Evaluation: [0.3, 0.4, 0.2, 0.1, 0.0]  
Final Decision: [0.2, 0.3, 0.3, 0.2, 0.0]  
Confidence: [0.1, 0.3, 0.4, 0.2, 0.0]  

**Rationale:**

**Comprehension:** The participant's response is extremely brief and lacks clear evidence of understanding the task's rules, structure, or goal. The phrase ""just try to find best person"" is vague and does not explicitly show comprehension of the task specifics. However, there is a minimal indication that they grasped the idea of choosing among options, hence the distribution leaning towards lower scores but not completely absent.

**Judgment:** The participant's strategy (""just try to find best person"") suggests a rudimentary plan or hypothesis about how to approach the task, but it is not detailed or well-articulated. The lack of depth in the strategy description leads to a higher probability for lower scores.

**Evaluation:** There is very minimal reflection on whether their strategy worked or why, indicated by the terse ""no"" at the end of the response. This suggests some level of evaluation but is far from clear or in-depth. The score distribution reflects this minimal and unclear evaluation.

**Final Decision:** The participant does not describe a consistent rule or decision strategy they ultimately applied in any detailed manner. The response is too brief and lacks detail, leading to uncertainty about whether a consistent strategy was used throughout the task. The probabilities are spread across lower scores to reflect this uncertainty.

**Confidence:** The participant's confidence in their approach or understanding is not explicitly stated. The brief and somewhat ambiguous response does not convey strong certainty or doubt. The distribution slightly favors lower scores, reflecting the lack of clear expression of confidence."
128,Female,White,"Bachelor's degree (e.g., BA, BS)",5,5,47,0,low,low,0,0.65,0.01724138,-0.058273753,0.284393969,0.428985394,1.827093845,0.236737916,"not particularly, just tried to keep track of who was paying best at the moment","not really, every time I thought I found a pattern it changed.","not particularly, just tried to keep track of who was paying best at the moment ; not really, every time I thought I found a pattern it changed.",2.5,2.8,3,3.2,3.4,"Comprehension: [0.0, 0.1, 0.4, 0.4, 0.1]  
Judgment: [0.0, 0.0, 0.3, 0.6, 0.1]  
Evaluation: [0.0, 0.0, 0.2, 0.6, 0.2]  
Final Decision: [0.0, 0.0, 0.1, 0.6, 0.3]  
Confidence: [0.0, 0.0, 0.1, 0.4, 0.5]  

**Rationale:**

**Comprehension:** The participant shows a basic understanding of the task by recognizing the need to track which option was performing best. However, the reflection lacks depth in explaining the rules or structure of the task, suggesting a moderate level of comprehension.

**Judgment:** The participant indicates some form of strategy by trying to track the best-performing option, which shows a plan of action. The mention of attempting to find a pattern, despite its change, suggests a somewhat thoughtful approach, but not highly sophisticated or detailed.

**Evaluation:** The participant reflects on the effectiveness of their strategy by acknowledging that the perceived patterns kept changing. This shows an awareness of the strategy's outcome and its limitations, indicating a good level of evaluation.

**Final Decision:** The participant's strategy seems to have been somewhat consistent, focusing on tracking the best option, despite the changing patterns. This suggests a rule or decision strategy was applied, though not rigidly, as adjustments were considered when patterns seemed to change.

**Confidence:** The participant expresses a mix of certainty in their approach to track the best option and doubt about the changing patterns. This blend of confidence and reflective doubt suggests a higher score in this dimension, indicating a nuanced understanding of their own metacognitive processes."
347,Male,Asian,"Master's degree (e.g., MA, MS, MEd)",5,5,47,0.777777778,low,low,1,0.6125,0.06512605,-0.467111513,-0.661675795,0.553217264,0.147003028,-1.266711509,"if I get two negatives in a row, try different stack.",yes,"if I get two negatives in a row, try different stack. ; yes",2.1,3.1,1.5,3.2,1.4,"Comprehension: [0.0, 0.1, 0.7, 0.2, 0.0]
Judgment: [0.0, 0.0, 0.2, 0.5, 0.3]
Evaluation: [0.1, 0.4, 0.4, 0.1, 0.0]
Final Decision: [0.0, 0.0, 0.1, 0.6, 0.3]
Confidence: [0.2, 0.3, 0.4, 0.1, 0.0]

**Rationale:**

**Comprehension:** The participant shows an understanding of the task's feedback mechanism by adjusting their choice after receiving two negative outcomes. The response is somewhat clear but lacks depth, suggesting a moderate understanding of the task structure.

**Judgment:** The participant explicitly mentions a decision rule (""if I get two negatives in a row, try different stack""), indicating a planned approach to the task. This demonstrates a good level of judgment, with some sophistication in forming a hypothesis about how to act.

**Evaluation:** The participant's reflection on the effectiveness of their strategy is minimal and indirect. The brief affirmation (""yes"") at the end might imply some level of evaluation, but it's not clear or detailed.

**Final Decision:** The participant describes a specific rule they applied consistently (""if I get two negatives in a row, try different stack""), which shows a good level of clarity in their final decision-making process. The response suggests a thoughtful application of a strategy, though not highly sophisticated.

**Confidence:** The participant's confidence in their strategy or understanding of the task is not explicitly stated and can only be inferred indirectly. The simplicity and brevity of the response suggest some uncertainty, hence the higher probabilities for lower scores."
476,Male,White,"High school degree or equivalent (e.g., GED)",5,5,47,0.764705882,low,high,0,0.65,0,-0.457757282,-3.013067216,0.431509844,0.79531909,-1.111668096,"I just went by selecting the individual who seemed to give positive results, and then trying others when that one became negative.",I don't think so.,"I just went by selecting the individual who seemed to give positive results, and then trying others when that one became negative. ; I don't think so.",3,3.1,1.7,3.4,2.6,"Comprehension: [0.0, 0.0, 0.3, 0.4, 0.3]  
Judgment: [0.0, 0.0, 0.2, 0.5, 0.3]  
Evaluation: [0.1, 0.3, 0.4, 0.2, 0.0]  
Final Decision: [0.0, 0.0, 0.1, 0.4, 0.5]  
Confidence: [0.0, 0.1, 0.4, 0.3, 0.2]  

**Rationale:**

**Comprehension:** The participant shows a basic understanding of the task's goal (selecting individuals based on positive results) and the structure (switching when results turn negative). The response indicates a moderate level of understanding, hence the higher probabilities for scores 2, 3, and 4.

**Judgment:** The participant's strategy formulation (""selecting the individual who seemed to give positive results"") shows some planning and hypothesis generation. The clarity and thoughtfulness in the approach suggest a good level of judgment, leading to higher probabilities for scores 3 and 4.

**Evaluation:** The participant reflects minimally on the effectiveness of their strategy by acknowledging the need to switch when results turn negative, but does not deeply analyze why the strategy worked or didn't. This warrants a moderate score, with the highest probability at score 2.

**Final Decision:** The participant describes a consistent rule or decision strategy (""trying others when that one became negative""), indicating a clear final decision-making process. The response leans towards a higher score, with probabilities favoring scores 3 and 4.

**Confidence:** The participant does not express strong certainty or doubt about their approach, but the brief reflection suggests some level of confidence in understanding and applying the strategy. The distribution reflects moderate confidence, with the highest probability at score 2."
2,Male,White,"Some college or university, no degree",10,100,24,0.722222222,low,low,-2,0.60625,0.017857143,-0.326275518,-0.491823644,0.455289998,2.403275798,-0.568285865,No.,No.,No. ; No.,0,0,0,0,0,Auto-scored due to empty or trivial reflection.
359,Male,Asian,"Associate degree (e.g., AA, AS)",$0.05 ,5,47,0.388888889,low,low,-2,0.65,0.036363636,0.016414879,-0.255954296,0.551506669,1.28787716,-0.58575737,I just continued to use the same deck of cards until I started to see a couple of -50's in there. Then I would switch to see if there was a better deck providing +100's consistently.,"No, I stuck with the same strategy the entire time.","I just continued to use the same deck of cards until I started to see a couple of -50's in there. Then I would switch to see if there was a better deck providing +100's consistently. ; No, I stuck with the same strategy the entire time.",3,3.1,3.4,3.8,3.7,"Comprehension: [0.0, 0.0, 0.3, 0.4, 0.3]  
Judgment: [0.0, 0.0, 0.2, 0.5, 0.3]  
Evaluation: [0.0, 0.0, 0.1, 0.4, 0.5]  
Final Decision: [0.0, 0.0, 0.0, 0.2, 0.8]  
Confidence: [0.0, 0.0, 0.0, 0.3, 0.7]  

**Rationale:**

**Comprehension:** The participant shows a clear understanding of the task's structure and goal, as they describe using feedback (-50's and +100's) to guide their decisions. The response indicates a good grasp of the task rules but lacks a detailed explanation of the entire task structure, hence the distribution leaning towards higher scores but not the highest.

**Judgment:** The participant formed a basic plan based on the outcomes they observed, which shows some level of strategic thinking. They decided to switch decks upon observing negative outcomes, indicating a hypothesis-driven approach to maximize rewards. The judgment is clear but not deeply sophisticated, thus a higher probability towards a score of 3.

**Evaluation:** The participant reflects on the effectiveness of their strategy by monitoring the outcomes and adjusting based on what they observed. This shows a good level of self-evaluation, as they are assessing the strategy's success based on consistent positive feedback. The response leans towards a higher score due to the clear rationale behind their strategy adjustments.

**Final Decision:** The participant claims to have stuck with the same strategy throughout, which indicates a strong adherence to a consistent decision-making rule once they established it. This shows a high level of commitment to their chosen strategy, deserving a high score.

**Confidence:** The participant expresses a clear and straightforward approach without indicating any doubt about their strategy or understanding of the task. They seem confident in the approach they took, as evidenced by their consistent application of the strategy and the lack of expressed uncertainty. This warrants a higher score in confidence."
23,Male,White,"Bachelor's degree (e.g., BA, BS)",5,5,47,0.111111111,low,low,-3,0.5875,0,-0.210310647,-2.16659972,0.492236177,0.689074544,0.263617293,I would wait to get either back-to-back losses or like tow out of three losses and jump to another partner that I knew had been decent in previous rounds.,"Not really, I basically stuck with the same strategy pretty much. i would try out the partner weearing black every now and then to see if it had changed.","I would wait to get either back-to-back losses or like tow out of three losses and jump to another partner that I knew had been decent in previous rounds. ; Not really, I basically stuck with the same strategy pretty much. i would try out the partner weearing black every now and then to see if it had changed.",3.1,3.4,3,3.5,2.9,"Comprehension: [0.0, 0.0, 0.2, 0.5, 0.3]  
Judgment: [0.0, 0.0, 0.1, 0.4, 0.5]  
Evaluation: [0.0, 0.0, 0.3, 0.4, 0.3]  
Final Decision: [0.0, 0.0, 0.1, 0.3, 0.6]  
Confidence: [0.0, 0.1, 0.2, 0.4, 0.3]  

**Rationale:**

**Comprehension:** The participant shows a good understanding of the task rules and structure, as evidenced by their strategy of monitoring performance and switching based on specific loss conditions. They demonstrate a clear grasp of the task's probabilistic nature and the need to adapt based on outcomes, which suggests a score leaning towards ""Good"" and ""Exemplary.""

**Judgment:** The participant's strategy formulation is quite sophisticated, involving conditional reasoning based on the outcomes of previous rounds. They planned their actions based on specific conditions (back-to-back losses or two out of three losses), indicating a high level of judgment in their approach.

**Evaluation:** The participant reflects on their strategy's effectiveness implicitly by sticking to it throughout the task, suggesting it worked for them. They also mention trying out another option occasionally to test if conditions had changed, showing some level of strategy evaluation.

**Final Decision:** The participant describes a consistent rule or decision strategy they applied throughout the task, with occasional deviations to test other options. This indicates a strong and consistent decision-making process, deserving a higher score.

**Confidence:** The participant expresses a moderate level of certainty about their approach, sticking to a primary strategy throughout the task and only occasionally deviating to test alternatives. This suggests a reasonable level of confidence, though not complete certainty, as they were still testing other options."
232,Male,White,"Bachelor's degree (e.g., BA, BS)",0.05,5,47,0,low,low,-2,0.58125,0,-0.651130797,-3.147303795,0.412312814,0.805941518,-0.371941886,I just tried to ride the hot hand,No,I just tried to ride the hot hand ; No,1.2,2.1,0.1,2.1,1.1,"Comprehension: [0.0, 0.8, 0.2, 0.0, 0.0]  
Judgment: [0.0, 0.0, 0.9, 0.1, 0.0]  
Evaluation: [0.9, 0.1, 0.0, 0.0, 0.0]  
Final Decision: [0.0, 0.0, 0.9, 0.1, 0.0]  
Confidence: [0.0, 0.9, 0.1, 0.0, 0.0]  

Rationale:  
- **Comprehension**: The participant's response suggests a minimal understanding of the task's goal or rules, indicated by the casual phrase ""ride the hot hand,"" which implies a basic strategy but lacks depth or specificity about the task structure. Hence, a higher probability is given to a score of 1.
- **Judgment**: The participant's strategy, ""ride the hot hand,"" indicates a decision-making approach based on recent outcomes, which shows some judgment but lacks sophistication or a detailed plan. Therefore, a high probability is assigned to a score of 2.
- **Evaluation**: The participant did not reflect on whether their strategy worked or why, as indicated by the terse response and the absence of any evaluative comments. This warrants a high probability for a score of 0.
- **Final Decision**: The participant's strategy seems consistent (""ride the hot hand"") but is not elaborated upon or justified with reasoning, suggesting a basic but not well-articulated strategy. A high probability is given to a score of 2.
- **Confidence**: The participant's brief response does not express any certainty or doubt about their approach, suggesting a lack of reflective confidence. A high probability is assigned to a score of 1."
106,Female,White,"Some college or university, no degree",5,5,47,0,low,low,-3,0.5875,0.106035552,-0.640903907,-2.168273465,0.477442628,0.605283308,0.021704353,nothing in particular,"No, I played the same way throughout each game","nothing in particular ; No, I played the same way throughout each game",0.4,0.2,0.1,1.7,3.4,"Comprehension: [0.7, 0.2, 0.1, 0.0, 0.0]  
Judgment: [0.8, 0.2, 0.0, 0.0, 0.0]  
Evaluation: [0.9, 0.1, 0.0, 0.0, 0.0]  
Final Decision: [0.1, 0.3, 0.4, 0.2, 0.0]  
Confidence: [0.0, 0.0, 0.1, 0.4, 0.5]  

**Rationale:**
- **Comprehension:** The participant's statement ""nothing in particular"" suggests a lack of deliberate engagement with understanding the task's rules or goals. The probability is high (0.7) for a score of 0, indicating minimal comprehension.
- **Judgment:** The participant does not mention forming any specific hypothesis or plan, reflected in the high probability (0.8) for a score of 0. The slight chance (0.2) for a score of 1 acknowledges the possibility of an implicit, though unarticulated, approach.
- **Evaluation:** The participant's reflection lacks any assessment of the strategy's effectiveness or reasoning behind their actions, justifying a high probability (0.9) for a score of 0. A minimal chance (0.1) for a score of 1 considers any unexpressed internal evaluation.
- **Final Decision:** The statement ""No, I played the same way throughout each game"" suggests some consistency in approach, leading to a mixed probability distribution with a slight leaning towards the middle scores (0.4 for a score of 2), indicating a rudimentary but consistent decision strategy.
- **Confidence:** The participant's brief and straightforward response, especially the consistent approach to gameplay, suggests a higher level of confidence, reflected in higher probabilities for scores 3 (0.4) and 4 (0.5). The participant seems sure of their approach, despite its simplicity."
127,Male,White,"Bachelor's degree (e.g., BA, BS)",5,5,47,0.722222222,low,low,-2,0.58125,0.041666667,-0.287794261,-0.662680253,0.515880887,0.233942892,0.955741912,no,no,no ; no,0,0,0,0,0,Auto-scored due to empty or trivial reflection.
345,Male,White,"Master's degree (e.g., MA, MS, MEd)",5,5,47,0,low,low,-2,0.625,0.009259259,-0.170176518,-0.734084136,0.487082386,1.397499701,0.693249927,"I found that the best deck that was giving me +100 more frequently, was doing so at a rate of 75% to 85% of the time.  Therefore, if I got -50 twice in a row, then it was most likely due to the best deck changing, so I would check the other two decks to find the new best deck.","No, not really.","I found that the best deck that was giving me +100 more frequently, was doing so at a rate of 75% to 85% of the time.  Therefore, if I got -50 twice in a row, then it was most likely due to the best deck changing, so I would check the other two decks to find the new best deck. ; No, not really.",3.4,3.5,3.3,3.5,3.6,"Comprehension: [0.0, 0.0, 0.1, 0.4, 0.5]
Judgment: [0.0, 0.0, 0.1, 0.3, 0.6]
Evaluation: [0.0, 0.0, 0.2, 0.3, 0.5]
Final Decision: [0.0, 0.0, 0.1, 0.3, 0.6]
Confidence: [0.0, 0.0, 0.1, 0.2, 0.7]

Rationale:
- **Comprehension**: The participant clearly understood the task rules and structure, as evidenced by their ability to quantify the frequency of rewards and recognize the need to switch decks. The reflection shows a sophisticated understanding of the probabilistic nature of the task, hence the high score.
- **Judgment**: The participant formed a clear hypothesis about how to act based on the frequency of rewards and losses, indicating a well-thought-out plan to identify the best deck. This shows a high level of judgment in strategy formulation.
- **Evaluation**: The participant reflected on the effectiveness of their strategy by monitoring outcomes and deciding when it was likely that the best deck had changed. This shows a good level of evaluation, though not fully comprehensive, hence the slightly lower score.
- **Final Decision**: The participant described a consistent rule or decision strategy (switching decks after two consecutive losses of -50), which they applied throughout the task. This indicates a clear and consistent decision-making process.
- **Confidence**: The participant expressed a high level of certainty in their approach, as shown by their detailed explanation and the use of specific percentages to describe the deck's performance. This suggests a strong confidence in their understanding and strategy."
421,Male,White,"Bachelor's degree (e.g., BA, BS)",5,5,47,1.777777778,low,high,2,0.64375,0,-0.108893443,-1.369217183,0.456855035,1.630107144,-0.311208787,I generally moved as soon as I seen -50 and if the next person was -50 I moved again. That always worked until the last 1/4. I stuck with the player until they gave me -50 once and then moved immediately. On the last round I stuck with one even though he was -50 twice as others were -50 a lot too. So generally it was good to switch as soon as someone showed -50 except on the last 1/4 where you had to stick with a player it seemed as moving did not do as much good.,Yes in the last 1/4 you had to stick with a player more as others were more so -50 and switching did not work as well. I think this was the tricky part to see if you would stick with a player when previously switching always immediately worked.,I generally moved as soon as I seen -50 and if the next person was -50 I moved again. That always worked until the last 1/4. I stuck with the player until they gave me -50 once and then moved immediately. On the last round I stuck with one even though he was -50 twice as others were -50 a lot too. So generally it was good to switch as soon as someone showed -50 except on the last 1/4 where you had to stick with a player it seemed as moving did not do as much good. ; Yes in the last 1/4 you had to stick with a player more as others were more so -50 and switching did not work as well. I think this was the tricky part to see if you would stick with a player when previously switching always immediately worked.,3.1,3.4,3.4,3.2,2.9,"Comprehension: [0.0, 0.0, 0.2, 0.5, 0.3]
Judgment: [0.0, 0.0, 0.1, 0.4, 0.5]
Evaluation: [0.0, 0.0, 0.1, 0.4, 0.5]
Final Decision: [0.0, 0.0, 0.2, 0.4, 0.4]
Confidence: [0.0, 0.1, 0.2, 0.4, 0.3]

**Rationale:**

**Comprehension:** The participant shows a good understanding of the task rules and structure, as evidenced by their description of the strategy used and the adjustments made in the last quarter of the task. The reflection indicates a grasp of the task's dynamics, particularly the shift in strategy effectiveness as the task progressed.

**Judgment:** The participant clearly formed a hypothesis about how to act, initially moving away from a player after a -50 score and later adjusting this strategy. The reflection shows a good level of planning and hypothesis testing, especially with the strategic shift in the last quarter.

**Evaluation:** The participant reflects on the effectiveness of their strategy, noting that it worked well until the last quarter. They also consider why sticking with one player became necessary, indicating a thoughtful evaluation of strategy performance across different stages of the task.

**Final Decision:** The participant describes a consistent rule or decision strategy they applied, which was to switch players upon receiving a -50 score, and later, to stick with one player as the task conditions changed. This shows a clear articulation of their decision-making process throughout the task.

**Confidence:** The participant expresses a moderate level of certainty about their approach, particularly in their understanding of when and why to switch strategies. They acknowledge the complexity of the task in the last quarter, reflecting some uncertainty but also a reasonable confidence in their final strategy."
109,Male,White,"Bachelor's degree (e.g., BA, BS)",5,5,47,2.888888889,high,high,0,0.65625,0.15535445,-0.425389303,-1.453615902,0.466918519,1.446247321,-0.637829201,I kept the same choice unless it resulted in -50 with a high frequency.,No,I kept the same choice unless it resulted in -50 with a high frequency. ; No,2.3,3.1,2.9,3.4,3.4,"Comprehension: [0.0, 0.1, 0.5, 0.4, 0.0]  
Judgment: [0.0, 0.0, 0.2, 0.5, 0.3]  
Evaluation: [0.0, 0.0, 0.3, 0.5, 0.2]  
Final Decision: [0.0, 0.0, 0.1, 0.4, 0.5]  
Confidence: [0.0, 0.0, 0.1, 0.4, 0.5]  

**Rationale:**

**Comprehension:** The participant shows an understanding of the task rules by mentioning the consequence of a choice resulting in -50. However, the depth of understanding the overall structure or goal of the task isn't fully articulated, hence a higher probability for an ""Adequate"" score.

**Judgment:** The participant's strategy of maintaining the same choice unless it frequently results in a penalty suggests a planned approach. The reflection indicates some hypothesis formation about the task, leaning towards a ""Good"" score.

**Evaluation:** The participant reflects on the effectiveness of their strategy by implicitly suggesting that they monitored the outcomes (-50) and adjusted based on this feedback. This shows some evaluation but lacks depth about why this strategy might work or not, supporting a higher score in ""Good.""

**Final Decision:** The participant clearly states a consistent rule they applied throughout the task, which is to keep the same choice unless it results in frequent penalties. This decision strategy is well-articulated, justifying a higher score in ""Good"" to ""Exemplary.""

**Confidence:** The participant does not express explicit confidence or doubt about their strategy. However, the firmness in their decision to not switch strategies unless necessary implies a level of confidence in their chosen approach, supporting a higher score in ""Good"" to ""Exemplary."""
289,Male,White,"Some college or university, no degree",10,5,47,2.5625,high,high,-1,0.53125,0,-0.783642972,-2.41015603,0.420597811,1.213073143,-0.830915493,test all of the partner's until i find the best one again,no i tried my same strategy,test all of the partner's until i find the best one again ; no i tried my same strategy,2.5,2.8,1.4,3.4,3.1,"Comprehension: [0.0, 0.1, 0.4, 0.4, 0.1]  
Judgment: [0.0, 0.0, 0.3, 0.6, 0.1]  
Evaluation: [0.2, 0.3, 0.4, 0.1, 0.0]  
Final Decision: [0.0, 0.0, 0.1, 0.4, 0.5]  
Confidence: [0.0, 0.0, 0.2, 0.5, 0.3]  

Rationale:
- **Comprehension**: The participant seems to have a basic understanding of the task as they mention testing all options to find the best one. However, the depth of understanding the task rules or structure isn't fully clear, hence a higher probability in the middle range.
- **Judgment**: The participant indicates a clear plan (""test all of the partner's until i find the best one again""), suggesting a formulated hypothesis about how to act. The clarity and thoughtfulness in planning are somewhat evident, leading to a higher score in the 'Good' range.
- **Evaluation**: The participant does not provide a detailed reflection on whether their strategy worked or why, but the mention of sticking to the same strategy implies some level of evaluation. The response is not very detailed, so the score is higher in the 'Adequate' range.
- **Final Decision**: The participant states they did not switch strategies, indicating a consistent rule or decision strategy was applied. The clarity in this decision is somewhat evident, leading to a higher score in the 'Good' to 'Exemplary' range.
- **Confidence**: The participant's confidence in their approach is implied by their decision to stick with the same strategy throughout, suggesting some level of certainty. However, explicit expressions of confidence are lacking, so the score is higher in the 'Good' range."
462,Female,White,"Associate degree (e.g., AA, AS)",5,100,24,1,low,low,1,0.6125,0.029411765,-0.000800823,0.125658728,0.504141472,2.198399208,0.56655287,stayed with the 100 until it changed and then changed my character,no,stayed with the 100 until it changed and then changed my character ; no,2.5,2.6,1.1,3.1,1.7,"Comprehension: [0.0, 0.1, 0.4, 0.4, 0.1]  
Judgment: [0.0, 0.1, 0.3, 0.5, 0.1]  
Evaluation: [0.3, 0.4, 0.2, 0.1, 0.0]  
Final Decision: [0.0, 0.0, 0.2, 0.5, 0.3]  
Confidence: [0.1, 0.3, 0.4, 0.2, 0.0]  

Rationale:
- **Comprehension**: The participant's reflection indicates a basic understanding of the task rules, as they mention sticking with a choice until it changed. However, the explanation lacks depth, suggesting a score between adequate and good. The participant seems to understand the reversal aspect of the task but does not elaborate on the structure or goal in detail.
- **Judgment**: The participant formed a basic plan (sticking with the 100 until it changed), which shows some judgment. The clarity and depth of the plan are somewhat limited, but there is evidence of a strategy, hence a higher score towards good.
- **Evaluation**: The participant's reflection on whether their strategy worked is minimal and lacks depth. They did not elaborate on why they chose the strategy or its effectiveness, leading to a lower score in this dimension.
- **Final Decision**: The participant describes a consistent rule or decision strategy (""stayed with the 100 until it changed""), which is somewhat clear. However, the strategy's sophistication or comprehensive insight is limited, suggesting a score leaning towards good.
- **Confidence**: The participant does not express strong certainty or doubt about their approach. The response to the second question (""no"") might indicate some confidence in not needing to switch strategies, but this is not explicitly linked to their understanding or strategy effectiveness. Thus, the score is centered around adequate."
386,Male,Black or African American,"Associate degree (e.g., AA, AS)",5,100,47,0.166666667,low,low,2,0.59375,0,-0.24544221,-1.671877323,0.493669118,1.307082051,-0.189399263,When one card went negative I picked the card again thinking it was trying to trick me to go to a different deck even though that desk would continue to have positive cards after the one negative.,"Yes, my above strategy only worked sometimes then I went with a different deck if proven wrong.","When one card went negative I picked the card again thinking it was trying to trick me to go to a different deck even though that desk would continue to have positive cards after the one negative. ; Yes, my above strategy only worked sometimes then I went with a different deck if proven wrong.",3,3.1,3.1,3,2.7,"Comprehension: [0.0, 0.0, 0.3, 0.4, 0.3]  
Judgment: [0.0, 0.0, 0.2, 0.5, 0.3]  
Evaluation: [0.0, 0.0, 0.2, 0.5, 0.3]  
Final Decision: [0.0, 0.0, 0.3, 0.4, 0.3]  
Confidence: [0.0, 0.1, 0.3, 0.4, 0.2]  

Rationale:
- **Comprehension**: The participant shows a good understanding of the task's dynamics, recognizing that a negative outcome in one trial does not necessarily predict future outcomes. The reflection indicates an understanding of the probabilistic nature of the task, hence the higher scores in the upper range.
- **Judgment**: The participant describes forming a hypothesis about the behavior of the decks, suggesting a strategic approach to the task. The reflection shows clear planning based on the task's perceived rules, warranting a higher score in judgment.
- **Evaluation**: The participant reflects on the effectiveness of their strategy, noting that it ""only worked sometimes"" and adjusting their approach accordingly. This demonstrates an ability to evaluate and adapt based on outcomes.
- **Final Decision**: The participant describes a shift in strategy after evaluating the initial approach, indicating a decision-making process that adapts to the task's demands. The reflection shows a progression in strategy, supporting a higher score.
- **Confidence**: The participant expresses some uncertainty about their strategy's effectiveness, as indicated by the acknowledgment of its occasional failure and the subsequent strategy shift. This shows a realistic self-assessment, leading to moderate scores in confidence."
60,Female,White,"Associate degree (e.g., AA, AS)",0.1,20,24,1.333333333,high,low,0,0.5125,0.200763775,-0.083817818,0.630096761,0.55063592,0.055976457,-1.068836964,no,yes,no ; yes,0,0,0,0,0,Auto-scored due to empty or trivial reflection.
92,Male,White,"Bachelor's degree (e.g., BA, BS)",100,5,47,0.055555556,low,low,-3,0.55,0.25925926,-0.038015296,0.989404655,0.629237865,-1.061658258,-1.863408186,I tried not to move on to quickly but not stay to long when we started failing.,No I didnt. I would wait for 3 wrongs in a row then move on to the next partner.,I tried not to move on to quickly but not stay to long when we started failing. ; No I didnt. I would wait for 3 wrongs in a row then move on to the next partner.,3,3.1,3,3.4,2.9,"Comprehension: [0.0, 0.0, 0.3, 0.4, 0.3]
Judgment: [0.0, 0.0, 0.2, 0.5, 0.3]
Evaluation: [0.0, 0.0, 0.3, 0.4, 0.3]
Final Decision: [0.0, 0.0, 0.1, 0.4, 0.5]
Confidence: [0.0, 0.1, 0.2, 0.4, 0.3]

Rationale:
- **Comprehension**: The participant shows a basic understanding of the task's need for adaptability (not moving on too quickly or staying too long), indicating some grasp of the task structure. The probabilities reflect a good understanding but not a comprehensive one.
- **Judgment**: The participant explicitly mentions a strategy (waiting for three wrongs before switching), which shows clear planning and hypothesis formation. The higher probabilities for scores 3 and 4 reflect this clear articulation of a strategy.
- **Evaluation**: The participant reflects on the effectiveness of their strategy by implicitly suggesting it was a response to failure (""when we started failing""). This shows some evaluation but lacks depth on why this strategy was chosen or its effectiveness, hence the higher scores in the middle range.
- **Final Decision**: The participant describes a consistent rule they applied throughout the task, which is a clear decision strategy. The probabilities lean towards higher scores due to the clarity and consistency of the strategy mentioned.
- **Confidence**: The participant does not explicitly express confidence or doubt about their strategy, but the use of a clear rule suggests some level of confidence. The probabilities are distributed with a slight lean towards higher scores, reflecting implicit confidence shown by adherence to a clear rule."
322,Male,White,"Bachelor's degree (e.g., BA, BS)",0.05,5,47,2,low,high,1,0.6125,0.178628389,0.068089839,1.990761119,0.505135344,0.36418446,-1.490967782,no,yes,no ; yes,0,0,0,0,0,Auto-scored due to empty or trivial reflection.
251,Male,Asian,"Bachelor's degree (e.g., BA, BS)",10,100,24,0.388888889,low,low,-2,0.625,0,-0.138212475,-0.798284731,0.52858917,1.621785456,0.797287738,I chose partner 2 the most because he contributed the most points. However there were certain times throughout the game when he struggled so I switched to either partner 1 or partner 3.,"No, I committed to my strategy and only switched when my partner started to struggle, otherwise I stuck with him.","I chose partner 2 the most because he contributed the most points. However there were certain times throughout the game when he struggled so I switched to either partner 1 or partner 3. ; No, I committed to my strategy and only switched when my partner started to struggle, otherwise I stuck with him.",3.4,3.3,3.4,3.8,3.7,"Comprehension: [0.0, 0.0, 0.1, 0.4, 0.5]  
Judgment: [0.0, 0.0, 0.2, 0.3, 0.5]  
Evaluation: [0.0, 0.0, 0.1, 0.4, 0.5]  
Final Decision: [0.0, 0.0, 0.0, 0.2, 0.8]  
Confidence: [0.0, 0.0, 0.0, 0.3, 0.7]  

**Rationale:**

**Comprehension:** The participant clearly understood the task rules and goals, as evidenced by their strategy to stick with the partner who contributed the most points and switch when necessary. The reflection shows a good grasp of the task structure, hence the high scores towards 4.

**Judgment:** The participant formed a clear hypothesis about sticking with the most rewarding partner and switching when performance dropped. This indicates a well-thought-out plan, meriting a higher score towards 4.

**Evaluation:** The participant reflected on the effectiveness of their strategy by noting the times they needed to switch due to a partner's decreased performance. This shows a good level of self-evaluation, justifying scores leaning towards 4.

**Final Decision:** The participant described a consistent rule or decision strategy, sticking primarily with one partner and only switching under specific conditions. This clear and consistent strategy warrants a high score, predominantly a 4.

**Confidence:** The participant expressed a strong sense of certainty in their approach, committing to their strategy throughout the task and only altering it under specific circumstances. This demonstrates high confidence, supporting a score leaning towards 4."
285,Male,White,"Bachelor's degree (e.g., BA, BS)",5,5,47,2.5,high,high,1,0.55,0.126785715,-0.243219783,-1.203968473,0.445823342,1.553705741,-0.986207807,,no, ; no,0,0,0,0,0,Auto-scored due to empty or trivial reflection.
324,Male,White,"High school degree or equivalent (e.g., GED)",0.05,5,47,0,low,low,0,0.34375,0.287749288,-0.997135393,-2.272038147,0.522183853,-0.717058627,-1.267032657,Tried to test if there was a pattern or odds associated with the members. I couldn't figure it out. It seemed mostly random based on percentage,A little bit,Tried to test if there was a pattern or odds associated with the members. I couldn't figure it out. It seemed mostly random based on percentage ; A little bit,2.1,3,2.9,1.7,1.3,"Comprehension: [0.0, 0.1, 0.7, 0.2, 0.0]  
Judgment: [0.0, 0.0, 0.2, 0.6, 0.2]  
Evaluation: [0.0, 0.0, 0.3, 0.5, 0.2]  
Final Decision: [0.1, 0.3, 0.4, 0.2, 0.0]  
Confidence: [0.2, 0.4, 0.3, 0.1, 0.0]  

**Rationale:**

**Comprehension:** The participant indicates a basic understanding of the task by attempting to identify a pattern or odds, suggesting they grasped the probabilistic nature of the task. However, the reflection lacks depth in explaining the rules or structure beyond this, hence a higher probability for a score of 2 (Adequate).

**Judgment:** The participant's strategy to test for patterns shows an initial plan or hypothesis about how to approach the task. The reflection suggests some clarity in their approach, but not a sophisticated strategy formulation, leading to a higher score in the range of 3 (Good).

**Evaluation:** The participant reflects on the effectiveness of their strategy by acknowledging their inability to discern a clear pattern, indicating some evaluation. However, the depth of this reflection is limited, thus a higher score in the range of 3 (Good) seems appropriate.

**Final Decision:** The participant does not clearly articulate a consistent rule or decision strategy they ultimately applied, as they mention the task seemed random. This suggests some uncertainty and inconsistency in their final approach, leading to a higher probability for a score of 2 (Adequate).

**Confidence:** The participant expresses doubt about their understanding and the effectiveness of their strategy (""I couldn't figure it out. It seemed mostly random""), indicating low confidence. This is reflected in the higher probabilities for lower scores (1 and 2)."
252,Male,White,"Some college or university, no degree",0.1,5,47,0.222222222,low,low,-3,0.59375,0,-0.095248854,-2.824097645,0.438720263,0.980824103,-0.550687863,click till i found 100,nope,click till i found 100 ; nope,1.2,1.1,0.1,1.1,2.1,"Comprehension: [0.0, 0.8, 0.2, 0.0, 0.0]  
Judgment: [0.0, 0.9, 0.1, 0.0, 0.0]  
Evaluation: [0.9, 0.1, 0.0, 0.0, 0.0]  
Final Decision: [0.0, 0.9, 0.1, 0.0, 0.0]  
Confidence: [0.0, 0.0, 0.9, 0.1, 0.0]  

**Rationale:**
- **Comprehension:** The participant's response ""click till I found 100"" suggests a rudimentary understanding of the task's goal (to reach a score of 100), but lacks depth or clarity about the structure or rules beyond that. Hence, a higher probability is given to a score of 1.
- **Judgment:** The strategy mentioned is extremely basic and shows minimal planning or hypothesis formation (""click till I found 100""). This indicates a rudimentary level of judgment, leading to a high probability for a score of 1.
- **Evaluation:** The participant's response does not reflect on the effectiveness of the strategy or why it might have worked or not, indicated by the absence of any evaluative language. This leads to a high probability for a score of 0.
- **Final Decision:** The strategy described (""click till I found 100"") is consistent but simplistic, indicating a rudimentary level of decision-making. This results in a high probability for a score of 1.
- **Confidence:** The participant does not express any certainty or doubt about their approach explicitly. The lack of any confidence-related language, combined with the simplistic strategy, suggests a high probability for a score of 2, assuming some implicit confidence in the chosen method."
486,Female,Black or African American,"Doctorate or professional degree  (e.g., PhD, MD, JD)",10,100,24,0,low,low,2,0.64375,0.177083333,-0.204001172,-0.205271679,0.438312536,2.828122995,-1.315561074,"In the game, I tried to max out by clicking the same card  in a row with any one partner","Yes, for the last two rounds.  I alternated back and forth between cards because it was hard to score serial baskets in a row.","In the game, I tried to max out by clicking the same card  in a row with any one partner ; Yes, for the last two rounds.  I alternated back and forth between cards because it was hard to score serial baskets in a row.",2.5,2.9,3.1,3.4,2,"Comprehension: [0.0, 0.1, 0.4, 0.4, 0.1]  
Judgment: [0.0, 0.0, 0.3, 0.5, 0.2]  
Evaluation: [0.0, 0.0, 0.2, 0.5, 0.3]  
Final Decision: [0.0, 0.0, 0.1, 0.4, 0.5]  
Confidence: [0.1, 0.2, 0.4, 0.2, 0.1]  

**Rationale:**

**Comprehension:** The participant shows a basic understanding of the task by mentioning the strategy of ""clicking the same card in a row"" and recognizing the need to switch strategies. The response indicates some grasp of the task's structure but lacks depth in explaining the rules or goals explicitly. Hence, a higher probability is given to scores 2 and 3.

**Judgment:** The participant formed a basic plan (""max out by clicking the same card"") and later decided to switch strategies. This shows some level of planning and hypothesis formation, warranting a higher score in the judgment dimension, with a significant probability assigned to a score of 3.

**Evaluation:** The participant reflects on the effectiveness of their strategy by noting the difficulty in scoring ""serial baskets in a row,"" leading to a strategy change. This reflection on strategy effectiveness suggests a good level of evaluation, thus a higher probability for scores 3 and 4.

**Final Decision:** The participant describes a consistent rule or decision strategy they ultimately applied, which was to alternate between cards in the last rounds. This clear description of a final decision strategy justifies a higher probability for scores 3 and 4.

**Confidence:** The participant's expression shows some uncertainty about their approach, particularly in the effectiveness of their initial strategy, leading to a change. This mixed level of confidence is reflected in the spread across scores 2 and 3, with some probability also given to scores 1 and 4 to account for the ambiguity in their confidence level."
124,Male,White,"High school degree or equivalent (e.g., GED)",0.1,100,47,0,low,low,-2,0.51875,0.010638298,-1.121087719,-3.709676763,0.46255469,-0.15452627,-1.637403449,Would do one till it ran out then try to find the new one where the 100 was!,A couple of times but mostly the same,Would do one till it ran out then try to find the new one where the 100 was! ; A couple of times but mostly the same,2.5,2.8,1.7,3.1,2.2,"Comprehension: [0.0, 0.1, 0.4, 0.4, 0.1]  
Judgment: [0.0, 0.0, 0.3, 0.6, 0.1]  
Evaluation: [0.1, 0.3, 0.4, 0.2, 0.0]  
Final Decision: [0.0, 0.0, 0.2, 0.5, 0.3]  
Confidence: [0.0, 0.2, 0.5, 0.2, 0.1]  

Rationale:
- **Comprehension**: The participant shows a basic understanding of the task's goal (finding the option with the highest reward), but the explanation lacks depth about the structure or rules of the task. The probabilities reflect a mostly adequate understanding with some room for more clarity.
- **Judgment**: The participant describes a strategy of sticking with one choice until it no longer yields the highest reward, indicating some planning and hypothesis formation. The higher probabilities for scores 2 and 3 reflect this clear but not deeply sophisticated strategy formation.
- **Evaluation**: The participant mentions switching strategies a couple of times, suggesting some reflection on the strategy's effectiveness. However, the reflection on why strategies were changed or how they performed is minimal, leading to a higher probability for an adequate score.
- **Final Decision**: The participant indicates a consistent rule of sticking with one option until it fails, which shows some decision-making strategy. The probabilities lean towards a good understanding but not exemplary, as the strategy is somewhat simplistic.
- **Confidence**: The participant's confidence in their strategy is implied but not explicitly stated, leading to a moderate score. The reflection suggests some certainty in their approach but also acknowledges changes, indicating neither strong confidence nor significant doubt."
372,Female,Black or African American,"Master's degree (e.g., MA, MS, MEd)",5,5,24,0.111111111,low,low,-3,0.625,0.037943696,-0.095932328,-0.240012547,0.458848516,1.681085944,0.291401558,no,"no, I kept on following the same pattern","no ; no, I kept on following the same pattern",1.7,1.5,1,3.4,3.5,"Comprehension: [0.1, 0.3, 0.4, 0.2, 0.0]  
Judgment: [0.2, 0.3, 0.3, 0.2, 0.0]  
Evaluation: [0.4, 0.3, 0.2, 0.1, 0.0]  
Final Decision: [0.0, 0.0, 0.1, 0.4, 0.5]  
Confidence: [0.0, 0.0, 0.1, 0.3, 0.6]  

Rationale:  
- **Comprehension**: The participant's brief response suggests a basic understanding of the task as they mention following a ""same pattern,"" implying some grasp of task structure. However, the depth of understanding is unclear, hence a higher probability for lower scores.
- **Judgment**: The participant's decision to stick with a single strategy indicates some form of planning or hypothesis about the task's demands. However, the lack of detail about the nature of the strategy or its formulation leads to moderate probabilities across lower and middle scores.
- **Evaluation**: The reflection lacks a clear assessment of the strategy's effectiveness or reasons for its success or failure. The response hints at some evaluation by the mere fact of strategy persistence, suggesting a belief in its effectiveness, but this is not explicitly stated.
- **Final Decision**: The participant clearly states that they did not switch strategies, indicating a strong adherence to a final decision. This is reflected in higher probabilities for higher scores, acknowledging a consistent decision strategy.
- **Confidence**: The participant's brief and definitive response (""no; no, I kept on following the same pattern"") suggests a high level of confidence in their chosen approach, reflected in higher probabilities for higher scores in this dimension."
368,Male,White,"High school degree or equivalent (e.g., GED)",10,I am not sure,47,0.888888889,high,low,2,0.6875,0.047169811,-0.103801795,0.615584604,0.473958139,1.467862568,0.538175724,,It was all at random for myself., ; It was all at random for myself.,1.6,1.5,0.2,1.7,3.4,"Comprehension: [0.1, 0.4, 0.3, 0.2, 0.0]  
Judgment: [0.2, 0.3, 0.3, 0.2, 0.0]  
Evaluation: [0.8, 0.2, 0.0, 0.0, 0.0]  
Final Decision: [0.1, 0.3, 0.4, 0.2, 0.0]  
Confidence: [0.0, 0.0, 0.1, 0.4, 0.5]  

Rationale:  
- **Comprehension**: The participant's statement suggests a minimal understanding of the task as they perceived their actions as random. This indicates some awareness but a lack of deep understanding, hence a higher probability for a score of 1.
- **Judgment**: The reflection implies a rudimentary form of judgment in deciding to treat choices as random, which shows some level of decision-making but lacks sophistication or strategic depth. Thus, scores of 1 and 2 are more probable.
- **Evaluation**: The participant does not reflect on the effectiveness of their strategy or provide reasons for their choices, suggesting a high probability for a score of 0.
- **Final Decision**: The participant indicates a consistent approach (random choice), but this is not a strategic decision in a conventional sense. This warrants a moderate score, leaning towards 2.
- **Confidence**: The brevity and definitive nature of the statement (""It was all at random for myself."") suggest a high level of confidence in their understanding of their own approach, even if that approach was not strategically sound. This justifies higher probabilities for scores 3 and 4."
323,Male,Black or African American,"Bachelor's degree (e.g., BA, BS)",0.05,5,25,0.333333333,low,low,-2,0.6375,0.036363637,-0.047544305,-1.216134882,0.453223451,1.9114674,-0.938197675,none,no specific strategy.,none ; no specific strategy.,0.1,0.1,0.1,0.1,0.1,"Comprehension: [0.9, 0.1, 0.0, 0.0, 0.0]  
Judgment: [0.9, 0.1, 0.0, 0.0, 0.0]  
Evaluation: [0.9, 0.1, 0.0, 0.0, 0.0]  
Final Decision: [0.9, 0.1, 0.0, 0.0, 0.0]  
Confidence: [0.9, 0.1, 0.0, 0.0, 0.0]  

Rationale: The participant's reflection, ""none ; no specific strategy,"" provides minimal information across all dimensions of the Metacognitive Prompting framework. 

- **Comprehension**: The response suggests a lack of engagement with the task's rules or goals, as the participant does not acknowledge any understanding of the task structure.
- **Judgment**: There is no evidence of forming any hypothesis or plan, as the participant explicitly states they used ""no specific strategy.""
- **Evaluation**: The participant does not reflect on the effectiveness of their approach, likely because they did not apply any discernible strategy.
- **Final Decision**: The response lacks any description of a consistent rule or decision strategy, aligning with their initial statement of having no strategy.
- **Confidence**: The participant's brief response does not convey any certainty or doubt about their approach; however, the terse nature of the reply might imply a lack of confidence or consideration.

Given the brevity and content of the reflection, high probabilities are assigned to a score of 0 across all dimensions, indicating an absence of metacognitive elements as per the scoring rubric."
135,Male,Black or African American,"Bachelor's degree (e.g., BA, BS)",0.1,100,24,0.166666667,low,low,1,0.5,0.076086957,0.077385784,0.607180247,0.551909566,0.619913099,-1.64540786,,yes, ; yes,0,0,0,0,0,Auto-scored due to empty or trivial reflection.
253,Female,White,"Some college or university, no degree",10,100,24,1.277777778,low,high,0,0.5625,0.009615385,-0.431857716,-1.57448316,0.474550285,0.697395275,1.166076166,I always gave the better person a second chance,no,I always gave the better person a second chance ; no,1.6,1.5,1.1,1.7,1.5,"Comprehension: [0.1, 0.4, 0.3, 0.2, 0.0]  
Judgment: [0.2, 0.3, 0.3, 0.2, 0.0]  
Evaluation: [0.3, 0.4, 0.2, 0.1, 0.0]  
Final Decision: [0.1, 0.3, 0.4, 0.2, 0.0]  
Confidence: [0.2, 0.3, 0.3, 0.2, 0.0]  

Rationale: The participant's reflection is quite brief and lacks explicit detail across all dimensions, making it challenging to assign high scores. 

- **Comprehension**: The participant's understanding of the task rules or goals is not clearly articulated. The phrase used suggests a general strategy but does not confirm a deep understanding of the task specifics. Hence, a slightly higher probability is given to lower scores.
  
- **Judgment**: The reflection implies a strategy (""gave the better person a second chance"") but lacks depth or explanation about how this strategy was formed or its relevance to the task structure. The probabilities lean towards lower scores due to the lack of detailed planning or hypothesis formation.

- **Evaluation**: There is minimal reflection on the effectiveness of the strategy or reasons for its success or failure. The participant does not provide insights into adjustments based on task outcomes, leading to higher probabilities for lower scores.

- **Final Decision**: The participant mentions a consistent rule (""always gave the better person a second chance""), but it's unclear how this was applied throughout the task or adapted in response to changing conditions. The score probabilities suggest some recognition of a decision strategy but not a strong or clear application.

- **Confidence**: The participant's confidence in their strategy or understanding of the task is not explicitly stated. The phrase ""no"" at the end might indicate some doubt, but this is speculative. The probabilities reflect uncertainty about the participant's confidence level.

Overall, the reflection lacks depth and detail, which restricts higher scoring across the dimensions. The probabilities reflect a balance between recognizing some level of strategic thinking and the absence of detailed metacognitive insight."
451,Female,White,"Associate degree (e.g., AA, AS)",1.05,5,47,0,low,low,-2,0.56875,0.0625,0.001161694,-0.017849137,0.476011435,2.244620793,-0.776449696,no,no,no ; no,0,0,0,0,0,Auto-scored due to empty or trivial reflection.
337,Female,White,"Some college or university, no degree",5,5,47,1.666666667,high,low,0,0.4125,0.01754386,-0.551007189,-3.325282791,0.468297546,-0.075010418,-1.053662162,I just went with the 2 people that seemed to give points the most.,No,I just went with the 2 people that seemed to give points the most. ; No,2.1,2.8,0.2,3.2,1.5,"Comprehension: [0.0, 0.1, 0.7, 0.2, 0.0]  
Judgment: [0.0, 0.0, 0.3, 0.6, 0.1]  
Evaluation: [0.8, 0.2, 0.0, 0.0, 0.0]  
Final Decision: [0.0, 0.0, 0.1, 0.6, 0.3]  
Confidence: [0.1, 0.4, 0.4, 0.1, 0.0]  

Rationale:
- **Comprehension**: The participant shows a basic understanding of the task by identifying that it involves selecting among options that provide points. However, the depth of understanding the task's structure or rules isn't fully demonstrated, hence a higher probability for an ""Adequate"" score.
- **Judgment**: The participant indicates a simple strategy based on observation (""the 2 people that seemed to give points the most""), suggesting some form of planning or hypothesis formation. This is not highly sophisticated but shows some judgment, leaning towards a ""Good"" score.
- **Evaluation**: There is no reflection on the effectiveness of the strategy or any reasoning about why it might have worked or not, which suggests a high probability for an ""Absent"" score.
- **Final Decision**: The participant does not describe changing strategies and implies sticking to a consistent rule, though not elaborated in depth. This suggests a higher score towards ""Good"" as they maintained a consistent approach.
- **Confidence**: The participant's brief and casual response (""; No"") to the strategy change and the simplistic strategy description suggest some uncertainty or minimal self-assurance about the approach, leading to a higher probability for ""Adequate""."
356,Male,White,"Some college or university, no degree",5,5,47,0,low,low,-3,0.6125,0.017857143,-0.19719952,-0.883679961,0.464515205,0.830015206,1.535070965,"I assumed a deck was the best until it had two negative results in a row, or a few negative results within three or four total results.","I might have switched decks one or two negative results sooner at times, but I feel like I was fairly consistent.","I assumed a deck was the best until it had two negative results in a row, or a few negative results within three or four total results. ; I might have switched decks one or two negative results sooner at times, but I feel like I was fairly consistent.",3.4,3.7,3.2,3.4,3.5,"Comprehension: [0.0, 0.0, 0.1, 0.4, 0.5]  
Judgment: [0.0, 0.0, 0.0, 0.3, 0.7]  
Evaluation: [0.0, 0.0, 0.2, 0.4, 0.4]  
Final Decision: [0.0, 0.0, 0.1, 0.4, 0.5]  
Confidence: [0.0, 0.0, 0.1, 0.3, 0.6]  

**Rationale:**

**Comprehension:** The participant clearly understood the task rules and structure, as evidenced by their strategy of switching decks based on the frequency of negative results. The reflection shows a good grasp of the task's goal, leaning towards an exemplary understanding.

**Judgment:** The participant formed a clear hypothesis about how to act, which involved switching decks based on specific conditions (two negative results in a row or a few negatives within a short span). This indicates a well-thought-out plan, meriting a high score.

**Evaluation:** The participant reflected on the effectiveness of their strategy, noting occasional deviations from it. This shows a good level of self-awareness and evaluation, though not entirely comprehensive, hence the balance between good and exemplary.

**Final Decision:** The participant described a consistent rule for decision-making, with slight variations in its application. This shows a good to exemplary level of clarity in their final decision-making process.

**Confidence:** The participant expressed a degree of certainty about their approach, tempered by acknowledgment of occasional deviations. This mixture of confidence and self-awareness suggests a score leaning towards the higher end, indicating thoughtful restraint."
30,Female,Black or African American,"Associate degree (e.g., AA, AS)",5,5,47,0.277777778,low,low,3,0.41875,0.46978022,-0.003575594,1.000243381,0.60666764,-1.728493794,-1.973801474,I found after checking each one extensively that #2 appeared to be the best choice.,No,I found after checking each one extensively that #2 appeared to be the best choice. ; No,2.5,3.1,1.7,3.4,2.3,"Comprehension: [0.0, 0.1, 0.4, 0.4, 0.1]
Judgment: [0.0, 0.0, 0.2, 0.5, 0.3]
Evaluation: [0.1, 0.3, 0.4, 0.2, 0.0]
Final Decision: [0.0, 0.0, 0.1, 0.4, 0.5]
Confidence: [0.0, 0.2, 0.4, 0.3, 0.1]

Rationale:
- **Comprehension**: The participant shows some understanding of the task as they identified that option #2 seemed the best choice after extensive checking. This indicates a basic grasp of the task's goal (to find the best choice), but lacks depth in explaining the structure or rules explicitly. Hence, a higher probability is given to scores 2 and 3.
- **Judgment**: The participant's statement about extensively checking each option before deciding on #2 suggests a planned approach, indicating some level of judgment. The reflection, however, lacks detailed explanation of the hypothesis formation process, thus scores 3 and 4 are more probable but not fully exemplary.
- **Evaluation**: The participant does not provide a clear reflection on why they believe #2 was the best choice beyond its initial selection, nor do they discuss the outcomes of their choice in detail. This suggests a moderate level of evaluation, leaning towards score 2.
- **Final Decision**: The participant clearly states a final decision to stick with choice #2, indicating a relatively strong final decision-making process. The lack of detailed rationale for sticking with this decision throughout the task or adjustments made suggests a score leaning towards 4 but not fully exemplary.
- **Confidence**: The participant's brief response and the lack of explicit confidence or doubt about their strategy or understanding suggest a moderate level of confidence. They do not express strong certainty or doubt, leading to a higher probability for score 2 and 3."
126,Female,White,"Bachelor's degree (e.g., BA, BS)",5,5,47,0.111111111,low,low,-3,0.59375,0.011111111,0.021307634,0.079364071,0.45029444,2.707603168,-1.278086304,I played each partner that was successful 3 times and maybe four then switch,No,I played each partner that was successful 3 times and maybe four then switch ; No,2.1,2.2,1.5,2.7,1.6,"Comprehension: [0.0, 0.3, 0.4, 0.2, 0.1]  
Judgment: [0.0, 0.2, 0.5, 0.2, 0.1]  
Evaluation: [0.1, 0.4, 0.4, 0.1, 0.0]  
Final Decision: [0.0, 0.1, 0.3, 0.4, 0.2]  
Confidence: [0.2, 0.3, 0.3, 0.1, 0.1]  

Rationale:  
- **Comprehension**: The participant shows some understanding of the task by mentioning a specific strategy of playing each successful partner multiple times before switching. However, the explanation lacks depth and clarity about the overall goal or rules of the task, suggesting a score leaning towards ""Adequate.""
- **Judgment**: The participant describes a specific action plan (playing each successful partner 3 or 4 times), indicating some form of hypothesis about how to act. The clarity is somewhat limited, so a score leaning towards ""Adequate"" is appropriate.
- **Evaluation**: The participant does not clearly reflect on the effectiveness of their strategy or why it worked or didn't work, only providing a minimal indication of strategy use without evaluation. This suggests a score between ""Rudimentary"" and ""Adequate.""
- **Final Decision**: The participant mentions a decision strategy (switching after 3 or 4 successful plays), but does not elaborate on consistency or adjustments based on task feedback. This suggests a score leaning towards ""Good.""
- **Confidence**: The participant's expression shows some uncertainty and lack of confidence, especially with the terse addition of ""No"" at the end, which might indicate doubt about the strategy or its articulation. This suggests a score around ""Adequate."""
17,Female,White,"Master's degree (e.g., MA, MS, MEd)",10,5,47,0,low,low,0,0.6875,0,-0.167727902,-0.626661599,0.451978846,2.160339803,0.27668219,Not really. I just clicked until I saw a 100.,Nope.,Not really. I just clicked until I saw a 100. ; Nope.,0.2,0.1,0.1,0.2,0.3,"Comprehension: [0.8, 0.2, 0.0, 0.0, 0.0]  
Judgment: [0.9, 0.1, 0.0, 0.0, 0.0]  
Evaluation: [0.9, 0.1, 0.0, 0.0, 0.0]  
Final Decision: [0.8, 0.2, 0.0, 0.0, 0.0]  
Confidence: [0.7, 0.3, 0.0, 0.0, 0.0]  

Rationale: The participant's reflection indicates a very low level of metacognitive engagement with the task. The response suggests a lack of understanding of the task's rules or goals, as indicated by the casual mention of just clicking until seeing a score of 100, which does not demonstrate comprehension of the task's structure or purpose. This is reflected in the high probability assigned to a score of 0 in the Comprehension dimension.

There is no evidence of forming a hypothesis or plan (Judgment), reflecting on the effectiveness of the strategy used (Evaluation), or describing a consistent decision-making strategy (Final Decision). The participant's response also shows a lack of confidence or certainty about their approach, as indicated by the casual and dismissive tone of the reflection. Thus, high probabilities are assigned to a score of 0 in these dimensions as well.

Overall, the participant's reflection lacks depth, insight, and engagement with the metacognitive aspects of the task, leading to low scores across all dimensions."
172,Male,Asian,"Bachelor's degree (e.g., BA, BS)",5,5,47,0.444444444,low,low,-2,0.55,0.223684211,-0.175124698,-0.073300372,0.5311968,0.132725261,-0.685061488,"In every round except the last, I stayed with the same person who was giving me +100 points until it became negative. In the last round, I just chose a different person for each selection because the changes were rapid.","Yes, I went from sticking to one companion to constantly changing companions.","In every round except the last, I stayed with the same person who was giving me +100 points until it became negative. In the last round, I just chose a different person for each selection because the changes were rapid. ; Yes, I went from sticking to one companion to constantly changing companions.",3.1,3,2.5,3.1,2.7,"Comprehension: [0.0, 0.0, 0.2, 0.5, 0.3]  
Judgment: [0.0, 0.0, 0.3, 0.4, 0.3]  
Evaluation: [0.0, 0.1, 0.4, 0.4, 0.1]  
Final Decision: [0.0, 0.0, 0.2, 0.5, 0.3]  
Confidence: [0.0, 0.1, 0.3, 0.4, 0.2]  

**Rationale:**

**Comprehension:** The participant shows a good understanding of the task rules and structure, as they clearly describe sticking with a choice that yields positive results and changing strategy when it stops working. The response indicates a grasp of the task's probabilistic nature and the need for strategy adjustment, hence the higher scores towards the upper end.

**Judgment:** The participant formed a clear initial hypothesis (sticking with a rewarding choice) and later adapted their strategy when the conditions changed. This shows a good level of planning and hypothesis formation, justifying a higher score in the upper mid-range.

**Evaluation:** The participant reflects on the effectiveness of their strategy by noting the shift from positive to negative outcomes, which prompted a strategy change. However, the depth of this reflection is somewhat limited, as there is no detailed analysis of why the initial strategy worked or failed beyond the obvious, hence a peak in the mid-range scores.

**Final Decision:** The participant describes a clear shift in their decision-making process from a consistent choice to varying their selections in response to changing conditions. This indicates a good level of strategic adaptation, meriting a higher score in the upper mid-range.

**Confidence:** The participant's confidence in their approach is implied rather than explicitly stated. They seem somewhat sure of their initial strategy but less certain about the effectiveness of the rapid changes in the last round. This uncertainty is reflected in the moderate scores, with a slight lean towards higher confidence."
444,Male,White,"Bachelor's degree (e.g., BA, BS)",5,5,47,0.166666667,low,low,-2,0.5625,0,-1.233153091,-3.671666817,0.426226147,0.349085641,-1.826383619,I basically stuck with someone who continually had 100 until they started getting more than 50% of -50,I stuck with my strategy for the entirety of the game,I basically stuck with someone who continually had 100 until they started getting more than 50% of -50 ; I stuck with my strategy for the entirety of the game,3,3.1,2.5,3.5,3.2,"Comprehension: [0.0, 0.0, 0.3, 0.4, 0.3]
Judgment: [0.0, 0.0, 0.2, 0.5, 0.3]
Evaluation: [0.0, 0.1, 0.4, 0.4, 0.1]
Final Decision: [0.0, 0.0, 0.1, 0.3, 0.6]
Confidence: [0.0, 0.0, 0.2, 0.4, 0.4]

Rationale:
- **Comprehension**: The participant shows an understanding of the task's probabilistic nature and the goal of maximizing points by sticking with a choice that frequently yields a positive outcome. The reflection indicates a grasp of the task rules and structure, hence the higher probabilities towards the upper end of the scale.
- **Judgment**: The participant's strategy formulation is evident as they decided to stick with a choice that was initially rewarding. The clarity in their plan suggests a good level of judgment, thus the higher probabilities for scores 3 and 4.
- **Evaluation**: The participant reflects on the effectiveness of their strategy by noting the point at which the chosen option became less rewarding. This shows some evaluation, but it lacks depth regarding why this change might have occurred, leading to a balanced distribution with a slight lean towards the middle scores.
- **Final Decision**: The participant clearly states that they maintained their strategy throughout the game, indicating a consistent decision-making process. The reflection lacks details on any adjustments or nuanced decision rules, which justifies a higher probability for score 4 but not exclusively.
- **Confidence**: The participant's confidence in their strategy is implied through their commitment to it for the entire game. However, there is no explicit expression of certainty or doubt about their approach, leading to a moderate to high score in confidence but not the highest."
47,Female,Asian,"Bachelor's degree (e.g., BA, BS)",5,5,47,2.0625,low,high,0,0.60625,0.016949153,-0.057989567,-1.831526568,0.416165121,1.894130649,-0.847701145,I simply tried to find a more reliable partner when my current partner started giving me negative points.,I did not change my strategy over the course of the game.,I simply tried to find a more reliable partner when my current partner started giving me negative points. ; I did not change my strategy over the course of the game.,3,3.1,2,3.8,3.8,"Comprehension: [0.0, 0.0, 0.3, 0.4, 0.3]  
Judgment: [0.0, 0.0, 0.2, 0.5, 0.3]  
Evaluation: [0.1, 0.2, 0.4, 0.2, 0.1]  
Final Decision: [0.0, 0.0, 0.0, 0.2, 0.8]  
Confidence: [0.0, 0.0, 0.0, 0.2, 0.8]  

**Rationale:**

**Comprehension:** The participant shows a basic understanding of the task's goal, which is to maximize points by choosing the best partner. The reflection indicates an understanding of the task structure but lacks depth in explaining the rules or goals beyond the immediate strategy. Hence, a higher probability is given to scores 2 and 3.

**Judgment:** The participant formed a basic plan to switch partners when receiving negative points, indicating some level of strategic planning. The strategy is somewhat simplistic but shows a clear decision-making process, leading to a higher probability for scores 3 and 4.

**Evaluation:** The participant mentions a strategy but does not deeply reflect on its effectiveness beyond the immediate outcomes. There is minimal insight into why the strategy worked or didn't, thus a higher probability is assigned to score 2.

**Final Decision:** The participant clearly states that they did not change their strategy throughout the game, indicating a strong adherence to their initial decision. This shows a high level of consistency in their decision-making process, justifying a high probability for score 4.

**Confidence:** The participant's statement about not changing their strategy suggests a high level of confidence in their chosen approach, despite the simplicity of the strategy. This is reflected in the high probabilities for scores 3 and 4, indicating strong confidence in their understanding and approach."
7,Female,White,"Some college or university, no degree",0.05,5,47,0.055555556,low,low,1,0.575,0.019230769,-0.1000883,-0.05459093,0.423322353,3.029004698,-1.458210782,"switch when one messes up. also, first i tested to see if any are better. 3 seemed bad so i swtiched between 1 and 2.","kind of. more like i started off just doing largeish samples for each one to see if any are particularly bad or good. 3 seemed bad, and 1 and 2 seemed good. So i alternated between them.","switch when one messes up. also, first i tested to see if any are better. 3 seemed bad so i swtiched between 1 and 2. ; kind of. more like i started off just doing largeish samples for each one to see if any are particularly bad or good. 3 seemed bad, and 1 and 2 seemed good. So i alternated between them.",3,3.1,3.4,3.5,2.9,"Comprehension: [0.0, 0.0, 0.3, 0.4, 0.3]  
Judgment: [0.0, 0.0, 0.2, 0.5, 0.3]  
Evaluation: [0.0, 0.0, 0.1, 0.4, 0.5]  
Final Decision: [0.0, 0.0, 0.1, 0.3, 0.6]  
Confidence: [0.0, 0.1, 0.2, 0.4, 0.3]  

**Rationale:**

**Comprehension:** The participant shows a basic understanding of the task's structure by recognizing the need to test and switch between options. The reflection indicates a grasp of the goal to identify better choices, suggesting more than rudimentary comprehension but not fully sophisticated.

**Judgment:** The participant formed a hypothesis by initially testing all options and then focusing on the better ones. This indicates a clear plan of action, which is well articulated, hence the higher probabilities for scores 3 and 4.

**Evaluation:** The participant reflects on the effectiveness of their strategy by noting the performance of each choice and adjusting their approach based on these observations. This shows a good level of self-assessment, meriting a higher score in evaluation.

**Final Decision:** The participant describes a consistent decision-making strategy by alternating between choices 1 and 2 after deeming choice 3 as bad. This shows a clear rule-based approach, justifying higher scores in this dimension.

**Confidence:** The participant expresses some level of certainty in their approach by clearly stating their observations and subsequent decisions. However, there is a slight hint of uncertainty as they do not fully commit to one option, reflected in the balanced scoring."
425,Female,White,"Bachelor's degree (e.g., BA, BS)",0.05,5,47,0.444444444,low,low,-1,0.61875,0.12202381,0.082571132,0.085775722,0.465557435,1.66956232,-0.068538012,"depended on the round. Some rounds seemed the same person had the 100 multiple times in a row, other rounds seemed the pattern was different",Yes,"depended on the round. Some rounds seemed the same person had the 100 multiple times in a row, other rounds seemed the pattern was different ; Yes",2.5,1.7,1.3,1.7,1.6,"Comprehension: [0.0, 0.1, 0.4, 0.4, 0.1]  
Judgment: [0.1, 0.3, 0.4, 0.2, 0.0]  
Evaluation: [0.2, 0.4, 0.3, 0.1, 0.0]  
Final Decision: [0.1, 0.3, 0.4, 0.2, 0.0]  
Confidence: [0.1, 0.4, 0.3, 0.2, 0.0]  

**Rationale:**

**Comprehension:** The participant shows some understanding of the task as they noticed patterns in the rounds, indicating they grasped the probabilistic nature of the task. However, the depth of understanding isn't fully clear, hence a higher probability for scores 2 and 3.

**Judgment:** The participant's strategy seems to be based on observing patterns, but there is minimal detail on how these observations were used to form a plan. The response suggests some judgment but lacks depth, leading to a higher probability for scores 2 and 1.

**Evaluation:** The participant reflects minimally on the effectiveness of their strategy by noting the variability in patterns, but does not deeply analyze why their strategy worked or didn't work. This warrants a higher probability for scores 1 and 2.

**Final Decision:** The participant indicates a strategy shift based on the observed patterns, but the description of this strategy is vague and lacks a clear, consistent rule or decision strategy. This results in a higher probability for scores 2 and 1.

**Confidence:** The participant's confidence in their strategy or understanding of the task is not explicitly mentioned, and the brief response suggests some uncertainty. This leads to a higher probability for scores 1 and 2."
442,Female,White,"Master's degree (e.g., MA, MS, MEd)",10,100,24,0.222222222,low,low,2,0.51875,0.038461538,-0.068970285,-0.073003981,0.455012645,2.50935528,-0.709995292,I tried but everything I thought one of them was going to come through I was hit with -50,"After the first -50 I went to the next person, I wanted to cut my losses.","I tried but everything I thought one of them was going to come through I was hit with -50 ; After the first -50 I went to the next person, I wanted to cut my losses.",2.5,2.8,3.1,3.2,1.7,"Comprehension: [0.0, 0.1, 0.4, 0.4, 0.1]  
Judgment: [0.0, 0.0, 0.3, 0.6, 0.1]  
Evaluation: [0.0, 0.0, 0.2, 0.5, 0.3]  
Final Decision: [0.0, 0.0, 0.1, 0.6, 0.3]  
Confidence: [0.1, 0.3, 0.4, 0.2, 0.0]  

Rationale:
- **Comprehension**: The participant shows some understanding of the task as they mention switching after a loss, indicating they grasped the basic idea of avoiding negative outcomes. However, the reflection lacks depth about the overall structure or goal of the task, hence the higher probabilities for scores 2 and 3.
- **Judgment**: The participant formed a basic plan to switch after a negative outcome, which is a clear strategy but not deeply sophisticated. The higher probabilities for scores 2 and 3 reflect this basic but clear planning.
- **Evaluation**: The participant reflects on their strategy by mentioning the outcome of switching, which shows some evaluation. The probabilities lean towards higher scores because they not only used the strategy but also observed its outcomes, though the depth of insight into why it worked or didn't is not fully explored.
- **Final Decision**: The participant describes a consistent rule they applied (switching after a loss), which is a clear decision strategy. The probabilities favor higher scores as this strategy is mentioned explicitly.
- **Confidence**: The participant shows some uncertainty and frustration (""I tried but everything I thought...""), indicating less confidence in their understanding or strategy effectiveness. This is reflected in the higher probabilities for lower scores."
395,Female,American Indian or Alaska Native,"Associate degree (e.g., AA, AS)",10,5,49,0,low,low,0,0.53125,0,-0.741059583,-3.333521668,0.439336428,0.598681417,-1.25052459,no strategy,no,no strategy ; no,0.2,0.1,0.1,0.2,0.3,"Comprehension: [0.8, 0.2, 0.0, 0.0, 0.0]  
Judgment: [0.9, 0.1, 0.0, 0.0, 0.0]  
Evaluation: [0.9, 0.1, 0.0, 0.0, 0.0]  
Final Decision: [0.8, 0.2, 0.0, 0.0, 0.0]  
Confidence: [0.7, 0.3, 0.0, 0.0, 0.0]  

Rationale: The participant's reflection is extremely brief and lacks depth across all dimensions. 

- **Comprehension**: The participant's response suggests a minimal understanding of the task as they indicate no strategy was used. This implies some level of understanding (that a strategy could be formed), but it's rudimentary at best.
- **Judgment**: The participant's statement ""no strategy"" indicates an absence of any planning or hypothesis formation about how to approach the task.
- **Evaluation**: There is no reflection on the effectiveness of their approach or any reasoning provided about why they chose not to use a strategy.
- **Final Decision**: The participant indicates a consistent approach (""no strategy""), but this does not reflect a strategic decision in the context of the task, rather a lack of engagement.
- **Confidence**: The brief and definitive nature of the responses (""no strategy ; no"") suggests some level of confidence in their approach, albeit in a negative strategy. However, this confidence is not rooted in task engagement or strategic decision-making.

Overall, the participant's reflection lacks the depth and engagement necessary for higher scores in the metacognitive dimensions evaluated."
430,Male,White,"Bachelor's degree (e.g., BA, BS)",5,5,47,0.111111111,low,low,-2,0.4875,0,-0.131362672,0.949766942,0.634617738,-1.155685403,-1.877143125,I would keep choosing until I got a few bad points in a row,no,I would keep choosing until I got a few bad points in a row ; no,2,2.5,1.1,2.7,1.7,"Comprehension: [0.0, 0.3, 0.4, 0.3, 0.0]  
Judgment: [0.0, 0.1, 0.4, 0.4, 0.1]  
Evaluation: [0.3, 0.4, 0.2, 0.1, 0.0]  
Final Decision: [0.0, 0.1, 0.3, 0.4, 0.2]  
Confidence: [0.1, 0.3, 0.4, 0.2, 0.0]  

Rationale:  
- **Comprehension**: The participant shows some understanding of the task as they mention a strategy of ""choosing until I got a few bad points in a row."" This indicates a basic grasp of the task's feedback mechanism, but lacks depth in understanding the full structure or goal, hence a higher probability for a score of 2.
- **Judgment**: The participant's strategy formulation is evident but simplistic, suggesting a basic plan without much sophistication or adaptation. The response hints at a decision-making process but is not fully developed, leading to a higher probability for a score of 2 or 3.
- **Evaluation**: The participant does not provide a clear reflection on the effectiveness of their strategy or reasons for its success or failure. There is minimal indication of evaluative thinking, thus a higher probability for lower scores.
- **Final Decision**: The participant mentions a consistent rule (""until I got a few bad points in a row""), but does not elaborate on any adjustments or final decisions beyond this rule. This suggests some level of decision strategy but not a highly refined one, leading to a higher probability for a score of 3.
- **Confidence**: The participant's confidence in their strategy or understanding of the task is not explicitly stated, and the brief response suggests some uncertainty. This results in a higher probability for a score of 2, indicating moderate confidence."
294,Male,White,"Associate degree (e.g., AA, AS)",5,100,47,0.055555556,low,low,-2,0.64375,0,-0.013843442,-0.015255868,0.432146791,2.800532213,-1.035722334,"I consistently clicked on the good choice until I saw a bad entry, where I just moved to the next positive one and repeated.",No,"I consistently clicked on the good choice until I saw a bad entry, where I just moved to the next positive one and repeated. ; No",3,3.1,1.1,3.4,2.7,"Comprehension: [0.0, 0.0, 0.3, 0.4, 0.3]  
Judgment: [0.0, 0.0, 0.2, 0.5, 0.3]  
Evaluation: [0.3, 0.4, 0.2, 0.1, 0.0]  
Final Decision: [0.0, 0.0, 0.1, 0.4, 0.5]  
Confidence: [0.0, 0.1, 0.3, 0.4, 0.2]  

Rationale:
- **Comprehension**: The participant shows a basic understanding of the task rules by describing their approach to selecting choices based on outcomes. They demonstrate some grasp of the task structure but do not elaborate on the goal or deeper rules, hence a higher probability towards a score of 3.
- **Judgment**: The participant describes a clear strategy of moving to the next positive choice after encountering a bad one, indicating a planned approach. This suggests a good level of judgment, leaning towards a score of 3 or 4.
- **Evaluation**: The participant's reflection lacks depth in evaluating the effectiveness of their strategy beyond a simple acknowledgment of switching choices. They do not discuss why the strategy worked or didn't, which suggests a lower score, predominantly 1.
- **Final Decision**: The participant describes a consistent rule they applied throughout the task, which is to move to the next positive choice after a bad outcome. This shows a clear decision strategy, meriting a higher score, likely between 3 and 4.
- **Confidence**: The participant does not explicitly express confidence or doubt about their strategy. The brief and straightforward nature of the response suggests some uncertainty, hence a moderate score leaning towards 2 or 3."
114,Female,White,"Associate degree (e.g., AA, AS)",10,5,24,1.333333333,low,high,0,0.55625,0,-0.873248524,-1.207256394,0.558368547,-0.1014813,-1.703183744,well,good,well ; good,0.1,0.1,0.1,0.1,0.1,"Comprehension: [0.9, 0.1, 0.0, 0.0, 0.0]  
Judgment: [0.9, 0.1, 0.0, 0.0, 0.0]  
Evaluation: [0.9, 0.1, 0.0, 0.0, 0.0]  
Final Decision: [0.9, 0.1, 0.0, 0.0, 0.0]  
Confidence: [0.9, 0.1, 0.0, 0.0, 0.0]  

Rationale: The reflection provided, ""well ; good,"" is extremely brief and lacks any substantive content that can be evaluated across the five dimensions of the Metacognitive Prompting (MP) framework. 

- **Comprehension**: The response does not indicate any understanding of the task rules, structure, or goals. It is unclear if the participant comprehends what was required in the task.
- **Judgment**: There is no evidence of forming a hypothesis or plan about how to act during the task.
- **Evaluation**: The participant does not reflect on whether their strategy worked or why, providing no insight into their thought process or strategy effectiveness.
- **Final Decision**: There is no description of a consistent rule or decision strategy that the participant might have applied.
- **Confidence**: The response does not express any certainty or doubt about their approach or understanding of the task.

Given the lack of information and the minimalistic nature of the response, the probabilities are heavily weighted towards a score of 0 (Absent) for all dimensions."
87,Male,White,"Some college or university, no degree",10,100,12,0,low,low,-2,0.65,0,-0.177838764,-3.490568391,0.445196947,0.262803455,-0.97037333,"Not really, I didn't see a pattern.","I don't think so, I just tried to pick which one I thought would give me more points at the time.","Not really, I didn't see a pattern. ; I don't think so, I just tried to pick which one I thought would give me more points at the time.",1.2,2.1,1.1,2.1,3.2,"Comprehension: [0.0, 0.8, 0.2, 0.0, 0.0]  
Judgment: [0.0, 0.1, 0.7, 0.2, 0.0]  
Evaluation: [0.1, 0.7, 0.2, 0.0, 0.0]  
Final Decision: [0.0, 0.0, 0.9, 0.1, 0.0]  
Confidence: [0.0, 0.0, 0.1, 0.6, 0.3]  

**Rationale:**

**Comprehension:** The participant's statement ""Not really, I didn't see a pattern"" suggests a lack of understanding or awareness of the task's structure or rules, indicating a low comprehension. The probability is skewed towards a score of 1, as there is minimal expression of understanding.

**Judgment:** The participant indicates some form of decision-making process with ""I just tried to pick which one I thought would give me more points at the time."" This shows a basic hypothesis or plan, albeit not a sophisticated one, leading to a higher probability for a score of 2.

**Evaluation:** The participant's reflection lacks a detailed analysis of whether their strategy was effective, only hinting at a lack of pattern recognition. This suggests a rudimentary level of evaluation, hence a higher probability for a score of 1.

**Final Decision:** The participant's strategy seems consistent, albeit simple, as indicated by ""I just tried to pick which one I thought would give me more points at the time."" This suggests a clear, though not complex, decision strategy, leading to a high probability for a score of 2.

**Confidence:** The participant does not express strong certainty or doubt about their approach; the language used (""I don't think so"") suggests some uncertainty, but also a degree of resignation to their chosen method. This results in a higher probability for scores of 3 and 4, indicating moderate to good confidence."
306,Female,Black or African American,"Bachelor's degree (e.g., BA, BS)",10,5,47,2.055555556,high,high,-2,0.50625,0.013888889,-0.113321067,0.542030147,0.538423655,0.801550697,-0.857627176,none,none,none ; none,0,0,0,0,0,"Comprehension: [1.0, 0.0, 0.0, 0.0, 0.0]  
Judgment: [1.0, 0.0, 0.0, 0.0, 0.0]  
Evaluation: [1.0, 0.0, 0.0, 0.0, 0.0]  
Final Decision: [1.0, 0.0, 0.0, 0.0, 0.0]  
Confidence: [1.0, 0.0, 0.0, 0.0, 0.0]  

Rationale: The participant's response ""none ; none"" indicates a complete absence of reflection or insight into any of the metacognitive dimensions outlined. There is no evidence of understanding the task (Comprehension), forming any hypothesis or plan (Judgment), reflecting on the strategy's effectiveness (Evaluation), describing any consistent decision-making strategy (Final Decision), or expressing any certainty or doubt about their approach (Confidence). Therefore, the probability estimates reflect a score of 0 (Absent) across all dimensions."
340,Female,White,"Bachelor's degree (e.g., BA, BS)",10,100,24,2.235294118,low,high,1,0.58125,0.089772727,0.04761149,0.683172538,0.552060789,0.757242431,-0.652525765,Just moving around trying to figure out where the 100 was.,Yes.,Just moving around trying to figure out where the 100 was. ; Yes.,2,1.5,0.2,1.4,1.5,"Comprehension: [0.0, 0.3, 0.4, 0.3, 0.0]
Judgment: [0.1, 0.4, 0.4, 0.1, 0.0]
Evaluation: [0.8, 0.2, 0.0, 0.0, 0.0]
Final Decision: [0.1, 0.5, 0.3, 0.1, 0.0]
Confidence: [0.2, 0.3, 0.3, 0.2, 0.0]

**Rationale:**
- **Comprehension:** The participant's statement ""Just moving around trying to figure out where the 100 was"" suggests a basic understanding of the task's goal (to find the highest reward), but lacks depth in understanding the structure or rules. The probabilities reflect a leaning towards ""Adequate"" understanding with some clarity.
- **Judgment:** The participant's strategy seems rudimentary, indicated by ""Just moving around,"" which implies a trial-and-error approach without a sophisticated plan. The probabilities are skewed towards ""Rudimentary"" and ""Adequate"" as there is some indication of a strategy, albeit not well-formed.
- **Evaluation:** The participant's reflection lacks any substantive evaluation of the strategy's effectiveness or reasoning about why certain choices were made. The high probability for ""Absent"" reflects the lack of evaluative content in the reflection.
- **Final Decision:** The participant does not clearly articulate a consistent rule or decision strategy, as indicated by the vague strategy description. The probabilities suggest uncertainty about the presence of a final decision strategy, leaning towards ""Rudimentary.""
- **Confidence:** The participant's brief and non-committal response (""Yes"" to switching strategies) and the overall lack of depth in the reflection suggest low confidence. The probabilities are distributed to reflect uncertainty in the participant's confidence level, with no strong indication of high confidence."
327,Female,White,"Some college or university, no degree",19,5,47,0,low,low,-3,0.53125,0,-0.039782158,0.962320701,0.642203969,-0.898221155,-1.811073348,"When a partner gave me two -50s, I would switch to another.",Nope.,"When a partner gave me two -50s, I would switch to another. ; Nope.",2.5,3.1,1.7,3.4,3.5,"Comprehension: [0.0, 0.1, 0.4, 0.4, 0.1]  
Judgment: [0.0, 0.0, 0.2, 0.5, 0.3]  
Evaluation: [0.1, 0.3, 0.4, 0.2, 0.0]  
Final Decision: [0.0, 0.0, 0.1, 0.4, 0.5]  
Confidence: [0.0, 0.0, 0.1, 0.3, 0.6]  

**Rationale:**

**Comprehension:** The participant shows a basic understanding of the task rules by indicating a response to negative outcomes (-50s). The response suggests they grasped the task's structure of switching based on outcomes, but the depth of understanding is not fully clear. Hence, a higher probability is given to scores 2 and 3, indicating adequate to good comprehension.

**Judgment:** The participant's strategy of switching after receiving two negative outcomes indicates some level of planning or hypothesis formation. The clarity and depth of this strategy are somewhat evident, leading to a higher probability for scores 3 and 4, suggesting a good to exemplary judgment.

**Evaluation:** The participant's reflection lacks a detailed evaluation of the strategy's effectiveness beyond a simple action-reaction explanation. There is minimal reflection on why this strategy was chosen or its overall success, leading to a higher probability for score 2, indicating adequate evaluation.

**Final Decision:** The participant clearly states a consistent rule (""When a partner gave me two -50s, I would switch to another""), which shows a definitive decision strategy. The clarity and decisiveness in this statement are strong, leading to higher probabilities for scores 3 and 4, indicating a good to exemplary final decision.

**Confidence:** The participant's brief and straightforward response, especially the confident ""Nope"" when asked about strategy switching, suggests a high level of certainty about their approach and understanding. This is reflected in the higher probabilities for scores 3 and 4, indicating good to exemplary confidence."
308,Male,White,"Master's degree (e.g., MA, MS, MEd)",5,100,47,2,low,high,-1,0.48125,0.724731664,0.019237681,1.000502951,0.615855774,-1.540316504,-1.938983461,no,no,no ; no,0,0,0,0,0,Auto-scored due to empty or trivial reflection.
443,Female,Asian,"Associate degree (e.g., AA, AS)",0.05,100,47,3,high,high,2,0.6875,0,-0.192052378,-1.331978389,0.527574703,1.217485431,0.585603344,I stayed with the same person usually until they betray me twice.,no,I stayed with the same person usually until they betray me twice. ; no,2.5,3.1,1.7,3.4,1.5,"Comprehension: [0.0, 0.1, 0.4, 0.4, 0.1]  
Judgment: [0.0, 0.0, 0.2, 0.5, 0.3]  
Evaluation: [0.1, 0.3, 0.4, 0.2, 0.0]  
Final Decision: [0.0, 0.0, 0.1, 0.4, 0.5]  
Confidence: [0.2, 0.3, 0.3, 0.2, 0.0]  

**Rationale:**

**Comprehension:** The participant seems to have a basic understanding of the task as they mention sticking with a choice until a certain condition (betrayal) occurs twice. This suggests some grasp of the task's rules or structure, but the depth of understanding is not fully clear, hence a higher probability for scores 2 and 3.

**Judgment:** The participant's strategy of staying with the same option until betrayed twice indicates a planned approach or hypothesis about how to act. The clarity and sophistication of this plan are moderately high, suggesting a higher probability for scores 3 and 4.

**Evaluation:** The participant does not explicitly reflect on the effectiveness of their strategy or why it might or might not have worked, only stating what they did. There is minimal reflection, thus a higher probability for scores 2 and 1.

**Final Decision:** The participant describes a consistent rule or decision strategy (staying until betrayed twice), which is fairly clear and specific. This suggests a higher probability for scores 4 and 3, indicating a good to exemplary final decision-making process.

**Confidence:** The participant does not express much certainty or doubt about their approach; the response is somewhat ambiguous (""; no"" is unclear). This ambiguity leads to a spread across lower scores, with a slight lean towards lower confidence levels."
458,Female,White,"Bachelor's degree (e.g., BA, BS)",0.1,100,24,4,high,high,2,0.65,0.067982456,0.065924241,-0.902510532,0.45280372,2.404393849,-1.414303004,,, ; ,0,0,0,0,0,Auto-scored due to empty or trivial reflection.
319,Male,White,"Some college or university, no degree",10,10,24,1.222222222,low,high,-2,0.6625,0.028846154,-0.112430444,-1.002671259,0.464566176,1.315705899,-0.150604459,"Yes, I tried to find the person that had the best chance of success and then follow that until I needed to change the person.",No,"Yes, I tried to find the person that had the best chance of success and then follow that until I needed to change the person. ; No",2.5,3.1,1.7,3.4,2.7,"Comprehension: [0.0, 0.1, 0.4, 0.4, 0.1]  
Judgment: [0.0, 0.0, 0.2, 0.5, 0.3]  
Evaluation: [0.1, 0.3, 0.4, 0.2, 0.0]  
Final Decision: [0.0, 0.0, 0.1, 0.4, 0.5]  
Confidence: [0.0, 0.1, 0.3, 0.4, 0.2]  

**Rationale:**

**Comprehension:** The participant seems to have a basic understanding of the task as they mention choosing the person with the best chance of success. However, the reflection lacks depth in explaining the rules or structure of the task, suggesting a moderate level of comprehension.

**Judgment:** The participant describes a clear strategy of following the person with the highest success probability, indicating some planning and hypothesis formation. The response suggests a good level of judgment, though not fully sophisticated or detailed.

**Evaluation:** The participant mentions changing the person when needed, which implies some level of strategy evaluation. However, there is no detailed reflection on why changes were made or how effective the strategy was, leading to a moderate score.

**Final Decision:** The participant's strategy seems consistent, as they stuck with one person until a change was deemed necessary. This shows a relatively clear decision-making process, though the lack of detail on how decisions were made prevents a full score.

**Confidence:** The participant does not express strong confidence or doubt explicitly. The brief and straightforward nature of the response suggests some certainty in their approach but lacks depth, leading to a moderate score in confidence."
52,Male,White,"Master's degree (e.g., MA, MS, MEd)",5,5,47,0,low,low,-3,0.625,0.008474577,-0.0917437,0.149258787,0.422430252,2.848054102,-1.486415866,"no just followed the points, tried to make sure to allow for negatives in case its just a bad day",no,"no just followed the points, tried to make sure to allow for negatives in case its just a bad day ; no",2,2.1,2.5,2.6,2.1,"Comprehension: [0.0, 0.3, 0.4, 0.3, 0.0]  
Judgment: [0.0, 0.2, 0.5, 0.3, 0.0]  
Evaluation: [0.0, 0.1, 0.4, 0.4, 0.1]  
Final Decision: [0.0, 0.1, 0.3, 0.5, 0.1]  
Confidence: [0.0, 0.2, 0.5, 0.3, 0.0]  

Rationale:  
- **Comprehension**: The participant's response indicates a basic understanding of the task as they mention following points and considering negatives, suggesting they grasped the task's probabilistic nature. However, the explanation lacks depth, hence the higher probabilities for scores 2 and 3.
- **Judgment**: The participant mentions a strategy of following points and allowing for negatives, which shows some planning but lacks sophistication or detailed hypothesis formation. This justifies a higher probability for score 2.
- **Evaluation**: The participant's mention of allowing for negatives ""in case it's just a bad day"" suggests some reflection on the strategy's effectiveness under varying conditions, leading to a higher score in evaluation but not reaching a sophisticated level.
- **Final Decision**: The participant seems to have stuck with their initial strategy throughout, as indicated by the brief response. There's some indication of a consistent rule but not elaborated upon deeply, hence a higher score for 3.
- **Confidence**: The participant does not express strong certainty or doubt about their approach; the response is somewhat neutral and lacks depth in expressing confidence, leading to a higher score for 2."
339,Male,White,"Bachelor's degree (e.g., BA, BS)",0.1,5 minutes,47,0.388888889,low,low,0,0.74375,0,-0.172479118,-0.173290136,0.443736031,2.61387396,-0.672274733,When one changed it tried the other decks.,Yes. Whenever one changed to minus.,When one changed it tried the other decks. ; Yes. Whenever one changed to minus.,2.5,2.8,1.7,3.1,1.5,"Comprehension: [0.0, 0.1, 0.4, 0.4, 0.1]  
Judgment: [0.0, 0.0, 0.3, 0.6, 0.1]  
Evaluation: [0.1, 0.3, 0.4, 0.2, 0.0]  
Final Decision: [0.0, 0.0, 0.2, 0.5, 0.3]  
Confidence: [0.1, 0.4, 0.4, 0.1, 0.0]  

Rationale:
- **Comprehension**: The participant shows some understanding of the task structure by mentioning the switching between decks, indicating they grasped the basic rules. However, the depth of understanding isn't fully clear, hence a higher probability in the middle range.
- **Judgment**: The participant indicates a strategy of switching decks based on changes, which shows some planning and hypothesis formation. The response leans towards a clearer expression of strategy, thus a higher score in the 'Good' range.
- **Evaluation**: The participant's reflection on strategy effectiveness is implied but not deeply analyzed. They mention switching when a deck changes to minus, suggesting some evaluation, but without depth or reasoning about effectiveness.
- **Final Decision**: The participant describes a consistent rule of switching decks upon negative changes, indicating some decision strategy. The response suggests a moderate to good clarity in their final decision-making process.
- **Confidence**: The participant's confidence in their strategy or understanding is not explicitly stated, leading to uncertainty. The reflection shows some doubt (indicated by the simplicity and brevity of the response), hence a higher score in the middle range."
157,Female,White,"Some college or university, no degree",10,100,24,0.111111111,low,low,0,0.4,0.191489362,-2.14E-05,0.850769352,0.521908535,0.352272701,-1.85300771,no,yes,no ; yes,0,0,0,0,0,Auto-scored due to empty or trivial reflection.
317,Male,White,"Bachelor's degree (e.g., BA, BS)",5,5,47,0,low,low,-2,0.63125,0.008333334,0.019287153,-0.054598047,0.41068838,2.605774711,0.387198757,Yes.  If one choice was good I stayed with that choice until it was no longer a good choice.  Then I switched choices.,I used the same strategy throughout the game.  I don't think a particular strategy would matter anyway because the game could easily be manipulated.,Yes.  If one choice was good I stayed with that choice until it was no longer a good choice.  Then I switched choices. ; I used the same strategy throughout the game.  I don't think a particular strategy would matter anyway because the game could easily be manipulated.,3.1,3.4,3.2,3.5,3.5,"Comprehension: [0.0, 0.0, 0.2, 0.5, 0.3]
Judgment: [0.0, 0.0, 0.1, 0.4, 0.5]
Evaluation: [0.0, 0.0, 0.2, 0.4, 0.4]
Final Decision: [0.0, 0.0, 0.1, 0.3, 0.6]
Confidence: [0.0, 0.0, 0.1, 0.3, 0.6]

**Rationale:**

**Comprehension:** The participant shows a good understanding of the task rules and structure by recognizing the need to stick with a choice until it no longer yields positive outcomes. The reflection indicates a grasp of the task's probabilistic nature, hence the scores leaning towards higher comprehension.

**Judgment:** The participant clearly formed a hypothesis about sticking with a choice until it ceased to be beneficial, which shows a planned approach to the task. The reflection also hints at a broader understanding of the game's manipulable nature, suggesting a deeper level of strategic thinking.

**Evaluation:** The participant reflects on the effectiveness of their strategy by acknowledging the need to switch choices when a previously good choice becomes less effective. This shows a level of self-assessment and understanding of strategy performance.

**Final Decision:** The participant describes a consistent rule or decision strategy applied throughout the game, which was to stick with a choice until it was no longer beneficial. This strategy is clearly articulated and shows a rational approach to decision-making in the task.

**Confidence:** The participant expresses a mix of certainty in their chosen strategy and a philosophical doubt about the overall fairness or manipulability of the game. This combination of confidence in their method and skepticism about external factors influencing the game's outcome suggests a mature and nuanced understanding, justifying higher scores in this dimension."
244,Male,White,"Bachelor's degree (e.g., BA, BS)",10,100,24,0.166666667,low,low,1,0.61875,0.009803922,-0.017369607,-1.540661407,0.449020399,1.185729109,0.581742974,"If I had two failures back to back or in a short amount of time, I'd switch partners.","A little, because toward the end I seemed to get failures multiple times from all partners so I just guessed at that point.","If I had two failures back to back or in a short amount of time, I'd switch partners. ; A little, because toward the end I seemed to get failures multiple times from all partners so I just guessed at that point.",3,3.1,3.4,2.9,2.5,"Comprehension: [0.0, 0.0, 0.3, 0.4, 0.3]  
Judgment: [0.0, 0.0, 0.2, 0.5, 0.3]  
Evaluation: [0.0, 0.0, 0.1, 0.4, 0.5]  
Final Decision: [0.0, 0.1, 0.2, 0.4, 0.3]  
Confidence: [0.0, 0.2, 0.3, 0.3, 0.2]  

**Rationale:**

**Comprehension:** The participant shows a basic understanding of the task rules by indicating a strategy of switching ""partners"" after consecutive failures. The use of specific conditions (two failures) suggests a moderate to good grasp of the task structure. The probabilities reflect a range from adequate to exemplary, leaning more towards a clear understanding.

**Judgment:** The participant's strategy formulation, based on the occurrence of failures, indicates some planning and hypothesis generation. The reflection shows a transition in strategy, which is thoughtful and somewhat detailed, hence the higher probabilities for good and exemplary scores.

**Evaluation:** The participant reflects on the effectiveness of their strategy, particularly noting the shift towards guessing when all options repeatedly failed. This indicates a good level of self-awareness and evaluation of the strategy's effectiveness, justifying higher scores in the good to exemplary range.

**Final Decision:** The participant describes a consistent rule initially but admits to abandoning it for guessing towards the end. This shows some inconsistency, hence the spread across adequate to good, with a slight possibility of being exemplary due to the honest acknowledgment of strategy shift.

**Confidence:** The participant expresses some uncertainty, especially towards the end of the task (""I just guessed at that point""). This shows a mix of confidence in the initial strategy and doubt later on, leading to a balanced spread across the middle scores."
197,Female,White,"High school degree or equivalent (e.g., GED)",10,5,47,0.444444444,low,low,0,0.6125,0.083571429,0.169655537,-0.459443436,0.414086091,2.115708492,-1.259836692,"No, just switched people when they started giving me negative numbers.",No.,"No, just switched people when they started giving me negative numbers. ; No.",2.1,1.7,0.2,3.4,1.5,"Comprehension: [0.0, 0.1, 0.7, 0.2, 0.0]  
Judgment: [0.1, 0.3, 0.4, 0.2, 0.0]  
Evaluation: [0.8, 0.2, 0.0, 0.0, 0.0]  
Final Decision: [0.0, 0.0, 0.1, 0.4, 0.5]  
Confidence: [0.1, 0.4, 0.4, 0.1, 0.0]  

Rationale:  
- **Comprehension**: The participant seems to have a basic understanding of the task as they mention switching ""people"" (likely meaning choices) in response to negative outcomes. However, the understanding is not deeply articulated, hence a higher probability for an ""Adequate"" score.
- **Judgment**: The participant's strategy of switching choices upon receiving negative feedback indicates some level of planning or hypothesis testing, but it's not elaborated upon, leading to a higher score in the ""Adequate"" range.
- **Evaluation**: The participant does not reflect on the effectiveness of their strategy beyond a simple action-reaction statement, showing a lack of deep evaluation. This is why a higher score is given to ""Absent.""
- **Final Decision**: The participant indicates a consistent rule of switching choices based on negative feedback, which is a clear decision strategy, thus a higher probability towards the higher end of the scale.
- **Confidence**: The participant's brief and somewhat casual response (""No."") to whether they switched strategies suggests some uncertainty or minimal reflection on their confidence in their strategy, leading to a higher score in the ""Adequate"" range."
107,Male,White,"Master's degree (e.g., MA, MS, MEd)",0.05,100,47,0.166666667,low,low,0,0.5875,0,-0.117426092,-0.908486945,0.469774166,1.730900325,-0.705595243,"yes, too many negatives I changed over to another person","Not really, I just switched when it seemed they gave too many negatives","yes, too many negatives I changed over to another person ; Not really, I just switched when it seemed they gave too many negatives",2.5,2.2,1.7,2.1,1.6,"Comprehension: [0.0, 0.1, 0.4, 0.4, 0.1]  
Judgment: [0.0, 0.2, 0.5, 0.2, 0.1]  
Evaluation: [0.1, 0.3, 0.4, 0.2, 0.0]  
Final Decision: [0.0, 0.3, 0.4, 0.2, 0.1]  
Confidence: [0.1, 0.4, 0.3, 0.2, 0.0]  

**Rationale:**

**Comprehension:** The participant shows some understanding of the task as they mention switching strategies based on receiving ""too many negatives."" This indicates they grasped the feedback mechanism but lacks depth in explaining the task structure or goals. Hence, a higher probability is given to scores 2 and 3.

**Judgment:** The participant formed a basic plan to switch strategies based on negative outcomes, which shows some level of hypothesis formation. However, the plan is not detailed or sophisticated, leading to a higher probability for score 2.

**Evaluation:** The participant reflects minimally on the effectiveness of their strategy by indicating a reason for switching, but does not deeply analyze whether the switch was successful or why beyond the immediate negatives. This results in a higher probability for score 2.

**Final Decision:** The participant describes a rule for switching strategies but does not elaborate on consistency or finality of this decision, suggesting a moderate understanding and application. Thus, scores 2 and 3 are more probable.

**Confidence:** The participant's statements show some uncertainty and lack of strong conviction in their strategy, as indicated by the simplicity and brevity of their reflection. This leads to a higher probability for scores 1 and 2."
428,Male,Black or African American,"Bachelor's degree (e.g., BA, BS)",10,5,24,0,low,low,-3,0.6375,0.011627907,-0.177967219,-0.390290464,0.461162385,2.155483194,-0.252603278,When ever I got a -50 I moved to someone else. I did not try the same person twice,No,When ever I got a -50 I moved to someone else. I did not try the same person twice ; No,2.5,3.1,1.5,3.4,3.4,"Comprehension: [0.0, 0.1, 0.4, 0.4, 0.1]  
Judgment: [0.0, 0.0, 0.2, 0.5, 0.3]  
Evaluation: [0.2, 0.3, 0.3, 0.2, 0.0]  
Final Decision: [0.0, 0.0, 0.1, 0.4, 0.5]  
Confidence: [0.0, 0.0, 0.1, 0.4, 0.5]  

**Rationale:**

**Comprehension:** The participant shows some understanding of the task rules by indicating a response to a negative outcome (-50). However, the reflection lacks depth in explaining the overall goal or structure of the task, suggesting a moderate level of comprehension.

**Judgment:** The participant's strategy of switching after a negative outcome indicates a form of hypothesis or plan about how to act. The reflection suggests a somewhat clear and thoughtful approach, hence the higher probabilities for scores 3 and 4.

**Evaluation:** The participant's reflection lacks a detailed evaluation of the strategy's effectiveness. The statement does not delve into why the strategy was chosen or its results beyond avoiding repetition, indicating only a moderate level of evaluation.

**Final Decision:** The participant clearly states a consistent rule (""I did not try the same person twice""), which shows a decision strategy. The reflection is somewhat clear but lacks a sophisticated explanation of the strategy's basis, leading to higher probabilities for scores 3 and 4.

**Confidence:** The participant's brief and straightforward statement without questioning or doubting the approach suggests a high level of confidence in the chosen strategy. The lack of expressed doubt or uncertainty supports higher scores in this dimension."
353,Male,White,"Master's degree (e.g., MA, MS, MEd)",10,100,24,2.764705882,high,high,1,0.53125,0.268268268,0.075463616,0.534493818,0.589885172,-0.151744583,-0.877723073,no,no,no ; no,0,0,0,0,0,Auto-scored due to empty or trivial reflection.
230,Female,"Black or African American,White","High school degree or equivalent (e.g., GED)",0.1,500,24,0.055555556,low,low,0,0.66875,0.074361629,0.013778295,0.156941734,0.434539002,2.179172183,-0.443953734,Keep pressing the people who were giving me 100,no,Keep pressing the people who were giving me 100 ; no,2.5,2.6,1.7,3.1,1.5,"Comprehension: [0.0, 0.1, 0.4, 0.4, 0.1]
Judgment: [0.0, 0.1, 0.3, 0.5, 0.1]
Evaluation: [0.1, 0.3, 0.4, 0.2, 0.0]
Final Decision: [0.0, 0.0, 0.2, 0.5, 0.3]
Confidence: [0.1, 0.4, 0.4, 0.1, 0.0]

**Rationale:**
- **Comprehension:** The participant's response suggests a basic understanding of the task's goal (to press the option that gives 100), but lacks depth in explaining the structure or rules. The response is somewhat clear but not detailed, hence a higher probability for scores 2 and 3.
- **Judgment:** The participant seems to have formed a basic plan (to keep pressing the rewarding option), indicated by the mention of ""people who were giving me 100."" This shows some hypothesis formation but lacks depth or a detailed strategy, leading to a higher score in the 3 range.
- **Evaluation:** The participant's reflection on the strategy's effectiveness is minimal and indirect. The phrase ""Keep pressing"" might imply some level of ongoing evaluation, but it's not explicitly reflective or in-depth, thus a higher score in the 2 range.
- **Final Decision:** The participant describes a consistent rule (""keep pressing the people who were giving me 100""), which shows some decision strategy. However, the strategy is not sophisticated, leading to a higher probability for score 3.
- **Confidence:** The participant's confidence in their approach is not clearly expressed. The terse response suggests some uncertainty or lack of detailed confidence, leading to a higher probability for scores 1 and 2."
388,Female,White,"Bachelor's degree (e.g., BA, BS)",10,5,47,0.055555556,low,low,-2,0.60625,0,-0.246584414,-0.242058558,0.500002536,1.225763305,1.53862604,"I tried to find the right pile, and then stick with it until I got at least two negative cards before switching.","Not really, this was seemed to work pretty well.","I tried to find the right pile, and then stick with it until I got at least two negative cards before switching. ; Not really, this was seemed to work pretty well.",3,3.1,2.5,3.4,3.3,"Comprehension: [0.0, 0.0, 0.3, 0.4, 0.3]  
Judgment: [0.0, 0.0, 0.2, 0.5, 0.3]  
Evaluation: [0.0, 0.1, 0.4, 0.4, 0.1]  
Final Decision: [0.0, 0.0, 0.1, 0.4, 0.5]  
Confidence: [0.0, 0.0, 0.2, 0.3, 0.5]  

**Rationale:**

**Comprehension:** The participant shows a clear understanding of the task's goal and structure, as they describe sticking with a choice until receiving two negative outcomes. This indicates a good grasp of the task rules, hence the higher probabilities for scores 3 and 4.

**Judgment:** The participant's strategy formulation (""find the right pile, and then stick with it until I got at least two negative cards before switching"") shows a planned approach to the task, suggesting a good level of judgment. The probabilities lean towards higher scores, reflecting a clear and thoughtful plan.

**Evaluation:** The participant reflects on the effectiveness of their strategy by stating it ""seemed to work pretty well,"" indicating some level of evaluation. However, the depth of this reflection is not very detailed, leading to a higher probability for a score of 3 rather than 4.

**Final Decision:** The participant describes a consistent rule or decision strategy they applied throughout the task. The reflection shows a rational and minimal strategy change, justified by the perceived success of the strategy. This warrants higher probabilities for scores 4 and 3.

**Confidence:** The participant expresses a degree of certainty about their approach by noting it worked well, suggesting confidence in their strategy. The probabilities are skewed towards higher scores, reflecting this confidence."
336,Male,Black or African American,"Some college or university, no degree",10,5,49,3.722222222,high,high,2,0.675,0.010869565,-0.226198563,-1.660208025,0.453388986,1.238537222,-0.549578342,No.,"Yes, testing to see which partner gives more 100s.","No. ; Yes, testing to see which partner gives more 100s.",2.5,3.1,1.7,3.4,1.6,"Comprehension: [0.0, 0.1, 0.4, 0.4, 0.1]  
Judgment: [0.0, 0.0, 0.2, 0.5, 0.3]  
Evaluation: [0.1, 0.3, 0.4, 0.2, 0.0]  
Final Decision: [0.0, 0.0, 0.1, 0.4, 0.5]  
Confidence: [0.2, 0.3, 0.3, 0.1, 0.1]  

**Rationale:**

**Comprehension:** The participant's response indicates a basic understanding of the task's goal (to find which option yields more rewards), but lacks detail on the structure or rules. The response suggests some understanding but not in-depth, hence a higher probability for scores 2 and 3.

**Judgment:** The participant mentions testing different partners, which implies forming a hypothesis about how to act. The clarity and thoughtfulness of this strategy are somewhat evident, suggesting a higher probability for scores 3 and 4, but not at the highest level due to the brevity and lack of detailed planning.

**Evaluation:** The participant's reflection on whether their strategy worked is minimal and indirect. They do not explicitly state the outcomes of their tests or their thoughts on the effectiveness of the strategy, leading to a higher probability for a score of 2.

**Final Decision:** The participant indicates a decision strategy by testing different partners, which suggests a rule they applied. The clarity of this strategy is somewhat evident, leading to a higher probability for scores 3 and 4, but not fully exemplary due to the lack of detailed explanation.

**Confidence:** The participant's confidence in their approach is not clearly expressed. The brief and somewhat ambiguous response suggests uncertainty, leading to a higher probability for lower scores (1 and 2), with some possibility of moderate confidence (score 3)."
261,Male,White,"Bachelor's degree (e.g., BA, BS)",5,100,47,1.222222222,low,high,-1,0.55,0.05,-0.013472531,1.400066674,0.507335425,0.264434995,-1.372154008,"I noticed a little bit into the game that once you find the 100 person, it often sticks with that person for a handful of times in a row.  Once I found the 100, I kept with it until it changed back to -50 and then looked for the 100 again to repeat the process.","I switched my strategy at the beginning, which was more random selection to what I listed in 12.3.","I noticed a little bit into the game that once you find the 100 person, it often sticks with that person for a handful of times in a row.  Once I found the 100, I kept with it until it changed back to -50 and then looked for the 100 again to repeat the process. ; I switched my strategy at the beginning, which was more random selection to what I listed in 12.3.",3.4,3.5,3.3,3.6,3.5,"Comprehension: [0.0, 0.0, 0.1, 0.4, 0.5]  
Judgment: [0.0, 0.0, 0.1, 0.3, 0.6]  
Evaluation: [0.0, 0.0, 0.2, 0.3, 0.5]  
Final Decision: [0.0, 0.0, 0.1, 0.2, 0.7]  
Confidence: [0.0, 0.0, 0.1, 0.3, 0.6]  

**Rationale:**

**Comprehension:** The participant demonstrates a good understanding of the task's structure and goals by recognizing the pattern of reward consistency and adapting their strategy accordingly. The reflection shows a clear grasp of the task rules, hence the high probability towards scores 3 and 4.

**Judgment:** The participant formed a clear hypothesis about the task's dynamics (identifying the consistent reward pattern) and adjusted their approach based on this understanding. The reflection indicates a thoughtful plan, leading to a higher probability for scores 3 and 4.

**Evaluation:** The participant reflects on the effectiveness of their strategy by noting the shift from a random selection to a more systematic approach after observing the game's pattern. This shows a good level of self-assessment, justifying higher scores in this dimension.

**Final Decision:** The participant describes a consistent rule or decision strategy they applied, which was to stick with the 100 reward until it changed. This strategy is clearly articulated, suggesting a higher score, with a strong lean towards a 4.

**Confidence:** The participant expresses a clear understanding and confidence in their strategy by describing the shift from a random to a more targeted approach. This confidence in their decision-making process is evident, supporting higher scores in this dimension."
66,Male,"Black or African American,White","Some college or university, no degree",0.1,100,47,0.055555556,low,low,0,0.56875,0,-1.274883146,-2.971914482,0.447330907,0.652621397,-1.475816922,I looked for streaks over 5.,Not really I always looked for streaks.,I looked for streaks over 5. ; Not really I always looked for streaks.,3,3.1,2,3.5,3.4,"Comprehension: [0.0, 0.0, 0.3, 0.4, 0.3]  
Judgment: [0.0, 0.0, 0.2, 0.5, 0.3]  
Evaluation: [0.1, 0.2, 0.4, 0.2, 0.1]  
Final Decision: [0.0, 0.0, 0.1, 0.3, 0.6]  
Confidence: [0.0, 0.0, 0.1, 0.4, 0.5]  

**Rationale:**

**Comprehension:**  
The participant's reflection indicates a basic understanding of the task's goal, which was to identify patterns or ""streaks."" The mention of a specific strategy (""looked for streaks over 5"") suggests a grasp of task structure. The probabilities reflect a good understanding but not a comprehensive one, as the reflection lacks detail on whether they understood the probabilistic nature or the reversal aspect of the task.

**Judgment:**  
The participant formed a clear hypothesis or plan (""looked for streaks over 5""), indicating a deliberate approach to the task. The reflection shows a good level of judgment in forming a strategy, but it lacks depth in explaining the rationale behind choosing this specific strategy, hence the higher probabilities for scores 3 and 2.

**Evaluation:**  
The participant's reflection on the effectiveness of their strategy is minimal. They do not provide a clear assessment of whether the strategy worked or why, only stating what they did. There is some indication of evaluation, but it is not in-depth, leading to a higher probability for a score of 2.

**Final Decision:**  
The participant indicates a consistent rule or decision strategy (""always looked for streaks""), suggesting a strong adherence to their chosen approach throughout the task. This consistency is reflected in the higher probabilities for scores 4 and 3.

**Confidence:**  
The participant's confidence in their strategy is implied by the consistency of their approach and the absence of any expressed doubt. The reflection suggests a moderate to high level of confidence, as indicated by the higher probabilities for scores 4 and 3. However, the lack of explicit statements about their confidence or any reasoning behind it prevents the highest score."
110,Female,White,"Associate degree (e.g., AA, AS)",5,5,47,0.222222222,low,low,1,0.65625,0.151960785,-0.080047223,-1.791618318,0.463074602,1.222233045,-1.301554779,"If I got +100, I kept going with that partner. If I got -50, I tried switching up partners to get +100 more often.","No, I kept the same","If I got +100, I kept going with that partner. If I got -50, I tried switching up partners to get +100 more often. ; No, I kept the same",3.4,3.5,3.3,3.8,3.9,"Comprehension: [0.0, 0.0, 0.1, 0.4, 0.5]
Judgment: [0.0, 0.0, 0.1, 0.3, 0.6]
Evaluation: [0.0, 0.0, 0.2, 0.3, 0.5]
Final Decision: [0.0, 0.0, 0.0, 0.2, 0.8]
Confidence: [0.0, 0.0, 0.0, 0.1, 0.9]

Rationale:
- **Comprehension**: The participant clearly understood the task rules and goals, as evidenced by their strategy of sticking with a partner after a positive outcome and switching after a negative one. The response indicates a good grasp of the task structure, hence the high scores in the upper range.
- **Judgment**: The participant formed a clear hypothesis about how to act, which was to continue with the same partner if the outcome was positive and switch if negative. This shows a well-defined plan, leading to a higher score.
- **Evaluation**: The participant implicitly reflected on their strategy's effectiveness by continuing with actions that led to positive outcomes. Although not deeply detailed, there is a clear indication of strategy evaluation.
- **Final Decision**: The participant explicitly stated they kept the same strategy throughout, indicating a strong and consistent decision-making process. This clarity and consistency justify a high score.
- **Confidence**: The participant's brief but affirmative statement about not changing strategies (""No, I kept the same"") suggests a high level of confidence in their chosen approach, warranting a high score in this dimension."
361,Female,White,"Some college or university, no degree",5,5,47,0.333333333,low,low,1,0.56875,0.044918699,-0.052205322,0.286637342,0.540059973,0.827117248,-0.554343377,If the deck was green I stayed with it until it was red then I would move on to the next deck until I found another green and kept going on like that.,"Yes the last 2 rounds it seemed like after losing points one or 2 times then you would go back to gaining points again, so I tried to stick with the deck at least 2 times before switching.","If the deck was green I stayed with it until it was red then I would move on to the next deck until I found another green and kept going on like that. ; Yes the last 2 rounds it seemed like after losing points one or 2 times then you would go back to gaining points again, so I tried to stick with the deck at least 2 times before switching.",3.4,3.3,3.4,3.5,3,"Comprehension: [0.0, 0.0, 0.1, 0.4, 0.5]
Judgment: [0.0, 0.0, 0.2, 0.3, 0.5]
Evaluation: [0.0, 0.0, 0.1, 0.4, 0.5]
Final Decision: [0.0, 0.0, 0.1, 0.3, 0.6]
Confidence: [0.0, 0.1, 0.2, 0.3, 0.4]

Rationale:
- **Comprehension**: The participant clearly understood the task rules and structure, as evidenced by their strategy of sticking with a ""green"" deck until it turned ""red."" The reflection shows a good grasp of the task's dynamics, hence the high scores towards the upper end.
- **Judgment**: The participant formed a clear hypothesis about how to act, initially sticking with a deck until it loses and then switching. Later, they adjusted their strategy based on observed outcomes, indicating a good level of judgment.
- **Evaluation**: The participant reflected on the effectiveness of their strategy by noting the pattern of losing and then gaining points, which led them to adjust their approach. This shows a thoughtful evaluation of their strategy's performance.
- **Final Decision**: The participant described a consistent rule or decision strategy they ultimately applied, which was to stick with a deck at least two times before switching based on the observed pattern. This shows a clear and consistent decision-making process.
- **Confidence**: The participant expressed some certainty in their approach but also implied some trial and error, which suggests moderate confidence. They did not express outright doubt, but neither did they display complete certainty."
366,Female,White,"Master's degree (e.g., MA, MS, MEd)",5,5,47,0,low,low,-3,0.60625,0.009259259,-0.387840038,-2.564098052,0.45925228,0.457265628,-0.365762392,No I did not,No I did not,No I did not ; No I did not,0.1,0.1,0.1,0.1,0.1,"Comprehension: [0.9, 0.1, 0.0, 0.0, 0.0]  
Judgment: [0.9, 0.1, 0.0, 0.0, 0.0]  
Evaluation: [0.9, 0.1, 0.0, 0.0, 0.0]  
Final Decision: [0.9, 0.1, 0.0, 0.0, 0.0]  
Confidence: [0.9, 0.1, 0.0, 0.0, 0.0]  

Rationale: The participant's reflection, consisting only of the phrase ""No I did not ; No I did not,"" provides minimal to no information across all metacognitive dimensions. This response does not demonstrate any understanding of the task rules, structure, or goals (Comprehension), nor does it indicate any hypothesis or planning (Judgment). There is no reflection on the effectiveness of a strategy or the reasons behind its success or failure (Evaluation), and no consistent rule or decision strategy is described (Final Decision). Finally, the participant does not express any certainty or doubt about their approach or understanding, leading to a low score in Confidence. The slight probability assigned to a score of 1 in each category acknowledges the minimal possibility that the participant understood the questions but chose not to provide a detailed response, though this is highly unlikely given the context."
20,Female,"Black or African American,White","Master's degree (e.g., MA, MS, MEd)",0.1,5,47,0.166666667,low,low,-2,0.66875,0,-0.08559398,-0.917277874,0.443088541,2.035456959,0.234665481,I realized that one person tending to be good for about 5-10 and stuck with tem until they didnt,It took me about 20 turns to figure out the pattern,I realized that one person tending to be good for about 5-10 and stuck with tem until they didnt ; It took me about 20 turns to figure out the pattern,2.5,3.1,2.9,3.2,2.3,"Comprehension: [0.0, 0.1, 0.4, 0.4, 0.1]  
Judgment: [0.0, 0.0, 0.2, 0.5, 0.3]  
Evaluation: [0.0, 0.0, 0.3, 0.5, 0.2]  
Final Decision: [0.0, 0.0, 0.1, 0.6, 0.3]  
Confidence: [0.0, 0.2, 0.4, 0.3, 0.1]  

Rationale:
- **Comprehension**: The participant shows some understanding of the task's dynamics by recognizing a pattern of success over a series of turns. However, the explanation lacks depth regarding the full structure or goal of the task, suggesting a score leaning towards ""Adequate"" but not fully comprehensive.
- **Judgment**: The participant formed a hypothesis about sticking with a choice until it failed, indicating some planning. The clarity and depth of this strategy suggest a score between ""Adequate"" and ""Good,"" with a slight possibility of being ""Exemplary"" due to the proactive strategy formation.
- **Evaluation**: The participant reflects on the effectiveness of their strategy by noting the number of turns it took to discern a pattern. This shows some evaluation but lacks a deeper analysis of why the strategy worked or didn't, fitting best between ""Adequate"" and ""Good.""
- **Final Decision**: The participant describes a consistent decision strategy (sticking with a choice until it fails), which is clear and somewhat sophisticated. This suggests a score between ""Good"" and ""Exemplary,"" with a slight chance of being just ""Adequate.""
- **Confidence**: The participant's confidence in their approach is implied but not strongly articulated. They recognized a pattern and stuck with a strategy, which shows some level of confidence, but the expression of certainty or doubt is not very strong, fitting best between ""Adequate"" and ""Good."""
165,Female,White,"Bachelor's degree (e.g., BA, BS)",10,10,24,0,low,low,-3,0.6375,0,-0.188475955,-3.45238823,0.434315364,0.744360274,-0.885728327,If one person was doing well I would continue to use them until they no longer were.,No,If one person was doing well I would continue to use them until they no longer were. ; No,2.5,3.1,1.7,3.4,3.4,"Comprehension: [0.0, 0.1, 0.4, 0.4, 0.1]  
Judgment: [0.0, 0.0, 0.2, 0.5, 0.3]  
Evaluation: [0.1, 0.3, 0.4, 0.2, 0.0]  
Final Decision: [0.0, 0.0, 0.1, 0.4, 0.5]  
Confidence: [0.0, 0.0, 0.1, 0.4, 0.5]  

**Rationale:**

**Comprehension:** The participant shows some understanding of the task's goal, which is to stick with a choice that performs well. However, the depth of understanding the overall structure or rules isn't fully clear, hence a higher probability in the middle range (2 and 3).

**Judgment:** The participant clearly states a strategy of sticking with a choice as long as it performs well, indicating a planned approach. The clarity and thoughtfulness in expressing this strategy suggest higher scores in the 3 and 4 range.

**Evaluation:** The participant does reflect on the effectiveness of their strategy by implicitly indicating that they would assess performance and react (switch when performance drops). However, there's no deep analysis of why this strategy might work or not, leading to a moderate score.

**Final Decision:** The participant describes a consistent rule or decision strategy (""continue to use them until they no longer were""), which is quite clear. This suggests a higher score, leaning towards 4, but not fully exemplary as the strategy is quite basic.

**Confidence:** The participant does not express any doubt about their approach, indicating a high level of confidence in their chosen strategy. This is reflected in the higher probabilities for scores 3 and 4."
302,Male,White,"Associate degree (e.g., AA, AS)",5,100,47,0.277777778,low,low,-2,0.475,0,0.02253914,-2.528443935,0.460649753,0.83547474,-0.641888076,"I kept using the person that succeeded till they failed twice in a row, then I would switch to another and repeat.",Somewhat but it was mostly the same overall strategy.,"I kept using the person that succeeded till they failed twice in a row, then I would switch to another and repeat. ; Somewhat but it was mostly the same overall strategy.",3.4,3.5,2.7,3.6,2.9,"Comprehension: [0.0, 0.0, 0.1, 0.4, 0.5]  
Judgment: [0.0, 0.0, 0.1, 0.3, 0.6]  
Evaluation: [0.0, 0.1, 0.3, 0.4, 0.2]  
Final Decision: [0.0, 0.0, 0.1, 0.2, 0.7]  
Confidence: [0.0, 0.1, 0.2, 0.4, 0.3]  

**Rationale:**

**Comprehension:** The participant clearly understood the task rules and structure, as evidenced by their strategy of using a person until they failed twice. The reflection shows a good grasp of the task's requirements and goals, hence the high scores towards the upper end.

**Judgment:** The participant formed a clear hypothesis or plan (using one option until it fails twice), indicating a structured approach to decision-making. The reflection shows a thoughtful and strategic approach, justifying higher scores.

**Evaluation:** The participant did reflect on the effectiveness of their strategy by indicating a switch upon repeated failures, but the depth of this reflection is somewhat limited. They did not deeply analyze why the strategy worked or failed, hence the moderate scores.

**Final Decision:** The participant described a consistent rule or decision strategy (switching after two failures), which they applied throughout the task. This shows a clear and consistent decision-making process, warranting higher scores.

**Confidence:** The participant expressed some certainty in their approach but also indicated a degree of flexibility and adaptability by stating ""Somewhat but it was mostly the same overall strategy."" This shows a balanced level of confidence with some room for doubt, leading to a spread in the middle scores."
118,Male,Black or African American,"Bachelor's degree (e.g., BA, BS)",5,5,47,2.470588235,low,high,1,0.475,0.319444445,-0.008681486,0.996989181,0.613630162,-1.61293295,-1.952128115,No.,No.,No. ; No.,0,0,0,0,0,Auto-scored due to empty or trivial reflection.
398,Male,White,"Doctorate or professional degree  (e.g., PhD, MD, JD)",5,5,47,0.333333333,low,low,-2,0.65625,0.00862069,-0.06079309,-0.912817199,0.441920137,1.75847246,0.335758909,I tried to move systematically from one card to another when it would yield regular losses,"No, the strategy I employed was I think consistent.","I tried to move systematically from one card to another when it would yield regular losses ; No, the strategy I employed was I think consistent.",2.5,2.8,1.7,3.4,2.7,"Comprehension: [0.0, 0.1, 0.4, 0.4, 0.1]  
Judgment: [0.0, 0.0, 0.3, 0.6, 0.1]  
Evaluation: [0.1, 0.3, 0.4, 0.2, 0.0]  
Final Decision: [0.0, 0.0, 0.1, 0.4, 0.5]  
Confidence: [0.0, 0.1, 0.3, 0.4, 0.2]  

**Rationale:**

**Comprehension:** The participant shows an understanding of the task's structure by mentioning a systematic approach to card selection based on outcomes (losses). This indicates a grasp of the task rules and goals, but the explanation lacks depth, hence a higher probability for scores 2 and 3.

**Judgment:** The participant explicitly states using a systematic strategy, which reflects a clear plan or hypothesis about how to act. The clarity and intentionality behind the strategy suggest a higher score in judgment, leaning towards a good expression.

**Evaluation:** The participant reflects on the effectiveness of their strategy by indicating adjustments based on ""regular losses."" This shows some level of evaluation but lacks a deeper analysis of why certain strategies worked or didn't, thus a higher probability for an adequate score.

**Final Decision:** The participant asserts that their strategy was consistent throughout, indicating a clear and consistent decision-making process. This suggests a good to exemplary understanding and application of a decision strategy, hence higher scores in this dimension.

**Confidence:** The participant expresses some certainty in their approach by stating their strategy was consistent, yet the use of ""I think"" introduces a slight doubt. This mixed expression warrants a distribution leaning towards adequate and good, with some probability for exemplary due to the overall confidence conveyed."
396,Male,White,"Bachelor's degree (e.g., BA, BS)",5,5,47,0.333333333,low,low,-2,0.525,0.305882353,-0.011334501,1.004535073,0.629863114,-1.143632835,-1.862413868,I mainly went with gut instinct and tried to see if there was a certain pattern to follow between picking a certain deck.,No.,I mainly went with gut instinct and tried to see if there was a certain pattern to follow between picking a certain deck. ; No.,2.5,3.1,1.1,3.4,1.7,"Comprehension: [0.0, 0.1, 0.4, 0.4, 0.1]  
Judgment: [0.0, 0.0, 0.2, 0.5, 0.3]  
Evaluation: [0.3, 0.4, 0.2, 0.1, 0.0]  
Final Decision: [0.0, 0.0, 0.1, 0.4, 0.5]  
Confidence: [0.1, 0.3, 0.4, 0.2, 0.0]  

**Rationale:**

**Comprehension:** The participant indicates a basic understanding of the task by recognizing the need to identify a pattern between choices, suggesting some grasp of the task's structure. However, the reflection lacks depth about the specific rules or goals, hence the higher probabilities for scores 2 and 3.

**Judgment:** The participant mentions using ""gut instinct"" and looking for patterns, which shows some form of planning or hypothesis formation. The reflection suggests a moderate level of strategic thinking, warranting a higher probability for scores 3 and 4.

**Evaluation:** The participant does not provide a clear reflection on the effectiveness of their strategy or reasons for its success or failure. The response is somewhat vague, leading to higher probabilities for lower scores (0, 1, and 2).

**Final Decision:** The participant's statement about sticking to a gut instinct approach throughout the task suggests a consistent decision strategy, albeit not a highly strategic one. This earns higher probabilities for scores 3 and 4, indicating a clear but not sophisticated decision rule.

**Confidence:** The participant's brief and somewhat uncertain response (""No."") when asked about changing strategies, combined with reliance on ""gut instinct,"" suggests a lack of strong confidence in their approach. This is reflected in higher probabilities for lower scores (1 and 2)."
346,Male,Asian,"Bachelor's degree (e.g., BA, BS)",10,100,47,0.722222222,low,low,3,0.75625,0.025,-0.410646707,-1.186674802,0.461389521,1.708035823,-0.2048171,Change when the number is negative,No,Change when the number is negative ; No,2.1,1.5,0.2,3.4,1.7,"Comprehension: [0.0, 0.1, 0.7, 0.2, 0.0]  
Judgment: [0.1, 0.4, 0.4, 0.1, 0.0]  
Evaluation: [0.8, 0.2, 0.0, 0.0, 0.0]  
Final Decision: [0.0, 0.0, 0.1, 0.4, 0.5]  
Confidence: [0.1, 0.3, 0.4, 0.2, 0.0]  

**Rationale:**

**Comprehension:**  
The participant's response suggests a basic understanding of the task's mechanics (""Change when the number is negative""), indicating some grasp of the task rules. However, the response lacks depth or explanation of the task structure or goals, suggesting a score leaning towards ""Adequate"" but not fully clear or in-depth.

**Judgment:**  
The participant's strategy (""Change when the number is negative"") implies a basic plan or hypothesis about how to act within the task. However, the simplicity and lack of elaboration suggest that while there was some judgment applied, it was not highly sophisticated or detailed.

**Evaluation:**  
The participant's response to whether they switched strategies (""No"") indicates a lack of reflection on the effectiveness of their strategy or any consideration of alternative approaches. This suggests a high probability that the evaluation dimension is largely absent.

**Final Decision:**  
The participant's adherence to a single strategy throughout the task (""No"" to switching strategies) and the mention of a specific condition for action (""Change when the number is negative"") suggest a relatively clear and consistent decision strategy, leaning towards a higher score in this dimension.

**Confidence:**  
The participant's brief and straightforward response does not explicitly convey strong confidence or doubt. The lack of elaboration or justification suggests moderate uncertainty about their approach, leading to a middle-range score in this dimension."
238,Male,White,"Bachelor's degree (e.g., BA, BS)",10,5,47,2.666666667,high,high,0,0.3625,0.383333334,-0.019003215,0.974531749,0.61952304,-1.520977262,-1.91795122,none,none,none ; none,0,0,0,0,0,"Comprehension: [1.0, 0.0, 0.0, 0.0, 0.0]  
Judgment: [1.0, 0.0, 0.0, 0.0, 0.0]  
Evaluation: [1.0, 0.0, 0.0, 0.0, 0.0]  
Final Decision: [1.0, 0.0, 0.0, 0.0, 0.0]  
Confidence: [1.0, 0.0, 0.0, 0.0, 0.0]  

Rationale: The participant's response ""none ; none"" indicates a complete absence of reflection or insight into any of the metacognitive dimensions outlined. There is no evidence of understanding the task (Comprehension), forming any hypothesis or plan (Judgment), reflecting on the strategy's effectiveness (Evaluation), describing a consistent decision strategy (Final Decision), or expressing any certainty or doubt about their approach (Confidence). Therefore, the probability estimates reflect a score of 0 across all dimensions, indicating that these aspects are entirely absent in the participant's reflection."
464,Female,White,"Master's degree (e.g., MA, MS, MEd)",The paper clip costs ten cents.,It would take 100 minutes.,It would take 24 days.,0,low,low,-1,0.58125,0.043103448,0.037048274,-0.233395186,0.387006614,2.165173442,-0.236785125,"I tried alternating my choices each time a  ""-50"" would show up.",Yes. I found one character seemed to score the 100 more often than the others.,"I tried alternating my choices each time a  ""-50"" would show up. ; Yes. I found one character seemed to score the 100 more often than the others.",3,3.1,3,3.2,2.7,"Comprehension: [0.0, 0.0, 0.3, 0.4, 0.3]  
Judgment: [0.0, 0.0, 0.2, 0.5, 0.3]  
Evaluation: [0.0, 0.0, 0.3, 0.4, 0.3]  
Final Decision: [0.0, 0.0, 0.2, 0.4, 0.4]  
Confidence: [0.0, 0.1, 0.3, 0.4, 0.2]  

**Rationale:**

**Comprehension:** The participant shows a clear understanding of the task's feedback mechanism (""-50"" as a signal) and the goal (scoring ""+100""). The response indicates a good grasp of the task structure, hence the higher probabilities for scores 3 and 4.

**Judgment:** The participant formed a hypothesis about how to act (alternating choices upon receiving a ""-50""). This indicates a planned approach to the task, meriting a higher score in judgment, with a significant probability for a score of 3, reflecting clear and thoughtful planning.

**Evaluation:** The participant reflects on the effectiveness of their strategy by noting that one character seemed to score more often, indicating some evaluation of strategy success. This warrants a higher score in evaluation, with probabilities leaning towards scores 3 and 4, showing thoughtful reflection.

**Final Decision:** The participant describes a consistent decision strategy (alternating choices based on specific feedback) and identifies a potentially more successful character. This shows a clear decision-making process, justifying higher scores in this dimension.

**Confidence:** The participant does not explicitly express confidence or doubt but implies some level of certainty by sticking to a strategy and noting observations about character performance. The distribution reflects moderate confidence, with a higher probability for score 3, indicating clear but not overly confident expression."
307,Male,White,"Some college or university, no degree",I decline this question.,I decline this question.,I decline this question.,0.888888889,low,low,0,0.7125,0.017424243,-0.03207756,-0.623925225,0.465920511,1.764578614,0.236160633,I did not use any particular strategy.,I did not.,I did not use any particular strategy. ; I did not.,1.2,0.1,0.1,1.1,3.9,"Comprehension: [0.0, 0.8, 0.2, 0.0, 0.0]  
Judgment: [0.9, 0.1, 0.0, 0.0, 0.0]  
Evaluation: [0.9, 0.1, 0.0, 0.0, 0.0]  
Final Decision: [0.0, 0.9, 0.1, 0.0, 0.0]  
Confidence: [0.0, 0.0, 0.0, 0.1, 0.9]  

**Rationale:**
- **Comprehension:** The participant's statement suggests a minimal understanding of the task as they claim not to use any strategy. This indicates some level of understanding (they know they were expected to have a strategy), but it's not clear if they understood the task's goals or rules deeply. Hence, a higher probability is given to a score of 1.
- **Judgment:** The participant explicitly states they did not use any strategy, indicating an absence of forming any hypothesis or plan about how to act. This is almost a clear absence, thus the high probability for a score of 0.
- **Evaluation:** Similar to judgment, the participant's lack of strategy use implies they did not reflect on the effectiveness of a strategy or its outcomes, leading to a high probability of scoring 0.
- **Final Decision:** The participant's repeated statement about not using a strategy suggests they consistently applied this non-strategy. This is somewhat paradoxical but indicates a rudimentary decision strategy (to not have one), hence a higher score for 1.
- **Confidence:** The participant's repeated and straightforward assertion (""I did not use any particular strategy. ; I did not."") displays a high level of confidence about their approach, even though it was to not have a strategy. This clarity and certainty in their response justify a high probability for a score of 4."
431,Female,White,"High school degree or equivalent (e.g., GED)",10,100,12,0,low,low,-2,0.49375,0.108558994,0.004179167,0.991339503,0.637093021,-0.954022657,-1.836392516,the one that kept giving me the 100 was the one I would hit. Then I would change foe a time or 2 then back to the one that would give me the 100 again,yes,the one that kept giving me the 100 was the one I would hit. Then I would change foe a time or 2 then back to the one that would give me the 100 again ; yes,2.5,2.9,1.7,3.1,2.5,"Comprehension: [0.0, 0.1, 0.4, 0.4, 0.1]  
Judgment: [0.0, 0.0, 0.3, 0.5, 0.2]  
Evaluation: [0.1, 0.3, 0.4, 0.2, 0.0]  
Final Decision: [0.0, 0.0, 0.2, 0.5, 0.3]  
Confidence: [0.0, 0.1, 0.4, 0.4, 0.1]  

**Rationale:**

**Comprehension:** The participant shows a basic understanding of the task's goal (to hit the option that gives 100 points). However, the explanation lacks depth about the overall structure or rules beyond the immediate reward, suggesting a score leaning towards ""Adequate"" but not fully comprehensive.

**Judgment:** The participant describes a strategy of selecting the option that gives the highest reward and mentions switching occasionally. This indicates some level of planning and hypothesis testing, meriting a score between ""Adequate"" and ""Good.""

**Evaluation:** The participant reflects on the effectiveness of their strategy by returning to the option that gives 100 points after trying others. This shows some evaluation but lacks depth on why this strategy worked or didn't, suggesting a score leaning towards ""Adequate.""

**Final Decision:** The participant describes a somewhat consistent decision strategy of returning to the high-reward option. This indicates a clear but not fully sophisticated strategy application, fitting a score between ""Adequate"" and ""Good.""

**Confidence:** The participant's brief statement implies some level of certainty in their approach by returning to the high-reward option, but the lack of explicit confidence or doubt expressions suggests a score around ""Adequate."""
154,Male,White,"Bachelor's degree (e.g., BA, BS)",10,100,24,0.222222222,low,low,3,0.6,0.029499073,-0.205772933,-0.638425743,0.425464355,2.115786942,-0.462607413,"No, I did not.",No.,"No, I did not. ; No.",0.1,0.1,0.1,0.1,0.1,"Comprehension: [0.9, 0.1, 0.0, 0.0, 0.0]  
Judgment: [0.9, 0.1, 0.0, 0.0, 0.0]  
Evaluation: [0.9, 0.1, 0.0, 0.0, 0.0]  
Final Decision: [0.9, 0.1, 0.0, 0.0, 0.0]  
Confidence: [0.9, 0.1, 0.0, 0.0, 0.0]  

**Rationale:**  
The participant's reflection, consisting only of ""No, I did not. ; No."", provides extremely minimal information. This response does not demonstrate any clear understanding of the task rules, structure, or goal, nor does it indicate any hypothesis formation, evaluation of strategy effectiveness, description of a consistent decision strategy, or expression of certainty or doubt about their approach. The probabilities are heavily weighted towards a score of 0 (Absent) across all dimensions due to the lack of substantive content in the reflection. There is a slight probability assigned to a score of 1 (Rudimentary) to acknowledge the minimal acknowledgment of the questions asked, though without any elaboration or insight."
473,Female,White,"Bachelor's degree (e.g., BA, BS)",0.1,100,12,0.111111111,low,low,-3,0.4875,0,-0.975079165,-1.337938422,0.518665246,0.768087251,-0.048226555,I kept going with one that won if I got -50 tried one more time if -50  than go to another person until -50,Not really kept with winning one unless negative more than 2 times.,I kept going with one that won if I got -50 tried one more time if -50  than go to another person until -50 ; Not really kept with winning one unless negative more than 2 times.,2.5,2.9,3,3.1,2,"Comprehension: [0.0, 0.1, 0.4, 0.4, 0.1]  
Judgment: [0.0, 0.0, 0.3, 0.5, 0.2]  
Evaluation: [0.0, 0.0, 0.2, 0.6, 0.2]  
Final Decision: [0.0, 0.0, 0.2, 0.5, 0.3]  
Confidence: [0.1, 0.2, 0.4, 0.2, 0.1]  

Rationale:
- **Comprehension**: The participant shows a basic understanding of the task's mechanics, as they describe a strategy based on the outcomes of their choices. However, the explanation is somewhat unclear and lacks depth, suggesting a mix of adequate to good comprehension.
- **Judgment**: The participant outlines a specific strategy based on the outcomes (-50) they experienced, indicating a planned approach to the task. The clarity and detail in their strategy formulation suggest a judgment leaning towards good.
- **Evaluation**: The participant reflects on the effectiveness of their strategy by indicating a shift when outcomes were consistently negative. This shows some evaluation of their approach, but the depth of insight into why specific strategies worked or failed is not fully developed, leaning towards a good score.
- **Final Decision**: The participant describes a consistent rule-based strategy (switching after repeated negative outcomes), indicating a clear decision-making process. The strategy is somewhat detailed, suggesting a score between adequate and good.
- **Confidence**: The participant's statement shows some uncertainty and lack of detailed justification for their choices, indicating mixed confidence in their strategy. The reflection suggests a moderate level of certainty about their approach."
420,Male,White,"High school degree or equivalent (e.g., GED)",10,100,24,2.333333333,high,high,-2,0.45,0.274704619,-0.012446844,0.993230983,0.617285117,-1.439591838,-1.93420101,None.,No strategy.,None. ; No strategy.,0.1,0.1,0.1,0.1,0.1,"Comprehension: [0.9, 0.1, 0.0, 0.0, 0.0]  
Judgment: [0.9, 0.1, 0.0, 0.0, 0.0]  
Evaluation: [0.9, 0.1, 0.0, 0.0, 0.0]  
Final Decision: [0.9, 0.1, 0.0, 0.0, 0.0]  
Confidence: [0.9, 0.1, 0.0, 0.0, 0.0]  

**Rationale:**  
The participant's reflection, ""None. ; No strategy."" provides minimal information across all dimensions of the Metacognitive Prompting framework. 

- **Comprehension:** The response suggests a lack of engagement or understanding of the task, as the participant states they used no strategy. This indicates a probable absence of comprehension of the task's rules or goals.
- **Judgment:** The participant indicates no formation of a hypothesis or plan, as they explicitly state they used no strategy.
- **Evaluation:** There is no reflection on the effectiveness of a strategy or reasons for its success or failure, as no strategy was claimed to be used.
- **Final Decision:** The participant does not describe any consistent rule or decision strategy, reinforcing the notion of no strategy usage.
- **Confidence:** The brief and dismissive nature of the response suggests a lack of engagement rather than a reflection of confidence or doubt about their approach.

Given the extremely brief and negative nature of the reflection, high probabilities are assigned to a score of 0 across all dimensions, indicating an absence of metacognitive elements as per the scoring rubric."
134,Male,White,"Some college or university, no degree",10,5,47,0.277777778,low,low,1,0.65,0.045923633,-0.282665601,-0.510180912,0.445773693,2.112038114,0.024663529,Stayed with same ones frequently.,no,Stayed with same ones frequently. ; no,2.1,1.6,0.2,2.7,1.7,"Comprehension: [0.0, 0.3, 0.4, 0.2, 0.1]  
Judgment: [0.1, 0.4, 0.3, 0.2, 0.0]  
Evaluation: [0.8, 0.2, 0.0, 0.0, 0.0]  
Final Decision: [0.0, 0.1, 0.3, 0.4, 0.2]  
Confidence: [0.1, 0.3, 0.4, 0.2, 0.0]  

**Rationale:**

**Comprehension:** The participant's brief statement suggests a basic understanding of the task as they mention sticking with the same choices frequently. However, the depth of understanding the task rules, structure, or goal is not clearly articulated, leading to a higher probability for a score of 2 (Adequate).

**Judgment:** The participant's strategy of staying with the same choices implies some form of plan or hypothesis, but it is not elaborated upon. This warrants a higher probability for a score of 1 (Rudimentary) and 2 (Adequate), as there is minimal evidence of a well-formed hypothesis.

**Evaluation:** The participant does not reflect on whether their strategy was effective or why it might have been so. This dimension is almost absent, justifying a high probability for a score of 0 (Absent).

**Final Decision:** The participant indicates a consistent rule or decision strategy by sticking with the same choices, though the reasoning behind this decision is not explained. This suggests a higher probability for a score of 3 (Good), as they describe a consistent strategy.

**Confidence:** The participant's confidence in their approach or understanding is not explicitly mentioned. The brief response and lack of depth in explaining their confidence or doubt about their strategy suggest a higher probability for a score of 2 (Adequate)."
318,Male,White,"Associate degree (e.g., AA, AS)",5,5,47,0,low,low,-2,0.65625,0,-0.128779862,-1.642671525,0.471097027,1.547011974,0.210380337,"Not really.  When one player failed more than two times, I would move on to find another successful player.","There was no real strategy involved.  If a successful partner suddenly turned bad, I gave them one more chance, then moved on if they failed again.","Not really.  When one player failed more than two times, I would move on to find another successful player. ; There was no real strategy involved.  If a successful partner suddenly turned bad, I gave them one more chance, then moved on if they failed again.",2.5,3.1,2.9,3.4,2.7,"Comprehension: [0.0, 0.1, 0.4, 0.4, 0.1]  
Judgment: [0.0, 0.0, 0.2, 0.5, 0.3]  
Evaluation: [0.0, 0.0, 0.3, 0.5, 0.2]  
Final Decision: [0.0, 0.0, 0.1, 0.4, 0.5]  
Confidence: [0.0, 0.1, 0.3, 0.4, 0.2]  

**Rationale:**

**Comprehension:** The participant shows a basic understanding of the task rules by describing their actions in response to the outcomes (players failing). They recognize the structure of making choices based on outcomes, indicating some comprehension, but the depth of understanding the overall goal or rules isn't fully articulated, hence a higher probability for scores 2 and 3.

**Judgment:** The participant describes a clear plan of action (switching players after failures), which shows they formed a hypothesis about how to act. The strategy, although described as ""no real strategy,"" still reflects a systematic approach to decision-making, justifying higher probabilities for scores 3 and 4.

**Evaluation:** The participant reflects on the effectiveness of their strategy by implicitly suggesting it was based on the performance of the players, indicating some evaluation. They do not deeply analyze why this strategy was chosen or its effectiveness beyond immediate outcomes, supporting a higher score in the middle range.

**Final Decision:** The participant describes a consistent rule they applied (giving a player one more chance after a failure). This shows a clear decision strategy, although it's not sophisticated in terms of strategic depth or adaptation. The probabilities favor higher scores due to the clarity of the rule described.

**Confidence:** The participant does not express strong confidence or doubt explicitly; however, the casual mention of their strategy and its application suggests a moderate level of certainty about their approach. They do not question or critically analyze their confidence level, leading to a balanced distribution with a slight lean towards higher scores."
466,Female,Black or African American,"Master's degree (e.g., MA, MS, MEd)",10,,47,3.444444444,high,high,2,0.5125,0.307359307,-0.017311661,0.98750322,0.61853609,-1.363926941,-1.932203943,,, ; ,0,0,0,0,0,Auto-scored due to empty or trivial reflection.
485,Male,White,"Master's degree (e.g., MA, MS, MEd)",10,100,24,0,low,low,2,0.50625,0.434046346,-0.085609566,0.373045954,0.562591948,-0.084694902,-1.024892403,Nothing particular rather than taking a guess,"Yes, over time I noticed some kind of a pattern","Nothing particular rather than taking a guess ; Yes, over time I noticed some kind of a pattern",1.3,2.2,2.5,2.1,1.2,"Comprehension: [0.0, 0.7, 0.3, 0.0, 0.0]  
Judgment: [0.0, 0.0, 0.8, 0.2, 0.0]  
Evaluation: [0.0, 0.0, 0.5, 0.5, 0.0]  
Final Decision: [0.0, 0.0, 0.9, 0.1, 0.0]  
Confidence: [0.0, 0.8, 0.2, 0.0, 0.0]  

**Rationale:**
- **Comprehension:** The participant's reflection shows minimal understanding of the task as they mention ""taking a guess"" and noticing ""some kind of a pattern."" This suggests a rudimentary grasp of the task's probabilistic nature but lacks depth or clarity about the specific rules or goals, hence a higher probability for a score of 1.
- **Judgment:** The participant's strategy initially was to guess, indicating a lack of a formulated plan or hypothesis at the beginning. However, the mention of noticing a pattern suggests some development of judgment over time, leading to a higher score in the adequate range.
- **Evaluation:** The participant reflects on the effectiveness of their strategy by acknowledging the recognition of a pattern, which implies some evaluation of their initial approach. This warrants a split between adequate and good, as there is some reflection but not a deep analysis of why their strategy worked or didn't.
- **Final Decision:** The participant indicates a shift in strategy upon noticing a pattern, which suggests a decision to adapt based on their observations. However, the lack of detail about the nature of this final decision strategy leads to a higher score in the adequate range.
- **Confidence:** The participant's language (""Nothing particular,"" ""taking a guess"") expresses a significant level of uncertainty about their approach and understanding of the task, suggesting a higher probability for a rudimentary score in confidence."
179,Male,White,"High school degree or equivalent (e.g., GED)",5,5,47,0,low,low,-3,0.53125,0,-0.348955199,-1.202214593,0.460908151,0.746197273,0.618564799,If I got -50 twice in a row I tried a new student.,No.,If I got -50 twice in a row I tried a new student. ; No.,2.5,3.1,2.9,3.4,3.4,"Comprehension: [0.0, 0.1, 0.4, 0.4, 0.1]  
Judgment: [0.0, 0.0, 0.2, 0.5, 0.3]  
Evaluation: [0.0, 0.0, 0.3, 0.5, 0.2]  
Final Decision: [0.0, 0.0, 0.1, 0.4, 0.5]  
Confidence: [0.0, 0.0, 0.1, 0.4, 0.5]  

**Rationale:**

**Comprehension:** The participant shows some understanding of the task's structure by recognizing the negative feedback (-50) and responding to it. The response indicates a basic grasp but lacks depth in explaining the overall goal or rules beyond reacting to negative feedback. Hence, a higher probability is given to scores 2 and 3.

**Judgment:** The participant formed a basic plan based on the feedback received (switching strategies after consecutive negative outcomes). This shows a clear, albeit simple, hypothesis about how to act, meriting a higher score in the judgment dimension, particularly leaning towards scores 3 and 4.

**Evaluation:** The participant reflects on the effectiveness of their strategy by implicitly suggesting that a change was necessary after repeated negative feedback. This indicates some level of evaluation, but the depth of this reflection is not fully developed. Thus, scores 3 and 2 are more probable.

**Final Decision:** The participant describes a consistent rule or decision strategy (switching after two negative outcomes). This strategy is clear and specific, suggesting a higher score in this dimension, with a lean towards scores 4 and 3.

**Confidence:** The participant's response does not explicitly express confidence or doubt, but the straightforward nature of the strategy (""If I got -50 twice in a row I tried a new student"") and the lack of questioning or uncertainty in the statement suggest a higher level of confidence, thus higher scores in this dimension."
8,Male,Black or African American,"Bachelor's degree (e.g., BA, BS)",5,5,47,0,low,low,1,0.6625,0,-0.449526559,-2.951923776,0.41156955,1.397735574,-1.615639628,"not particularly, I tried counting 'yes' cards but that didn't last long",I tried to find patterns but it didn't last more than one or two rounds,"not particularly, I tried counting 'yes' cards but that didn't last long ; I tried to find patterns but it didn't last more than one or two rounds",2.1,2.8,1.5,1.9,1.1,"Comprehension: [0.0, 0.1, 0.7, 0.2, 0.0]  
Judgment: [0.0, 0.0, 0.3, 0.6, 0.1]  
Evaluation: [0.1, 0.4, 0.4, 0.1, 0.0]  
Final Decision: [0.0, 0.3, 0.5, 0.2, 0.0]  
Confidence: [0.2, 0.5, 0.3, 0.0, 0.0]  

**Rationale:**

**Comprehension:**  
The participant shows some understanding of the task as they attempted to use strategies like counting 'yes' cards and finding patterns. However, the reflection lacks depth about the task's rules or goals, suggesting a moderate level of comprehension.

**Judgment:**  
The participant formed initial strategies (counting and pattern recognition), indicating some judgment. The reflection suggests a shift in strategies, though not deeply reasoned or sophisticated, hence a higher probability for a moderate score.

**Evaluation:**  
The participant reflects on the effectiveness of their strategies by noting the short duration of their application, indicating some level of evaluation. However, there is no deep analysis of why these strategies were ineffective, leading to a higher probability for an average score.

**Final Decision:**  
The reflection shows some inconsistency in strategy application without settling on a final, effective method. This suggests a moderate understanding and application of a decision strategy, with some room for improvement.

**Confidence:**  
The participant's language (""not particularly,"" ""didn't last long"") expresses doubt and uncertainty about their approach and understanding of the task. This indicates a higher probability for lower scores in confidence."
76,Female,Black or African American,"Bachelor's degree (e.g., BA, BS)",5,100,47,0.222222222,low,low,0,0.65,0.01724138,-0.11314764,-0.898353014,0.492056611,1.567858315,0.54348454,No,No,No ; No,0,0,0,0,0,Auto-scored due to empty or trivial reflection.
82,Male,White,"Bachelor's degree (e.g., BA, BS)",5,5,47,2.388888889,low,high,1,0.58125,0.161025641,-0.000449911,0.008942778,0.477155588,1.893072951,-0.036447396,If I lost points too much I switched,I'm not sure. I don't think so.,If I lost points too much I switched ; I'm not sure. I don't think so.,1.7,1.3,1.7,1.3,1.1,"Comprehension: [0.1, 0.3, 0.4, 0.2, 0.0]  
Judgment: [0.2, 0.4, 0.3, 0.1, 0.0]  
Evaluation: [0.1, 0.3, 0.4, 0.2, 0.0]  
Final Decision: [0.2, 0.4, 0.3, 0.1, 0.0]  
Confidence: [0.3, 0.4, 0.2, 0.1, 0.0]  

**Rationale:**

**Comprehension:** The participant shows some understanding of the task as they mention switching strategies when losing points, indicating they grasped the task's feedback mechanism. However, the reflection lacks depth about the task's structure or goals, hence the higher probabilities for lower scores.

**Judgment:** The participant hints at a decision-making process (""If I lost points too much I switched""), suggesting some form of planning or hypothesis. However, the statement is brief and lacks detail, leading to a higher probability for a rudimentary score.

**Evaluation:** The participant reflects minimally on their strategy's effectiveness (""I'm not sure""), showing some level of evaluation but with significant uncertainty and lack of depth. This warrants a higher score in the lower range.

**Final Decision:** The participant's statement about strategy switching is vague and shows uncertainty (""I'm not sure. I don't think so.""), indicating a lack of a clear, consistent decision strategy. This results in higher probabilities for lower scores.

**Confidence:** The participant expresses doubt and uncertainty about their approach, which is evident in their statements. This lack of confidence leads to higher probabilities for lower scores in this dimension."
469,Female,White,"High school degree or equivalent (e.g., GED)",5,5,47,0.111111111,low,low,1,0.525,0.010416667,-0.952335362,-2.359001932,0.454278694,0.711799512,-0.118538961,"I switched to a different person if I got 2 losses in a row, if the one I chose is also a loss I would then check the third.","No, I pretty much did the same thing the whole time.","I switched to a different person if I got 2 losses in a row, if the one I chose is also a loss I would then check the third. ; No, I pretty much did the same thing the whole time.",3,3.1,3,3.4,3.4,"Comprehension: [0.0, 0.0, 0.3, 0.4, 0.3]  
Judgment: [0.0, 0.0, 0.2, 0.5, 0.3]  
Evaluation: [0.0, 0.0, 0.3, 0.4, 0.3]  
Final Decision: [0.0, 0.0, 0.1, 0.4, 0.5]  
Confidence: [0.0, 0.0, 0.1, 0.4, 0.5]  

Rationale:
- **Comprehension**: The participant shows a clear understanding of the task rules by describing their response to consecutive losses, indicating a strategy based on the task's structure. The response suggests a good grasp but lacks a detailed explanation of the task's goal or deeper insights into the task structure, hence the distribution leaning towards a score of 3.
- **Judgment**: The participant formed a clear plan (switching choices after consecutive losses), which shows a strategic approach to the task. The plan is somewhat detailed but not deeply sophisticated, which justifies a higher probability for a score of 3.
- **Evaluation**: The participant reflects on the effectiveness of their strategy by describing what they did after a switch resulted in a loss, indicating some level of strategy evaluation. However, there is no deep analysis of why certain strategies worked or didn't, supporting a higher score in the middle range.
- **Final Decision**: The participant indicates a consistent application of their strategy throughout the task, suggesting a clear final decision on the strategy used. The reflection lacks a detailed justification for sticking with the strategy, which supports a higher score towards 4 but not fully exemplary.
- **Confidence**: The participant's statement about sticking to the same strategy throughout the task suggests confidence in their approach. However, the lack of explicit expression of certainty or doubt about their strategy's effectiveness limits the highest score, favoring a distribution leaning towards a score of 4."
151,Male,White,"Associate degree (e.g., AA, AS)",10,5,47,0.166666667,low,low,0,0.58125,0.043103449,-0.000848097,0.513487409,0.413658003,2.262636703,0.698755389,no it seemed random and at times I would just select a person,no it all seemed random so my strategy was to just pick who I felt was the plus 100,no it seemed random and at times I would just select a person ; no it all seemed random so my strategy was to just pick who I felt was the plus 100,2.1,1.6,1.6,2.6,1.8,"Comprehension: [0.0, 0.3, 0.4, 0.2, 0.1]  
Judgment: [0.1, 0.4, 0.3, 0.2, 0.0]  
Evaluation: [0.2, 0.3, 0.3, 0.1, 0.1]  
Final Decision: [0.0, 0.1, 0.4, 0.3, 0.2]  
Confidence: [0.1, 0.3, 0.4, 0.1, 0.1]  

**Rationale:**

**Comprehension:** The participant's reflection indicates a basic understanding of the task as involving choices, but there is a lack of depth in understanding the rules or goals beyond recognizing randomness. The participant does not articulate a clear grasp of the task structure, hence the higher probabilities for lower scores.

**Judgment:** The participant mentions a strategy of selecting ""who I felt was the plus 100,"" which shows some form of hypothesis or plan, albeit a simplistic one based on intuition rather than a reasoned strategy. This warrants a higher probability for a score of 1 or 2, indicating rudimentary to adequate judgment.

**Evaluation:** The participant reflects on the randomness of the task and their response to it, suggesting some level of evaluation. However, the reflection lacks depth in analyzing why their strategy might or might not have worked, leading to a balanced distribution across lower to middle scores.

**Final Decision:** The participant describes a consistent approach (""just pick who I felt was the plus 100""), indicating some level of decision-making. However, the strategy is not based on a sophisticated understanding or adaptation, which justifies a higher probability for an adequate score.

**Confidence:** The participant expresses a sense of randomness and a somewhat arbitrary decision-making process, which suggests a lack of confidence in the strategy used. The probabilities are spread across lower scores, reflecting uncertainty about the approach and understanding of the task."
452,Male,White,"High school degree or equivalent (e.g., GED)",10,5,47,0,low,low,-1,0.5875,0,-0.492902194,-1.635611092,0.473740514,1.115885905,0.4114531,Just trying to find the person that would benefit me more.,No.,Just trying to find the person that would benefit me more. ; No.,1.2,2.1,0.1,3.9,4,"Comprehension: [0.0, 0.8, 0.2, 0.0, 0.0]
Judgment: [0.0, 0.1, 0.7, 0.2, 0.0]
Evaluation: [0.9, 0.1, 0.0, 0.0, 0.0]
Final Decision: [0.0, 0.0, 0.0, 0.1, 0.9]
Confidence: [0.0, 0.0, 0.0, 0.0, 1.0]

Rationale:
- **Comprehension**: The participant's response suggests a rudimentary understanding of the task's goal (""find the person that would benefit me more""), but lacks depth or clarity about the structure or rules of the task. The probability is skewed towards a score of 1, indicating minimal expression.
- **Judgment**: The participant hints at a strategy (""find the person that would benefit me more""), suggesting some form of hypothesis or plan. However, the lack of detail or depth in the strategy description leads to a higher probability for a score of 2, with some possibility of a score of 3 if interpreted as a clear but simple plan.
- **Evaluation**: The participant's response to whether they switched strategies (""No"") does not reflect on the effectiveness or reasons behind their strategy's success or failure. This dimension is almost entirely absent, leading to a high probability for a score of 0.
- **Final Decision**: The participant's firm ""No"" in response to changing strategies suggests a strong adherence to their initial decision-making approach. This indicates a consistent rule or decision strategy, meriting a high probability for a score of 4.
- **Confidence**: The participant's brief and straightforward responses, especially the definitive ""No"" to changing strategies, suggest a high level of confidence in their approach. This is interpreted as full certainty, justifying a probability of 1.0 for a score of 4."
171,Female,White,"Master's degree (e.g., MA, MS, MEd)",5,5,47,0,low,low,-2,0.54375,0,-0.687836666,-3.991400995,0.466449932,-0.369185739,-1.191238397,Just trial and error,Only when the partner I had started giving frequently -50 results,Just trial and error ; Only when the partner I had started giving frequently -50 results,2.1,1.6,1.6,1.7,1.3,"Comprehension: [0.0, 0.3, 0.4, 0.2, 0.1]  
Judgment: [0.1, 0.4, 0.3, 0.2, 0.0]  
Evaluation: [0.2, 0.3, 0.3, 0.1, 0.1]  
Final Decision: [0.1, 0.3, 0.4, 0.2, 0.0]  
Confidence: [0.2, 0.4, 0.3, 0.1, 0.0]  

Rationale:
- **Comprehension**: The participant's brief mention of ""trial and error"" suggests some understanding of the task's trial-based nature, but lacks depth regarding the rules or goals. The probability leans towards a score of 2 (Adequate) as there is some understanding but it's not detailed.
- **Judgment**: The participant indicates a strategy (""trial and error"") and a condition for strategy change (""only when the partner... started giving frequently -50 results""), showing some planning and hypothesis formation. The probabilities are distributed with a lean towards 1 (Rudimentary) and 2 (Adequate) as the strategy is mentioned but not elaborated.
- **Evaluation**: The reflection includes a minimal evaluation of the strategy's effectiveness linked to the outcome (-50 results), but lacks depth in analyzing why the strategy worked or didn't. The probabilities are spread across 1 (Rudimentary) and 2 (Adequate) with some leaning towards 0 (Absent) due to the lack of detailed reflection.
- **Final Decision**: The participant mentions a decision to switch strategies under certain conditions, which shows some rule application. However, the description is not consistent or detailed, leading to a higher probability for 2 (Adequate) and some for 1 (Rudimentary).
- **Confidence**: The participant's expression does not strongly convey certainty or doubt about their approach, leading to a distribution with higher probabilities in 1 (Rudimentary) and 2 (Adequate). The use of a casual tone (""Just trial and error"") suggests a lack of deep confidence or reflection on the strategy's efficacy."
209,Male,"American Indian or Alaska Native,White","Bachelor's degree (e.g., BA, BS)",10,5,24,0,low,low,1,0.70625,0,-0.400150521,-2.551869691,0.468512253,0.969168438,-0.100181145,No.,No.,No. ; No.,0,0,0,0,0,Auto-scored due to empty or trivial reflection.
35,Male,White,"Some college or university, no degree",10,100,18,0.166666667,low,low,-2,0.55,0.037735849,-0.555036384,-0.978369224,0.486317159,0.710797584,0.329310803,Just clicking on who I thought would give me the 100 points,No.,Just clicking on who I thought would give me the 100 points ; No.,2.5,1.7,0.2,1.6,1.5,"Comprehension: [0.0, 0.1, 0.4, 0.4, 0.1]  
Judgment: [0.1, 0.3, 0.4, 0.2, 0.0]  
Evaluation: [0.8, 0.2, 0.0, 0.0, 0.0]  
Final Decision: [0.1, 0.4, 0.3, 0.2, 0.0]  
Confidence: [0.2, 0.3, 0.3, 0.2, 0.0]  

**Rationale:**

**Comprehension:** The participant's response indicates a basic understanding of the task (clicking for points), but lacks depth in explaining the rules or structure. The response suggests some grasp but not a sophisticated understanding, hence a higher probability for scores 2 and 3.

**Judgment:** The participant mentions a strategy (""clicking on who I thought would give me the 100 points""), showing some form of hypothesis or plan. However, the simplicity and lack of elaboration suggest a moderate score, leaning towards 2.

**Evaluation:** The participant does not reflect on the effectiveness of their strategy or provide reasons for its success or failure. The response strongly indicates an absence of evaluation, thus a high probability for score 0.

**Final Decision:** The participant does not clearly articulate a consistent rule or decision strategy, and the response to whether they switched strategies is a simple ""No."" This suggests some level of decision consistency but not a well-defined strategy, leading to a higher probability for lower scores.

**Confidence:** The participant's brief and simplistic response does not convey a strong sense of certainty or doubt about their approach. The probabilities are spread across the lower end of the scale, indicating varying levels of minimal confidence expression."
297,Female,White,"Master's degree (e.g., MA, MS, MEd)",5,5,47,0.111111111,low,low,0,0.58125,0,-0.208454065,0.330841421,0.574166951,0.360184028,-0.448233994,I just continued going with a person that was successful until they are not.,No,I just continued going with a person that was successful until they are not. ; No,2.1,2.8,1.4,3.4,1.5,"Comprehension: [0.0, 0.1, 0.7, 0.2, 0.0]  
Judgment: [0.0, 0.0, 0.3, 0.6, 0.1]  
Evaluation: [0.2, 0.3, 0.4, 0.1, 0.0]  
Final Decision: [0.0, 0.0, 0.1, 0.4, 0.5]  
Confidence: [0.1, 0.4, 0.4, 0.1, 0.0]  

Rationale:
- **Comprehension**: The participant seems to understand the basic idea of sticking with a choice until it fails, indicating some grasp of the task's rules or structure. However, the depth of understanding isn't fully clear, hence a higher probability for an ""Adequate"" score.
- **Judgment**: The participant's strategy of sticking with a successful option until failure suggests a clear plan or hypothesis was formed, leaning towards a ""Good"" score due to the simplicity yet effectiveness of such a strategy.
- **Evaluation**: The participant's reflection lacks a detailed evaluation of why their strategy worked or didn't work, only indicating a basic reflection on the strategy's outcome without deeper analysis. This suggests a score leaning towards ""Adequate.""
- **Final Decision**: The participant clearly states a consistent rule they applied throughout the task, which is to stick with a successful option until it fails. This strategy is straightforward and shows a higher level of decision-making clarity, hence a higher score towards ""Exemplary.""
- **Confidence**: The participant's brief and somewhat ambiguous reflection (""No"" at the end) suggests some uncertainty or minimal confidence in their approach or understanding, leading to a higher probability for an ""Adequate"" score."
407,Female,White,"Bachelor's degree (e.g., BA, BS)",10,5,47,0,low,low,-2,0.50625,0.019230769,-0.493822383,-2.662072002,0.446866911,0.505094517,-0.333849501,after two -50 I would look into a different deck.,No,after two -50 I would look into a different deck. ; No,2.5,3.1,2.9,3.4,3.4,"Comprehension: [0.0, 0.1, 0.4, 0.4, 0.1]  
Judgment: [0.0, 0.0, 0.2, 0.5, 0.3]  
Evaluation: [0.0, 0.0, 0.3, 0.5, 0.2]  
Final Decision: [0.0, 0.0, 0.1, 0.4, 0.5]  
Confidence: [0.0, 0.0, 0.1, 0.4, 0.5]  

Rationale:
- **Comprehension**: The participant shows some understanding of the task rules by indicating a response to negative outcomes (-50). The mention of ""different deck"" suggests they grasped the concept of multiple options and the need to switch under certain conditions. The probabilities reflect a good but not exemplary understanding.
- **Judgment**: The participant's strategy of switching decks after two negative outcomes indicates a planned approach to the task, suggesting a good level of judgment. The higher probabilities for scores 3 and 4 reflect this clear, though not highly sophisticated, planning.
- **Evaluation**: The participant's brief reflection on their strategy (""after two -50 I would look into a different deck"") implies some level of evaluation of their actions, though it lacks depth about why this strategy might be effective beyond the immediate response to loss. Thus, a higher score in the middle range is justified.
- **Final Decision**: The participant indicates a consistent rule (""after two -50 I would look into a different deck""), showing a clear decision strategy. The response is straightforward and shows a rational approach, meriting a higher score towards the upper end.
- **Confidence**: The participant does not explicitly express confidence, but the decisiveness in their strategy suggests a level of certainty. The absence of doubt or alternative considerations leads to higher probabilities for scores 3 and 4."
292,Male,White,Completed some postgraduate,5,5,47,0,low,low,0,0.475,0,-0.955895289,-3.918798321,0.393353684,1.178247714,-1.03402824,I normally stayed with one until they became consistently low rewarding,no,I normally stayed with one until they became consistently low rewarding ; no,2.5,2.8,3,3.4,2,"Comprehension: [0.0, 0.1, 0.4, 0.4, 0.1]  
Judgment: [0.0, 0.0, 0.3, 0.6, 0.1]  
Evaluation: [0.0, 0.0, 0.2, 0.6, 0.2]  
Final Decision: [0.0, 0.0, 0.1, 0.4, 0.5]  
Confidence: [0.1, 0.2, 0.4, 0.2, 0.1]  

Rationale:
- **Comprehension**: The participant shows some understanding of the task's structure by recognizing the reward patterns and responding to them. The response indicates a basic grasp but lacks depth in explaining the task rules or goals comprehensively.
- **Judgment**: The participant formed a basic plan to stick with one option until it became consistently low rewarding. This shows a clear strategy, though not highly sophisticated or detailed.
- **Evaluation**: The participant reflects on the effectiveness of their strategy by noting the change in reward consistency, which suggests some evaluation. However, the depth of this reflection is not fully developed.
- **Final Decision**: The participant describes a consistent rule they applied (sticking with one option until it was no longer rewarding), indicating a clear decision strategy. The response suggests a moderate to high level of strategic consistency.
- **Confidence**: The participant's confidence is somewhat ambiguous. The brief and straightforward response shows some level of certainty in their strategy, but the lack of elaboration or strong assertive language suggests only moderate confidence."
468,Male,Other,"High school degree or equivalent (e.g., GED)",10,I decline the question,24,1.176470588,low,low,1,0.66875,0.010416667,-0.049438957,-0.103726865,0.418982702,3.059924462,-1.279115521,I tried to look at patterns if I saw something work I would stick to it until I lost 50 points,no,I tried to look at patterns if I saw something work I would stick to it until I lost 50 points ; no,2.5,3.1,2.9,3.4,2.4,"Comprehension: [0.0, 0.1, 0.4, 0.4, 0.1]
Judgment: [0.0, 0.0, 0.2, 0.5, 0.3]
Evaluation: [0.0, 0.0, 0.3, 0.5, 0.2]
Final Decision: [0.0, 0.0, 0.1, 0.4, 0.5]
Confidence: [0.0, 0.2, 0.3, 0.4, 0.1]

Rationale:
- **Comprehension**: The participant shows an understanding of the task's feedback mechanism (sticking to a choice until losing points). The response indicates a basic grasp of task rules but lacks depth in explaining the overall goal or structure, hence a higher probability for scores 2 and 3.
- **Judgment**: The participant formed a plan based on observed outcomes (sticking with what works until a loss occurs). This shows a clear strategy formation, leaning towards a good understanding of how to approach the task, thus higher probabilities for scores 3 and 4.
- **Evaluation**: The participant reflects on the effectiveness of their strategy by mentioning sticking to it until a loss of points. This shows some evaluation but lacks depth on why this strategy was chosen or its effectiveness beyond the immediate outcome, leading to higher probabilities for scores 2 and 3.
- **Final Decision**: The participant describes a consistent rule or decision strategy (continuing with a choice until losing 50 points). This is a clear strategy, although not sophisticated, hence higher probabilities for scores 3 and 4.
- **Confidence**: The participant's expression shows some certainty in their approach but ends with uncertainty (""; no""). This mixed signal suggests moderate confidence with some doubt, leading to a balanced distribution with a slight lean towards score 3."
331,Male,White,"Some college or university, no degree",5,5,47,0.388888889,low,low,2,0.58125,0.018518519,-0.462543854,-2.099759466,0.471064743,1.094524411,-0.401965664,"I tried to find the person who got me the highest score, and stay with them until they stopped being productive.",No,"I tried to find the person who got me the highest score, and stay with them until they stopped being productive. ; No",2.1,3.1,1.5,3.2,1.1,"Comprehension: [0.0, 0.1, 0.7, 0.2, 0.0]
Judgment: [0.0, 0.0, 0.2, 0.5, 0.3]
Evaluation: [0.1, 0.4, 0.4, 0.1, 0.0]
Final Decision: [0.0, 0.0, 0.1, 0.6, 0.3]
Confidence: [0.3, 0.4, 0.2, 0.1, 0.0]

Rationale:
- **Comprehension**: The participant shows an understanding of the task's goal (maximizing score) and the basic strategy of sticking with a productive option. However, the reflection lacks depth in explaining the task structure or rules, hence a higher probability for an ""Adequate"" score.
- **Judgment**: The participant clearly formed a strategy based on the task's feedback (productive scores), indicating a plan to maximize outcomes. The reflection suggests a thoughtful approach, leaning towards a ""Good"" score.
- **Evaluation**: The participant's reflection on strategy effectiveness is minimal and lacks depth in analyzing why the strategy worked or didn't, thus scoring higher in the ""Rudimentary"" and ""Adequate"" ranges.
- **Final Decision**: The participant describes a consistent strategy of sticking with a productive option, indicating a clear decision rule. This suggests a stronger leaning towards ""Good"" and ""Exemplary"" scores.
- **Confidence**: The participant does not express strong certainty or doubt about their approach, showing some uncertainty in their brief response. This results in higher probabilities for lower scores in this dimension."
422,Female,White,Completed some postgraduate,5,5,47,0,low,low,-2,0.6625,0,-0.043799545,-0.168745553,0.478932145,2.147334434,0.500401041,If one dude gave me 100 I kept choosing him until he gave me a 50,"Nope, just kept clicking the 100 dudes until they changed","If one dude gave me 100 I kept choosing him until he gave me a 50 ; Nope, just kept clicking the 100 dudes until they changed",2.5,2.7,3.8,4,4,"Comprehension: [0.0, 0.0, 0.5, 0.5, 0.0]  
Judgment: [0.0, 0.0, 0.3, 0.7, 0.0]  
Evaluation: [0.0, 0.0, 0.0, 0.2, 0.8]  
Final Decision: [0.0, 0.0, 0.0, 0.0, 1.0]  
Confidence: [0.0, 0.0, 0.0, 0.0, 1.0]  

**Rationale:**

**Comprehension:**  
The participant shows an understanding of the task's basic mechanics (choosing the option that provides the highest reward) but does not elaborate on the structure or deeper rules of the task. The response indicates a basic grasp, hence the split between scores 2 and 3.

**Judgment:**  
The participant formed a simple plan: continue selecting the option that previously gave the highest reward. This shows some level of strategic planning, though not sophisticated. The higher probability towards a score of 3 reflects this basic but clear strategy.

**Evaluation:**  
The participant reflects on the effectiveness of their strategy by implicitly indicating that they persisted with it until the conditions changed (reward value decreased). This shows a good level of self-assessment, meriting a high score in evaluation.

**Final Decision:**  
The strategy described is consistent and clear: keep choosing the ""100 dudes"" until they no longer give 100. This is a definitive and unwavering strategy, deserving a full score.

**Confidence:**  
The participant's brief response exudes confidence in their chosen approach, with no expression of doubt or uncertainty about its effectiveness. The simplicity and assertiveness in the statement justify a high score in confidence."
315,Female,White,"Associate degree (e.g., AA, AS)",5,100,47,1.777777778,high,high,2,0.6625,0,0.107191415,-1.227841141,0.446542692,2.233280768,-1.072880846,"At the start of each round after a break, I started with black at the leftmost, as it always seemed to yield the most points for the longest duration. Afterwards, I would continue to choose the same person until I received negative points, then I would switch.","No, I continued with the strategy that I've outlined above. I kept choosing the same person as long as they gave me the most points, then I would switch to another person until I found the one that gave the most points again.","At the start of each round after a break, I started with black at the leftmost, as it always seemed to yield the most points for the longest duration. Afterwards, I would continue to choose the same person until I received negative points, then I would switch. ; No, I continued with the strategy that I've outlined above. I kept choosing the same person as long as they gave me the most points, then I would switch to another person until I found the one that gave the most points again.",3.4,3.5,3.3,3.8,3.6,"Comprehension: [0.0, 0.0, 0.1, 0.4, 0.5]  
Judgment: [0.0, 0.0, 0.1, 0.3, 0.6]  
Evaluation: [0.0, 0.0, 0.2, 0.3, 0.5]  
Final Decision: [0.0, 0.0, 0.0, 0.2, 0.8]  
Confidence: [0.0, 0.0, 0.1, 0.2, 0.7]  

Rationale:
- **Comprehension**: The participant clearly understood the task rules and structure, as evidenced by their strategy of starting with a specific choice and switching based on the outcome. The reflection shows a good grasp of the task's goal, hence the high scores in the upper range.
- **Judgment**: The participant formed a clear hypothesis about how to act, starting with a specific choice and then switching based on feedback. This indicates a well-thought-out plan, meriting a high score.
- **Evaluation**: The participant reflected on the effectiveness of their strategy by noting the continuation of their approach until it failed, and then switching. This shows a good level of self-assessment, deserving a higher score.
- **Final Decision**: The participant described a consistent rule or decision strategy throughout the task, which was to stick with a choice until it no longer yielded positive results. This clear and consistent strategy justifies a high score.
- **Confidence**: The participant expressed a high level of certainty in their approach, consistently applying the same strategy throughout the task and clearly articulating this method in their reflection. This confidence in their strategy supports a higher score."
139,Male,White,"Bachelor's degree (e.g., BA, BS)",5,5,47,1.388888889,low,high,-1,0.36875,0.013157895,-0.027084404,0.96440635,0.634453914,-1.124245045,-1.863388477,As soon as I hit a streak of negatives I switched.  Mostly ignored black after first round.,Not after the first round.,As soon as I hit a streak of negatives I switched.  Mostly ignored black after first round. ; Not after the first round.,3,3.1,2.5,3.4,3.3,"Comprehension: [0.0, 0.0, 0.3, 0.4, 0.3]  
Judgment: [0.0, 0.0, 0.2, 0.5, 0.3]  
Evaluation: [0.0, 0.1, 0.4, 0.4, 0.1]  
Final Decision: [0.0, 0.0, 0.1, 0.4, 0.5]  
Confidence: [0.0, 0.0, 0.2, 0.3, 0.5]  

**Rationale:**

**Comprehension:** The participant shows a basic understanding of the task rules by indicating a response to negative outcomes and a decision to ignore a specific option after the first round. The reflection suggests a moderate understanding but lacks depth in explaining the structure or goal beyond immediate reactions, hence the higher probabilities for scores 2 and 3.

**Judgment:** The participant's strategy to switch upon encountering negatives indicates some level of planning or hypothesis formation about how to act. The reflection, however, does not elaborate on the reasoning behind the strategy, leading to a higher score in the middle range, with a lean towards a good understanding.

**Evaluation:** The participant reflects on the effectiveness of their strategy by indicating a switch after a streak of negatives, suggesting some evaluation. However, the depth of this evaluation is not fully clear, as there is no detailed analysis of why the strategy worked or didn't, thus the higher probabilities for scores 2 and 3.

**Final Decision:** The participant describes a consistent rule or decision strategy by mostly ignoring the black option after the first round. This indicates a clear decision strategy, but the reflection lacks a sophisticated explanation of this choice, leading to a higher probability for scores 3 and 4.

**Confidence:** The participant's reflection shows some confidence in their approach by clearly stating their actions in response to the game's feedback. However, there is no explicit expression of certainty or doubt about their overall understanding or strategy, leading to a higher probability for scores 3 and 4, indicating a good level of confidence but not exemplary."
206,Female,White,"High school degree or equivalent (e.g., GED)",5,5,24,0.055555556,low,low,0,0.61875,0.017857143,-0.021917994,-0.638767681,0.439287176,2.047540121,0.313564462,"I tried to keep clicking the same person until the turned red, and then tried to find a better person, if there was one.",No,"I tried to keep clicking the same person until the turned red, and then tried to find a better person, if there was one. ; No",2.5,3.1,1.7,3.4,3.4,"Comprehension: [0.0, 0.1, 0.4, 0.4, 0.1]  
Judgment: [0.0, 0.0, 0.2, 0.5, 0.3]  
Evaluation: [0.1, 0.3, 0.4, 0.2, 0.0]  
Final Decision: [0.0, 0.0, 0.1, 0.4, 0.5]  
Confidence: [0.0, 0.0, 0.1, 0.4, 0.5]  

**Rationale:**

**Comprehension:** The participant shows a basic understanding of the task's mechanics (clicking until a change occurs), but the reflection lacks depth on the overall goal or rules beyond this mechanic. The probabilities reflect a stronger leaning towards ""Adequate"" and ""Good"" comprehension, with a slight possibility of ""Exemplary"" due to understanding the change trigger.

**Judgment:** The participant describes a clear strategy of sticking with one choice until a negative outcome, indicating some planning and hypothesis formation. The probabilities favor ""Good"" and ""Exemplary"" as the participant not only formed a plan but also adapted it based on outcomes.

**Evaluation:** The participant reflects minimally on the effectiveness of their strategy by indicating a shift upon a negative outcome, but does not deeply analyze why this might be effective or not. The probabilities are distributed more towards ""Adequate"" and ""Good,"" with some room for ""Rudimentary"" due to the lack of depth in reflection.

**Final Decision:** The participant describes a consistent rule they applied (sticking with one choice until it fails), which shows a clear decision strategy. The probabilities are skewed towards ""Good"" and ""Exemplary"" as the strategy is clearly articulated.

**Confidence:** The participant does not explicitly express confidence or doubt, but the clarity in describing their strategy suggests some level of confidence. The probabilities are therefore leaning more towards ""Good"" and ""Exemplary,"" with a small chance of ""Adequate"" due to the lack of explicit confidence expression."
427,Female,White,"Associate degree (e.g., AA, AS)",10,5,47,0,low,low,-2,0.55,0,-0.317443933,-2.458509764,0.479142861,0.172059386,-0.640306139,I just watched how many negatives I got and if I got more than 3 I would switch. or if it went back and forth between 100 and -50 I would check the other 2 people.,no,I just watched how many negatives I got and if I got more than 3 I would switch. or if it went back and forth between 100 and -50 I would check the other 2 people. ; no,2.5,3.1,2.9,3.4,1.7,"Comprehension: [0.0, 0.1, 0.4, 0.4, 0.1]  
Judgment: [0.0, 0.0, 0.2, 0.5, 0.3]  
Evaluation: [0.0, 0.0, 0.3, 0.5, 0.2]  
Final Decision: [0.0, 0.0, 0.1, 0.4, 0.5]  
Confidence: [0.1, 0.3, 0.4, 0.2, 0.0]  

**Rationale:**

**Comprehension:** The participant shows a basic understanding of the task's feedback mechanism (negative scores) and uses this to guide decisions. The strategy of switching after a certain number of negatives or specific score patterns indicates an understanding of the task's probabilistic nature, though not deeply elaborated. Hence, a higher probability is given to scores 2 and 3.

**Judgment:** The participant clearly formed a plan based on the feedback (negative scores and score patterns). The strategy is articulated with specific conditions for switching, showing a good level of planning and hypothesis formation. This warrants higher probabilities for scores 3 and 4.

**Evaluation:** The participant reflects on the effectiveness of their strategy by monitoring outcomes (number of negatives) and adjusting based on these observations. This shows some level of strategy evaluation, meriting a higher score in the 3 range, with some possibility for a 4.

**Final Decision:** The participant describes a consistent rule for decision-making based on the observed outcomes, which indicates a clear final decision strategy. The strategy, while not complex, is consistently applied, justifying higher scores in the 3 and 4 range.

**Confidence:** The participant's expression shows some uncertainty and lack of depth in their confidence about the strategy, as indicated by the simplistic nature of the strategy and the brief explanation. This suggests moderate confidence, leaning more towards doubt, hence a higher probability for score 2."
83,Male,White,"Bachelor's degree (e.g., BA, BS)",10,5,47,0,low,low,-1,0.5625,0,-1.074086703,-3.643298689,0.425152563,0.779570965,-1.114786129,"I did not use any real strategy, just luck.",No,"I did not use any real strategy, just luck. ; No",3.9,0.2,0.2,3.9,3.9,"Comprehension: [0.0, 0.0, 0.0, 0.1, 0.9]  
Judgment: [0.8, 0.2, 0.0, 0.0, 0.0]  
Evaluation: [0.8, 0.2, 0.0, 0.0, 0.0]  
Final Decision: [0.0, 0.0, 0.0, 0.1, 0.9]  
Confidence: [0.0, 0.0, 0.0, 0.1, 0.9]  

**Rationale:**
- **Comprehension:** The participant's response indicates a high level of understanding of the task's probabilistic nature by acknowledging the reliance on ""luck,"" which suggests a sophisticated insight into the randomness inherent in the task. This is why the probability is skewed towards a higher score.
- **Judgment:** The participant explicitly states they did not use a ""real strategy,"" indicating a lack of deliberate planning or hypothesis formation about how to approach the task. This is reflected in the high probability for a lower score.
- **Evaluation:** Similar to judgment, the participant does not reflect on the effectiveness of their approach (since they claim to not have used a strategy), leading to a high probability of a lower score.
- **Final Decision:** The participant's consistent adherence to not using a strategy and relying on luck throughout the task shows a clear, albeit unconventional, decision strategy. This is recognized with a higher score.
- **Confidence:** The participant's use of a casual tone (""just luck. ; No"") and the clear, albeit brief, statement of their approach suggests a high level of confidence in their understanding and approach, despite its simplicity. This is why the score is skewed towards a higher rating."
264,Female,White,"Bachelor's degree (e.g., BA, BS)",5,5,47,0.333333333,low,low,-1,0.58125,0.01,0.007564144,-0.325211911,0.485594276,2.006239785,0.381902707,"I stayed with someone as long as it was going well, and left after one or more negative outcomes.",No,"I stayed with someone as long as it was going well, and left after one or more negative outcomes. ; No",3,3.1,3,3.7,3.8,"Comprehension: [0.0, 0.0, 0.3, 0.4, 0.3]  
Judgment: [0.0, 0.0, 0.2, 0.5, 0.3]  
Evaluation: [0.0, 0.0, 0.3, 0.4, 0.3]  
Final Decision: [0.0, 0.0, 0.0, 0.3, 0.7]  
Confidence: [0.0, 0.0, 0.0, 0.2, 0.8]  

Rationale:
- **Comprehension**: The participant shows a basic understanding of the task's mechanics by describing their approach to staying with a choice as long as it yielded positive outcomes and switching after negative outcomes. This indicates a grasp of the task's probabilistic nature and the need for adaptation, suggesting a score between 2 and 4.
- **Judgment**: The participant's strategy formulation is evident as they describe a clear if-then conditional approach (""stayed with someone as long as it was going well, and left after one or more negative outcomes""). This reflects a planned approach to decision-making, meriting a score between 2 and 4.
- **Evaluation**: The participant implicitly evaluates their strategy by indicating the conditions under which they would switch choices, suggesting some level of reflection on the strategy's effectiveness. This warrants a score between 2 and 4.
- **Final Decision**: The participant clearly articulates a consistent rule or decision strategy (""stayed with someone as long as it was going well, and left after one or more negative outcomes""), which is a direct and clear statement of their final decision-making process. This suggests a higher score, likely between 3 and 4.
- **Confidence**: The participant does not express any doubt or uncertainty about their strategy, as indicated by the straightforward and unqualified nature of their response. This suggests a high level of confidence in their understanding and approach, justifying a score between 3 and 4."
89,Female,"Asian,Black or African American","Bachelor's degree (e.g., BA, BS)",5,100,47,0.388888889,low,low,-2,0.6125,0.242943986,-0.206538895,-0.037745456,0.594133186,0.431757839,-0.445704174,I tried to figure out the patterns.,"Yes, I tried to figure out the pattern and started guessing until I figured it out.","I tried to figure out the patterns. ; Yes, I tried to figure out the pattern and started guessing until I figured it out.",2.5,2.8,1.4,3.1,1.7,"Comprehension: [0.0, 0.1, 0.4, 0.4, 0.1]  
Judgment: [0.0, 0.0, 0.3, 0.6, 0.1]  
Evaluation: [0.2, 0.3, 0.4, 0.1, 0.0]  
Final Decision: [0.0, 0.0, 0.2, 0.5, 0.3]  
Confidence: [0.1, 0.3, 0.4, 0.2, 0.0]  

Rationale:
- **Comprehension**: The participant indicates a basic understanding of the task by attempting to ""figure out the patterns."" This suggests some grasp of the task's structure, but the depth of understanding is not fully clear. The response is somewhat vague, hence a higher probability for scores 2 and 3.
- **Judgment**: The participant mentions forming a plan to ""start guessing until I figured it out,"" which shows an initial hypothesis about how to approach the task. This indicates a clear judgment process, but not a sophisticated one, leading to a higher probability for score 3.
- **Evaluation**: The reflection lacks a detailed evaluation of whether the strategy was effective beyond the implication that the participant eventually ""figured it out."" There is some reflection, but it's not deeply insightful or comprehensive, hence a higher probability for score 2.
- **Final Decision**: The participant describes a consistent approach of guessing to identify patterns, which shows some decision-making. However, the strategy is not highly sophisticated or detailed, leading to a higher probability for scores 3 and 4.
- **Confidence**: The participant does not explicitly express confidence or doubt about their strategy. The reflection suggests some level of uncertainty in the approach (""started guessing""), leading to a higher probability for score 2."
355,Male,White,"Bachelor's degree (e.g., BA, BS)",10,100,47,0.777777778,low,high,-2,0.625,0,-0.442711843,-0.923515307,0.464212208,1.857207589,-0.583424265,Yes.  I looked to stick with a successful card as long as it remained positive.  I tested the change in trend with a specific pattern of selection.,"Yes,","Yes.  I looked to stick with a successful card as long as it remained positive.  I tested the change in trend with a specific pattern of selection. ; Yes,",2.5,3.1,2.9,3.4,2.7,"Comprehension: [0.0, 0.1, 0.4, 0.4, 0.1]  
Judgment: [0.0, 0.0, 0.2, 0.5, 0.3]  
Evaluation: [0.0, 0.0, 0.3, 0.5, 0.2]  
Final Decision: [0.0, 0.0, 0.1, 0.4, 0.5]  
Confidence: [0.0, 0.1, 0.3, 0.4, 0.2]  

Rationale:
- **Comprehension**: The participant shows an understanding of the task by sticking with a successful card and testing changes, indicating some grasp of the task's rules and goals. The response is not very detailed but suggests adequate comprehension.
- **Judgment**: The participant mentions using a specific pattern to test changes, which indicates forming a hypothesis or plan. The clarity and depth are moderate, suggesting a good level of judgment.
- **Evaluation**: The participant reflects on their strategy by mentioning the use of a specific pattern to test changes, which implies some evaluation of the strategy's effectiveness. The depth of this reflection is not fully detailed, hence a higher score in the middle range.
- **Final Decision**: The participant describes sticking with a successful card and testing changes with a pattern, indicating a consistent decision strategy. The clarity of this strategy is moderate to high.
- **Confidence**: The participant's expression shows some certainty in their approach by sticking to a plan and testing changes, but the brevity and lack of explicit confidence markers lead to a moderate score."
49,Female,White,"Bachelor's degree (e.g., BA, BS)",5,5,47,1.222222222,low,high,-2,0.58125,0.308510638,-0.137114279,0.700236685,0.548304957,0.655846725,-1.495808378,No,No,No ; No,0,0,0,0,0,Auto-scored due to empty or trivial reflection.
183,Male,White,"Bachelor's degree (e.g., BA, BS)",5,5,47,0.277777778,low,low,-2,0.54375,0,-0.801797148,-3.364682351,0.451794211,0.368856662,-1.954969957,"not really, just tried all colors and they all seemed to be half good and half bad at times",no,"not really, just tried all colors and they all seemed to be half good and half bad at times ; no",2.1,1.6,1.2,2.5,1.7,"Comprehension: [0.0, 0.3, 0.4, 0.2, 0.1]  
Judgment: [0.1, 0.4, 0.3, 0.2, 0.0]  
Evaluation: [0.2, 0.5, 0.2, 0.1, 0.0]  
Final Decision: [0.0, 0.1, 0.4, 0.4, 0.1]  
Confidence: [0.1, 0.3, 0.4, 0.2, 0.0]  

**Rationale:**

**Comprehension:** The participant shows a basic understanding of the task as they recognized the variability in outcomes (""half good and half bad""). However, there is no clear indication that they fully grasped the rules or goals beyond trying all options. Hence, a higher probability is given to a score of 2 (Adequate).

**Judgment:** The participant's strategy (""just tried all colors"") suggests a rudimentary plan without much sophistication or adaptation. The reflection lacks depth in strategic planning, leading to a higher probability for a score of 1 (Rudimentary).

**Evaluation:** The participant does reflect on the effectiveness of their strategy by noting the mixed results, but there is no deeper analysis or reasoning about why this was the case. This warrants a higher probability for a score of 1 (Rudimentary).

**Final Decision:** The participant does not describe a consistent rule or decision strategy they ultimately applied, as they mention not switching strategies and only trying all options. This suggests some level of decision-making but not a refined or consistent strategy, leading to a higher probability for a score of 2 (Adequate).

**Confidence:** The participant's expression shows some uncertainty and lack of commitment to their approach (""no""), indicating they were not confident about their strategy. This suggests a higher probability for a score of 2 (Adequate), reflecting some doubt but not complete uncertainty."
33,Female,White,"Bachelor's degree (e.g., BA, BS)",0.05,5,47,0,low,low,-2,0.6375,0.021276596,-0.403364231,-1.703227919,0.433855172,1.619234765,-0.348540417,I switched whenever a partner gave me a negative,No,I switched whenever a partner gave me a negative ; No,2.5,1.7,1.3,1.7,1.1,"Comprehension: [0.0, 0.1, 0.4, 0.4, 0.1]  
Judgment: [0.1, 0.3, 0.4, 0.2, 0.0]  
Evaluation: [0.2, 0.4, 0.3, 0.1, 0.0]  
Final Decision: [0.1, 0.3, 0.4, 0.2, 0.0]  
Confidence: [0.3, 0.4, 0.2, 0.1, 0.0]  

**Rationale:**

**Comprehension:** The participant's response indicates a basic understanding of the task's feedback mechanism (responding to negative feedback), but lacks a clear articulation of the overall task structure or goals. The response suggests some understanding but not a comprehensive grasp, hence a higher probability for scores 2 and 3.

**Judgment:** The participant mentions a decision-making criterion (switching strategies based on feedback), which shows some level of planning or hypothesis formation. However, the explanation is not detailed, leading to a higher probability for scores 1 and 2.

**Evaluation:** The participant's reflection on the effectiveness of their strategy is implied but not explicitly discussed. They mention switching strategies based on feedback, which suggests some evaluation, but without depth or reasoning about why this approach was chosen or its effectiveness, leading to higher probabilities for scores 1 and 2.

**Final Decision:** The participant indicates a decision rule (switching on negative feedback), but the strategy is not elaborated upon or justified with deeper reasoning. This suggests an adequate level of decision-making clarity but not a sophisticated or fully consistent strategy, hence a higher probability for score 2.

**Confidence:** The participant does not express clear confidence or doubt about their strategy; the response is somewhat ambiguous and lacks depth in expressing certainty about the approach. This ambiguity leads to higher probabilities for lower scores, with a peak at score 1."
117,Male,White,"Associate degree (e.g., AA, AS)",0.1,100,24,0.166666667,low,low,-3,0.56875,0.018229167,-0.123184705,-0.648388623,0.407236586,2.068390663,-0.156604202,I just tried to find the best one that gave me the most consistent price,"No, I didn't switch I just tried to keep it steady and with the most consistent which tend to be blue.","I just tried to find the best one that gave me the most consistent price ; No, I didn't switch I just tried to keep it steady and with the most consistent which tend to be blue.",2.5,2.8,1.7,3.4,3.1,"Comprehension: [0.0, 0.1, 0.4, 0.4, 0.1]  
Judgment: [0.0, 0.0, 0.3, 0.6, 0.1]  
Evaluation: [0.1, 0.3, 0.4, 0.2, 0.0]  
Final Decision: [0.0, 0.0, 0.1, 0.4, 0.5]  
Confidence: [0.0, 0.0, 0.2, 0.5, 0.3]  

**Rationale:**

**Comprehension:** The participant shows a basic understanding of the task's goal, which was to find the most consistent option. However, the depth of understanding regarding the task structure or rules isn't fully articulated, hence a higher probability in the middle range (2 and 3).

**Judgment:** The participant formed a basic plan to find the most consistent option and stuck with it, indicating some level of strategic planning. The clarity and depth of this plan are somewhat evident, leading to a higher score in the 'Good' range.

**Evaluation:** The participant reflects minimally on the effectiveness of their strategy by mentioning consistency but does not delve into why this strategy worked or didn't work beyond a superficial level. This warrants a higher score in the 'Adequate' range.

**Final Decision:** The participant clearly states that they did not switch strategies and chose to stick with what seemed most consistent. This shows a clear decision-making process, leaning towards a higher score in the 'Good' to 'Exemplary' range.

**Confidence:** The participant expresses a level of certainty in their approach by sticking to one strategy throughout the task. However, there isn't a strong expression of confidence or self-doubt, which places the score predominantly in the 'Good' range."
240,Male,Decline to answer,Decline to answer,5,5,47,0,low,low,-2,0.59375,0.008196722,0.067373588,0.109826034,0.46998504,2.572117591,-0.418290728,"I held on the same image until it had a negative point, then I switched and repeated the same process",No,"I held on the same image until it had a negative point, then I switched and repeated the same process ; No",3,3.1,2,3.4,3.5,"Comprehension: [0.0, 0.0, 0.3, 0.4, 0.3]  
Judgment: [0.0, 0.0, 0.2, 0.5, 0.3]  
Evaluation: [0.1, 0.2, 0.4, 0.2, 0.1]  
Final Decision: [0.0, 0.0, 0.1, 0.4, 0.5]  
Confidence: [0.0, 0.0, 0.1, 0.3, 0.6]  

**Rationale:**

**Comprehension:** The participant shows a basic understanding of the task rules by describing a strategy of sticking with one option until it fails. The response indicates an understanding of the task's probabilistic nature and the need for strategy adjustment, hence the higher probabilities towards the upper end of the scale.

**Judgment:** The participant's strategy formulation (""held on the same image until it had a negative point, then I switched"") reflects a clear plan of action, suggesting a good level of judgment. The response, however, lacks depth in explaining the rationale behind the choice, which prevents the highest score.

**Evaluation:** The participant does not provide a detailed reflection on the effectiveness of their strategy beyond a simple action-reaction sequence. There is minimal insight into why they believe their strategy worked or didn't, hence the moderate probabilities in the middle of the scale.

**Final Decision:** The participant describes a consistent rule or decision strategy (""held on the same image until it had a negative point, then I switched""), which they applied throughout the task. This shows a clear final decision strategy, meriting a higher score, but the lack of nuanced explanation or adaptation prevents a full score.

**Confidence:** The participant's brief and straightforward response suggests a level of confidence in their strategy, as they did not express any doubt or uncertainty about their approach. The lack of questioning or exploring alternatives further supports a higher confidence score."
415,Male,White,"Master's degree (e.g., MA, MS, MEd)",10,100,24,2.555555556,high,high,-1,0.49375,0.153726708,-0.053969757,0.954912291,0.636822179,-0.997149656,-1.829955075,no,no,no ; no,0,0,0,0,0,Auto-scored due to empty or trivial reflection.
102,Male,Black or African American,"Bachelor's degree (e.g., BA, BS)",0.05,5,47,2.588235294,low,high,1,0.43125,0.290189126,-0.040008698,0.975537231,0.60789379,-1.642558788,-1.962861691,"Not really, just stayed with the 100 option until it changed more than twice in a row, and then randomly chose until I found another steady 100 option.",No.,"Not really, just stayed with the 100 option until it changed more than twice in a row, and then randomly chose until I found another steady 100 option. ; No.",3,3.1,2,3.4,3.5,"Comprehension: [0.0, 0.0, 0.3, 0.4, 0.3]  
Judgment: [0.0, 0.0, 0.2, 0.5, 0.3]  
Evaluation: [0.1, 0.2, 0.4, 0.2, 0.1]  
Final Decision: [0.0, 0.0, 0.1, 0.4, 0.5]  
Confidence: [0.0, 0.0, 0.1, 0.3, 0.6]  

**Rationale:**

**Comprehension:** The participant understood the task rules to some extent, as indicated by their strategy of sticking with an option until it failed multiple times. This shows a basic grasp of the task's probabilistic nature and the need for reversal. The probabilities reflect a good understanding but not a sophisticated insight into the task's deeper mechanics or goals.

**Judgment:** The participant formed a basic plan (sticking with an option until it failed repeatedly), which shows some judgment. The higher probabilities for scores 3 and 4 reflect that the participant had a clear plan, though it was not highly sophisticated or varied.

**Evaluation:** The participant did reflect minimally on their strategy's effectiveness, as they mentioned switching after repeated failures. However, the reflection lacks depth on why this strategy was chosen or its effectiveness beyond the immediate results. The distribution leans towards an adequate score, acknowledging some evaluation but not a thorough analysis.

**Final Decision:** The participant described a consistent rule they applied (sticking with an option until it failed multiple times), which shows a clear decision strategy. The higher probabilities for scores 3 and 4 reflect this clarity and consistency in their approach.

**Confidence:** The participant did not express explicit confidence or doubt about their strategy, but the simplicity and adherence to their rule suggest a level of implicit confidence. The higher probabilities for scores 3 and 4 reflect this inferred confidence from their consistent application of the strategy without questioning or modifying it significantly."
159,Male,White,"High school degree or equivalent (e.g., GED)",5,5,47,0,low,low,1,0.33125,0.034005629,-0.037002266,0.976693678,0.629599126,-1.329197485,-1.906665238,I would go through all of them and the first one to give me 100 I tried to stay with,Not really. It stayed about the same besides 1 round where I got mostly -50,I would go through all of them and the first one to give me 100 I tried to stay with ; Not really. It stayed about the same besides 1 round where I got mostly -50,2.5,2.9,3.1,3.4,2.7,"Comprehension: [0.0, 0.1, 0.4, 0.4, 0.1]
Judgment: [0.0, 0.0, 0.3, 0.5, 0.2]
Evaluation: [0.0, 0.0, 0.2, 0.5, 0.3]
Final Decision: [0.0, 0.0, 0.1, 0.4, 0.5]
Confidence: [0.0, 0.1, 0.3, 0.4, 0.2]

**Rationale:**

**Comprehension:** The participant shows a basic understanding of the task by recognizing the reward system (e.g., ""the first one to give me 100""). However, the explanation lacks depth about the overall structure or goal beyond immediate rewards, suggesting a score leaning towards ""Adequate"" but with some room for ""Good.""

**Judgment:** The participant formed a basic plan (""go through all of them and the first one to give me 100 I tried to stay with""), indicating some strategy formulation. The clarity and simplicity of the plan suggest a score between ""Adequate"" and ""Good,"" with a slight possibility of ""Exemplary"" due to the straightforwardness and effectiveness of the approach.

**Evaluation:** The participant reflects on the strategy's effectiveness, particularly noting an exception (""besides 1 round where I got mostly -50""). This shows some evaluation of the strategy's performance, warranting a score between ""Adequate"" and ""Good,"" with some potential for ""Exemplary"" due to the acknowledgment of specific outcomes affecting their strategy.

**Final Decision:** The participant indicates a consistent rule or decision strategy (""I tried to stay with"") but also notes a deviation in one instance. This suggests a score between ""Adequate"" and ""Exemplary,"" leaning more towards ""Good"" and ""Exemplary"" because they describe sticking to a decision rule despite a noted exception.

**Confidence:** The participant's confidence in their strategy is implied but not strongly articulated. They do not express strong doubt or certainty, suggesting a score between ""Adequate"" and ""Good,"" with some probability for ""Rudimentary"" due to the lack of explicit confidence expression."
455,Male,White,"High school degree or equivalent (e.g., GED)",0.05,5,47,1.833333333,high,high,-2,0.6125,0.112553191,0.043863155,0.69198503,0.555535828,0.531158153,-0.717612954,I tried to click the one I saw winning more often.,no,I tried to click the one I saw winning more often. ; no,2.1,2.8,0.2,2.9,0.4,"Comprehension: [0.0, 0.1, 0.7, 0.2, 0.0]
Judgment: [0.0, 0.0, 0.3, 0.6, 0.1]
Evaluation: [0.8, 0.2, 0.0, 0.0, 0.0]
Final Decision: [0.0, 0.0, 0.2, 0.7, 0.1]
Confidence: [0.7, 0.2, 0.1, 0.0, 0.0]

Rationale:
- **Comprehension**: The participant's statement ""I tried to click the one I saw winning more often"" suggests a basic understanding of the task's goal, which is to select the option that appears most successful. This indicates some comprehension, but the lack of detail about the task structure or deeper understanding of the rules limits the score to mostly Adequate (2).
- **Judgment**: The participant's strategy of selecting the option observed as most successful implies a basic plan or hypothesis was formed. The clarity of this strategy is somewhat evident, leading to a score leaning towards Good (3), with some probability for Adequate (2) due to lack of depth in strategic planning.
- **Evaluation**: The participant did not reflect on whether their strategy was effective or why it might have worked or failed, as indicated by the terse response and the absence of any evaluative comments. This dimension scores predominantly as Absent (0).
- **Final Decision**: The participant seems to have stuck with their initial strategy throughout, as indicated by the lack of mention of any strategy change and the brief confirmation ""; no"" to not switching strategies. This suggests a consistent rule was applied, scoring mostly as Good (3) due to the clarity of sticking to a single decision strategy.
- **Confidence**: The participant's brief and somewhat casual response, especially the use of a semicolon and ""no"" without further explanation, suggests a lack of expressed certainty or reflection on their understanding of the task. This dimension is scored predominantly as Absent (0) with some probability for Rudimentary (1) due to minimal expression of confidence."
449,Male,Black or African American,"Associate degree (e.g., AA, AS)",0.05,100,47,0,low,low,0,0.7,0,-0.361265525,-1.642144947,0.483436358,0.774895996,0.18921383,no,no,no ; no,0,0,0,0,0,Auto-scored due to empty or trivial reflection.
250,Female,White,"Some college or university, no degree",5,5,1,0,low,low,0,0.6875,0,-0.693958885,-1.485164353,0.452814643,1.461425359,-0.111281028,no,No. Just switching between the choices.,no ; No. Just switching between the choices.,2.5,1.7,0.2,1.5,1.5,"Comprehension: [0.0, 0.1, 0.4, 0.4, 0.1]  
Judgment: [0.1, 0.3, 0.4, 0.2, 0.0]  
Evaluation: [0.8, 0.2, 0.0, 0.0, 0.0]  
Final Decision: [0.1, 0.4, 0.4, 0.1, 0.0]  
Confidence: [0.2, 0.3, 0.3, 0.2, 0.0]  

**Rationale:**

**Comprehension:** The participant's response indicates a basic understanding of the task as they were aware of the need to switch between choices. However, the depth of understanding regarding the structure or goal of the task is not clear. The response suggests some comprehension but lacks depth, hence a higher probability for a score of 2 or 3.

**Judgment:** The participant's strategy of ""Just switching between the choices"" implies a rudimentary plan or hypothesis about how to act, but it lacks sophistication or a clear rationale. This suggests a higher probability for a score of 2, with some possibility of lower scores due to the minimalistic nature of the strategy.

**Evaluation:** The participant did not reflect on whether their strategy worked or why, which suggests a high probability for a score of 0. There is a slight chance for a score of 1, considering they might have implicitly evaluated their strategy by continuing to use it.

**Final Decision:** The participant described a consistent rule or decision strategy (""Just switching between the choices""), but it is very basic and lacks sophistication. This suggests a higher probability for a score of 2, with some chance for a score of 1 due to the simplicity of the strategy.

**Confidence:** The participant did not express any explicit confidence or doubt about their approach. The response lacks any strong indicators of self-assurance or uncertainty, leading to a balanced distribution across lower scores, with a slight lean towards a score of 2 due to the neutral nature of the statement."
309,Female,"Asian,White","Bachelor's degree (e.g., BA, BS)",0.1,100,47,0,low,low,2,0.5875,0.238095238,-0.004875962,0.082756536,0.533689613,1.016148832,-0.706679406,"My strategy was to click a person until they stopped working in my favor, and then I switched to one of the other two. I would try to avoid clicking any person more often than any others, when looking for someone new when my current selection betrays me.","In round 3 and 4 the strategy did not work as well, because the selections were not as loyal. Few times, if any, did a selection stay productive on consecutive clicks.","My strategy was to click a person until they stopped working in my favor, and then I switched to one of the other two. I would try to avoid clicking any person more often than any others, when looking for someone new when my current selection betrays me. ; In round 3 and 4 the strategy did not work as well, because the selections were not as loyal. Few times, if any, did a selection stay productive on consecutive clicks.",3.3,3,3.2,3.3,2.8,"Comprehension: [0.0, 0.0, 0.2, 0.3, 0.5]
Judgment: [0.0, 0.0, 0.3, 0.4, 0.3]
Evaluation: [0.0, 0.0, 0.2, 0.4, 0.4]
Final Decision: [0.0, 0.0, 0.2, 0.3, 0.5]
Confidence: [0.0, 0.1, 0.3, 0.3, 0.3]

Rationale:
- **Comprehension**: The participant shows a good understanding of the task rules and goals, as evidenced by their strategy of switching between options based on performance. The reflection indicates a grasp of the task's probabilistic nature and the need for adaptation, suggesting a score leaning towards exemplary.
- **Judgment**: The participant clearly formed a strategy based on the performance of their choices, indicating a plan of action. They also adapted their strategy in later rounds, showing a thoughtful approach to decision-making.
- **Evaluation**: The participant reflects on the effectiveness of their strategy, particularly noting its decreased effectiveness in later rounds. This self-assessment shows a good level of metacognitive evaluation.
- **Final Decision**: The participant describes a consistent rule or decision strategy of switching based on performance and trying to balance the frequency of choices. This indicates a clear and somewhat sophisticated decision-making process.
- **Confidence**: The participant expresses some uncertainty about the effectiveness of their strategy, especially in later rounds, which shows self-awareness but also some doubt. This mixed expression suggests a moderate level of confidence."
29,Male,White,"Bachelor's degree (e.g., BA, BS)",5,5,47,0,low,low,0,0.6875,0.045292208,-0.032943813,0.127643184,0.453195784,2.193233086,0.100634391,"If I lost 2/3 times, I would switch.",No.,"If I lost 2/3 times, I would switch. ; No.",3,3.1,3,3.7,3.8,"Comprehension: [0.0, 0.0, 0.3, 0.4, 0.3]  
Judgment: [0.0, 0.0, 0.2, 0.5, 0.3]  
Evaluation: [0.0, 0.0, 0.3, 0.4, 0.3]  
Final Decision: [0.0, 0.0, 0.0, 0.3, 0.7]  
Confidence: [0.0, 0.0, 0.0, 0.2, 0.8]  

Rationale:
- **Comprehension**: The participant's strategy of switching after losing 2/3 times suggests a basic understanding of the task's probabilistic nature and the need for strategy adjustment. The response indicates a moderate to good grasp of the task rules and goals, hence the higher probabilities for scores 2 to 4.
- **Judgment**: The participant's decision to switch after a specific loss ratio shows a planned approach, indicating a clear judgment about how to act under certain conditions. The response leans more towards a good understanding, thus higher probabilities for scores 3 and 4.
- **Evaluation**: The participant implicitly reflects on the effectiveness of their strategy by setting a condition for switching, suggesting some evaluation of their approach's success. This is not deeply detailed but shows some reflection, leading to moderate to good scores.
- **Final Decision**: The clear rule of ""If I lost 2/3 times, I would switch"" shows a consistent decision strategy, which is well-articulated. This warrants a higher score, predominantly in the range of 3 to 4.
- **Confidence**: The participant's brief and straightforward response, especially the firm ""No"" to changing strategies, reflects a high level of confidence in their chosen approach. This suggests a strong belief in their decision-making process, justifying higher scores in confidence."
362,Female,White,"Associate degree (e.g., AA, AS)",5,5,24,0.222222222,low,low,-2,0.64375,0,0.001440049,-1.015045697,0.439583454,1.966789133,-0.973579981,The strategy was once you would the plus points they usually went back to the plus choice after one or two tries of the other card.,No I didn't switch strategies.,The strategy was once you would the plus points they usually went back to the plus choice after one or two tries of the other card. ; No I didn't switch strategies.,3,3.1,1.7,3.4,3.4,"Comprehension: [0.0, 0.0, 0.3, 0.4, 0.3]  
Judgment: [0.0, 0.0, 0.2, 0.5, 0.3]  
Evaluation: [0.1, 0.3, 0.4, 0.2, 0.0]  
Final Decision: [0.0, 0.0, 0.1, 0.4, 0.5]  
Confidence: [0.0, 0.0, 0.1, 0.4, 0.5]  

**Rationale:**

**Comprehension:** The participant seems to have a basic understanding of the task's mechanics, as indicated by their description of how rewards typically return to a previously rewarding choice. The response suggests a moderate level of understanding but lacks depth in explaining the overall goal or structure beyond immediate outcomes. Hence, a higher probability is assigned to scores 2 and 3.

**Judgment:** The participant outlines a specific strategy based on observed patterns of reward, which shows some planning and hypothesis formation. However, the explanation is not very detailed, leading to a higher score in the middle range (2 and 3), with some probability of a higher score due to the clear mention of a strategy.

**Evaluation:** The participant does not provide a detailed reflection on the effectiveness of their strategy beyond a simple statement of adherence to it, indicating some level of evaluation but not a deep or thorough analysis. This results in a higher probability for a score of 2, with some chance of lower or slightly higher scores.

**Final Decision:** The participant clearly states that they did not switch strategies, which indicates a consistent application of their chosen method. This decision is articulated with some certainty, justifying higher scores in the range of 3 and 4, with a slight possibility of a lower score due to the lack of detailed justification.

**Confidence:** The participant's assertion of sticking with a single strategy throughout the task and the absence of expressed doubt about this approach suggest a higher level of confidence. This is reflected in the higher probabilities for scores 3 and 4, with a small chance of a lower score due to the brevity of the explanation."
119,Female,White,"Bachelor's degree (e.g., BA, BS)",10,5,47,0.222222222,low,low,-1,0.6625,0,-0.520268175,-2.560908962,0.456151201,0.857398165,0.279682533,My strategy if we call it that was to avoid negative outcomes so I switched partners often when I got a negative outcome from one,No,My strategy if we call it that was to avoid negative outcomes so I switched partners often when I got a negative outcome from one ; No,2.1,2.8,1.5,3.2,1.4,"Comprehension: [0.0, 0.1, 0.7, 0.2, 0.0]  
Judgment: [0.0, 0.0, 0.3, 0.6, 0.1]  
Evaluation: [0.1, 0.4, 0.4, 0.1, 0.0]  
Final Decision: [0.0, 0.0, 0.1, 0.6, 0.3]  
Confidence: [0.2, 0.3, 0.4, 0.1, 0.0]  

Rationale:
- **Comprehension**: The participant shows an understanding of the task's goal to avoid negative outcomes, indicating some comprehension but not a deep understanding of the task's structure or rules. The response is somewhat clear but lacks depth, hence a higher probability for a score of 2.
- **Judgment**: The participant mentions a strategy of switching partners often after negative outcomes, which shows some planning and hypothesis formation. The clarity and thoughtfulness in expressing this strategy suggest a higher score towards 3.
- **Evaluation**: The participant does not deeply reflect on the effectiveness of their strategy beyond the immediate reaction to negative outcomes. There is minimal evaluation of whether the strategy was successful overall, leading to a higher probability for scores 1 and 2.
- **Final Decision**: The participant describes a consistent rule of switching partners after negative outcomes, which is somewhat clear and shows a decision strategy. The response leans towards a good understanding and application of a decision rule, hence a higher score towards 3.
- **Confidence**: The participant does not express strong certainty or doubt about their approach; the language used (""if we call it that"") suggests some uncertainty. This leads to a higher probability for lower scores in this dimension."
162,Male,White,"Some college or university, no degree",0.05,5,47,0.055555556,low,low,2,0.55625,0.053571429,-0.096602054,-0.450255786,0.486499328,1.720877772,-0.046256045,"I tried figuring out a pattern, but it didn't really work.",Yes.,"I tried figuring out a pattern, but it didn't really work. ; Yes.",2.5,2.2,2.7,1.7,1.3,"Comprehension: [0.0, 0.1, 0.4, 0.4, 0.1]  
Judgment: [0.0, 0.2, 0.5, 0.2, 0.1]  
Evaluation: [0.0, 0.1, 0.3, 0.4, 0.2]  
Final Decision: [0.1, 0.3, 0.4, 0.2, 0.0]  
Confidence: [0.2, 0.4, 0.3, 0.1, 0.0]  

**Rationale:**

**Comprehension:** The participant's statement ""I tried figuring out a pattern"" suggests some understanding of the task's requirement to identify patterns or rules. However, the lack of detail about the task structure or goals limits the score. The probabilities reflect a moderate understanding with some uncertainty about the depth of comprehension.

**Judgment:** The participant's attempt to find a pattern indicates a basic hypothesis or plan. The lack of elaboration on how they tried to figure out the pattern or any strategic adjustments suggests a somewhat rudimentary approach to forming a judgment. The probabilities lean towards an adequate score, acknowledging the attempt but recognizing the lack of depth.

**Evaluation:** The participant acknowledges that their strategy of finding a pattern ""didn't really work,"" which shows some reflection on the effectiveness of their approach. The probabilities favor a good score, as there is clear evidence of evaluation, but the brevity and lack of detailed analysis prevent a higher score.

**Final Decision:** The participant's brief response does not clearly describe a consistent rule or decision strategy they ultimately applied, other than attempting to find a pattern. The probabilities are distributed with a slight emphasis on an adequate score, reflecting the minimal information provided about their final strategy.

**Confidence:** The participant's expression ""didn't really work"" and the very brief response indicate some doubt about their approach and understanding of the task. The probabilities are skewed towards lower scores, reflecting this uncertainty and lack of confidence in their strategy."
121,Male,"American Indian or Alaska Native,White","Bachelor's degree (e.g., BA, BS)",5,5,47,0.833333333,low,low,-2,0.6875,0.29863388,0.099849846,-0.402250406,0.507410477,1.238285246,-0.127783187,"i stuck with one that wa ssuccessful until the points dropped down as unsuccessful, then switched around until I found another successful partner.",No,"i stuck with one that wa ssuccessful until the points dropped down as unsuccessful, then switched around until I found another successful partner. ; No",3,3.1,3.4,3.7,3.2,"Comprehension: [0.0, 0.0, 0.3, 0.4, 0.3]  
Judgment: [0.0, 0.0, 0.2, 0.5, 0.3]  
Evaluation: [0.0, 0.0, 0.1, 0.4, 0.5]  
Final Decision: [0.0, 0.0, 0.0, 0.3, 0.7]  
Confidence: [0.0, 0.0, 0.2, 0.4, 0.4]  

**Rationale:**

**Comprehension:** The participant shows a basic understanding of the task's mechanics, as they recognized the need to switch strategies based on the success of their choices. The response indicates a grasp of the task's rules and goals, though not in great detail, hence the higher probabilities towards the middle and upper end of the scale.

**Judgment:** The participant formed a plan to stick with a successful choice until it became unsuccessful, indicating some level of strategic planning. The response suggests a moderate level of judgment used in deciding when to switch strategies, reflected in the higher probabilities for scores 3 and 4.

**Evaluation:** The participant reflected on the effectiveness of their strategy by monitoring the success of their choices and adjusting accordingly. This shows a good level of evaluation, as they not only noticed the drop in points but acted on it, justifying the higher probabilities for scores 3 and 4.

**Final Decision:** The participant described a consistent rule or decision strategy by sticking with a choice until it failed and then searching for another successful option. This clear articulation of a strategy supports a higher score in this dimension, with a strong lean towards scores 3 and 4.

**Confidence:** The participant did not explicitly express confidence or doubt about their strategy, but the mere act of sticking with a strategy until it proved unsuccessful and then finding a new one suggests a certain level of confidence in their approach. The probabilities are balanced towards the middle and upper end, reflecting this implicit confidence."
223,Male,White,"Bachelor's degree (e.g., BA, BS)",10,5,47,0.444444444,low,low,-2,0.5625,0.083088775,0.02918474,-1.581798863,0.509048844,0.738852381,0.245462508,no,no,no ; no,0,0,0,0,0,Auto-scored due to empty or trivial reflection.
300,Female,White,"Bachelor's degree (e.g., BA, BS)",5,5,47,0.277777778,low,low,-2,0.64375,0.02,-0.341136962,-2.557318231,0.440294498,1.171859117,-1.251478142,I just tried to get the most points possible by switching,No,I just tried to get the most points possible by switching ; No,2.5,1.7,0.4,3.4,1.5,"Comprehension: [0.0, 0.1, 0.4, 0.4, 0.1]  
Judgment: [0.1, 0.3, 0.4, 0.2, 0.0]  
Evaluation: [0.7, 0.2, 0.1, 0.0, 0.0]  
Final Decision: [0.0, 0.0, 0.1, 0.4, 0.5]  
Confidence: [0.2, 0.3, 0.3, 0.2, 0.0]  

Rationale:
- **Comprehension**: The participant's understanding of the task goal (""to get the most points possible"") is clear, but there is no mention of understanding the rules or structure of the task. The response suggests some comprehension but lacks depth, hence a higher probability for scores 2 and 3.
- **Judgment**: The participant mentions a strategy (""switching""), indicating some form of planning or hypothesis about how to act. However, the strategy is not elaborated upon, leading to a higher probability for a score of 2.
- **Evaluation**: The participant does not reflect on whether their strategy worked or why, as indicated by the simple ""No"" in response to whether they switched strategies. This suggests a lack of evaluation, hence a higher probability for a score of 0.
- **Final Decision**: The participant seems to have stuck with their initial decision strategy (""switching"") throughout the task, as indicated by their negative response to switching strategies. This suggests a somewhat consistent rule, leading to higher probabilities for scores 3 and 4.
- **Confidence**: The participant's confidence in their approach or understanding is not explicitly mentioned. The brief and somewhat ambiguous response suggests uncertainty, leading to a spread across lower scores."
402,Male,Asian,"Master's degree (e.g., MA, MS, MEd)",5,5,47,1.166666667,low,high,0,0.5625,0,-0.120600622,0.208624037,0.5648485,0.210618308,-0.449702751,"Find a deck that gives me +100 twice in a row and keep going for it until it gives me -50 two times in a row. Search for another deck that will give me +100 twice in a row, repeat.","No, pretty much stuck to the same strategy.","Find a deck that gives me +100 twice in a row and keep going for it until it gives me -50 two times in a row. Search for another deck that will give me +100 twice in a row, repeat. ; No, pretty much stuck to the same strategy.",3.4,3.8,3.5,3.9,3.8,"Comprehension: [0.0, 0.0, 0.1, 0.4, 0.5]
Judgment: [0.0, 0.0, 0.0, 0.2, 0.8]
Evaluation: [0.0, 0.0, 0.1, 0.3, 0.6]
Final Decision: [0.0, 0.0, 0.0, 0.1, 0.9]
Confidence: [0.0, 0.0, 0.0, 0.2, 0.8]

Rationale:
- **Comprehension**: The participant clearly understood the task's goal of maximizing points and the basic mechanics of switching decks based on performance. The strategy reflects an understanding of the probabilistic nature of the task, suggesting a good to exemplary comprehension.
- **Judgment**: The participant's strategy formulation was clear and specific, indicating a high level of planning and hypothesis generation about how to act within the task. The explicit mention of a consistent rule-based approach to follow during the task shows a sophisticated level of judgment.
- **Evaluation**: The participant reflected on the effectiveness of their strategy by sticking to it until a specific condition (receiving -50 twice) was met, which shows a thoughtful evaluation process. The reflection on strategy effectiveness, although not deeply detailed, was clear and practical.
- **Final Decision**: The participant described a very consistent and specific rule-based strategy that they applied throughout the task, indicating a high level of decisiveness and clarity in their final decision-making process.
- **Confidence**: The participant expressed a high level of certainty in their approach by stating they stuck to the same strategy throughout the task. This shows a strong confidence in their understanding and the effectiveness of their chosen strategy."
22,Male,White,"Some college or university, no degree",5,5,47,0.388888889,low,low,1,0.575,0,-0.143665802,1.222423888,0.516041088,0.391614443,-0.832213949,I stuck with a partner until they had repeatedly given me a bad grade (tried not to hold one bad one against them).,No,I stuck with a partner until they had repeatedly given me a bad grade (tried not to hold one bad one against them). ; No,2.5,3.1,2.9,3.4,2,"Comprehension: [0.0, 0.1, 0.4, 0.4, 0.1]  
Judgment: [0.0, 0.0, 0.2, 0.5, 0.3]  
Evaluation: [0.0, 0.0, 0.3, 0.5, 0.2]  
Final Decision: [0.0, 0.0, 0.1, 0.4, 0.5]  
Confidence: [0.1, 0.2, 0.4, 0.2, 0.1]  

**Rationale:**

**Comprehension:** The participant seems to have a basic understanding of the task as they describe sticking with a partner until repeated negative outcomes. This suggests some grasp of the task's structure involving repeated interactions and assessments. The response is not very detailed, hence a higher probability in the middle range.

**Judgment:** The participant's strategy of not reacting to a single negative outcome and waiting for repeated negatives shows a planned approach, indicating some judgment in their strategy. The clarity and thoughtfulness in describing this approach suggest a higher score in the upper range.

**Evaluation:** The participant reflects on their strategy by indicating a threshold of tolerance for bad grades before switching, which shows some evaluation. However, the depth of this reflection is not fully explored, warranting a higher score in the middle range.

**Final Decision:** The participant clearly states a consistent rule (""stuck with a partner until they had repeatedly given me a bad grade""), which shows a final decision strategy. The clarity and consistency in this strategy suggest a higher score towards the upper end.

**Confidence:** The participant does not explicitly express confidence or doubt about their strategy. The use of a semicolon followed by ""No"" might indicate some uncertainty or minimal reflection on confidence, leading to a moderate score in the middle range."
42,Male,White,"Bachelor's degree (e.g., BA, BS)",5,5,47,0,low,low,-3,0.69375,0,-0.507551343,-1.637072633,0.43856881,1.713818997,-0.22471022,"I stuck with one until they gave ""negative points"" two times in a row. When that happened, I went to another partner who gave ""positive points"". I continued with that partner, repeating the original strategy.","No, I kept with the same strategy throughout.","I stuck with one until they gave ""negative points"" two times in a row. When that happened, I went to another partner who gave ""positive points"". I continued with that partner, repeating the original strategy. ; No, I kept with the same strategy throughout.",3,3.1,3.1,3.4,3.4,"Comprehension: [0.0, 0.0, 0.3, 0.4, 0.3]
Judgment: [0.0, 0.0, 0.2, 0.5, 0.3]
Evaluation: [0.0, 0.0, 0.2, 0.5, 0.3]
Final Decision: [0.0, 0.0, 0.1, 0.4, 0.5]
Confidence: [0.0, 0.0, 0.1, 0.4, 0.5]

**Rationale:**

**Comprehension:** The participant shows a clear understanding of the task rules and structure, as evidenced by their strategy of switching partners based on the receipt of negative points. The response indicates a grasp of the goal (maximizing positive points), but lacks a detailed explanation of the task structure, hence the spread leaning towards higher scores but not fully exemplary.

**Judgment:** The participant formed a clear plan: continue with a partner until receiving two negative points, then switch. This demonstrates a hypothesis about how to act, which is articulated but not deeply sophisticated or nuanced, hence a higher probability for a score of 3.

**Evaluation:** The participant reflects on the effectiveness of their strategy by indicating that they switched when the strategy of sticking with one partner did not work (negative points received). This shows some level of evaluation but lacks depth in analyzing why this strategy worked or didn't, thus a higher score in the middle range.

**Final Decision:** The participant describes a consistent rule-based strategy they applied throughout the task. The clarity in their final decision-making process is evident, though the strategy itself is simple and not highly sophisticated, leading to a higher score but not the highest.

**Confidence:** The participant expresses a clear and straightforward confidence in their strategy by stating they did not switch strategies and kept with the same approach throughout. This shows a strong level of confidence, though it lacks a deeper reflection on possible doubts or uncertainties, which would have been necessary for a perfect score."
271,Female,White,"Master's degree (e.g., MA, MS, MEd)",0.05,5,47,0.111111111,low,low,-1,0.61875,0,-0.065031623,-0.969183441,0.482973594,1.748497976,0.601452853,"I looked for a pattern of 100 points.  If that pattern was broken, I would try the other players.  If they gave me negative points, I would switch until I found someone giving 100 points.","No, I more or less stuck to this strategy throughout the game.","I looked for a pattern of 100 points.  If that pattern was broken, I would try the other players.  If they gave me negative points, I would switch until I found someone giving 100 points. ; No, I more or less stuck to this strategy throughout the game.",3.4,3.5,3.3,3.8,3.6,"Comprehension: [0.0, 0.0, 0.1, 0.4, 0.5]  
Judgment: [0.0, 0.0, 0.1, 0.3, 0.6]  
Evaluation: [0.0, 0.0, 0.2, 0.3, 0.5]  
Final Decision: [0.0, 0.0, 0.0, 0.2, 0.8]  
Confidence: [0.0, 0.0, 0.1, 0.2, 0.7]  

**Rationale:**

**Comprehension:** The participant clearly understood the task's goal, which was to maximize points, and recognized the structure involving different ""players"" who could give positive or negative points. The reflection shows a good grasp of the task rules and goals, hence the higher probabilities towards the upper end of the scale.

**Judgment:** The participant formed a clear hypothesis about how to act, which was to follow a pattern and switch based on the outcome (100 points or negative points). This indicates a well-thought-out plan, meriting a higher score in judgment.

**Evaluation:** The participant did reflect on the effectiveness of their strategy by noting the outcomes (100 points vs. negative points) and adjusting accordingly. This shows some level of strategy evaluation, warranting a moderate to high score.

**Final Decision:** The participant described a consistent rule or decision strategy they applied throughout the game, which was to stick to a pattern unless it failed, and then to switch. This clear articulation of a consistent strategy justifies a high score in this dimension.

**Confidence:** The participant expressed a degree of certainty in their approach by stating they stuck to their strategy throughout the game. This shows confidence in their decision-making process, deserving a higher score in this dimension."
389,Male,White,"Some college or university, no degree",5,5,47,0,low,low,-3,0.525,0,-0.22089283,0.183830343,0.549608483,-0.09827347,-0.584015417,"I just stuck with whatever deck seemed to be the best at the time. If I had two or more losing cards in a row, I would switch decks until I was getting mostly winning cards again.",No.,"I just stuck with whatever deck seemed to be the best at the time. If I had two or more losing cards in a row, I would switch decks until I was getting mostly winning cards again. ; No.",3.4,3.5,3.2,3.5,2.9,"Comprehension: [0.0, 0.0, 0.1, 0.4, 0.5]  
Judgment: [0.0, 0.0, 0.1, 0.3, 0.6]  
Evaluation: [0.0, 0.0, 0.2, 0.4, 0.4]  
Final Decision: [0.0, 0.0, 0.1, 0.3, 0.6]  
Confidence: [0.0, 0.1, 0.2, 0.4, 0.3]  

Rationale:
- **Comprehension**: The participant demonstrates a good understanding of the task's structure and goals by describing their approach to switching decks based on performance. The response indicates a clear grasp of the task rules, hence the higher probabilities towards the upper end of the scale.
- **Judgment**: The participant formed a clear plan (switching decks after losses), showing a strategic approach to the task. The clarity and specificity of the plan suggest a higher score, leaning towards exemplary.
- **Evaluation**: The participant reflects on their strategy's effectiveness implicitly by adjusting their actions based on outcomes (winning or losing cards). This shows some level of evaluation, though not deeply detailed, hence a balanced distribution with a slight lean towards higher scores.
- **Final Decision**: The participant describes a consistent rule for switching decks, indicating a final decision strategy. The clarity in this strategy suggests a higher score, as it shows thoughtful application and consistency.
- **Confidence**: The participant does not explicitly express confidence or doubt, but the straightforward statement of their strategy suggests some level of certainty. However, the lack of explicit confidence markers results in a moderate score, with some uncertainty reflected in the distribution."
187,Male,"American Indian or Alaska Native,Black or African American,White","Associate degree (e.g., AA, AS)",5,5,47,0.888888889,low,low,0,0.45625,0.112159329,-0.158601663,0.059658128,0.461018704,2.353052235,-1.141673895,stuck to the one for a while and then just guessed,no,stuck to the one for a while and then just guessed ; no,2.1,1.6,1.2,2.5,1.7,"Comprehension: [0.0, 0.3, 0.4, 0.2, 0.1]  
Judgment: [0.1, 0.4, 0.3, 0.2, 0.0]  
Evaluation: [0.2, 0.5, 0.2, 0.1, 0.0]  
Final Decision: [0.0, 0.1, 0.4, 0.4, 0.1]  
Confidence: [0.1, 0.3, 0.4, 0.2, 0.0]  

Rationale:  
- **Comprehension**: The participant's brief reflection suggests a basic understanding of the task as they mention sticking to one option for a while, indicating some grasp of the task's structure. However, the depth of understanding is not clear, hence the higher probabilities for lower scores.
- **Judgment**: The participant's mention of sticking to one option initially suggests some form of plan or hypothesis, but the subsequent shift to guessing indicates a lack of a robust strategy. The reflection lacks detail on the reasoning behind the initial choice or the switch, leading to a higher probability for a lower score.
- **Evaluation**: The participant does not provide a clear reflection on the effectiveness of their strategy or reasons for their actions, only stating what they did. There is minimal evidence of evaluation, thus the higher probabilities for lower scores.
- **Final Decision**: The participant mentions a shift from a consistent strategy to guessing, which shows some decision-making process, albeit not a very strategic one. The lack of a clear, consistent rule or strategy in their final approach leads to moderate scores being more likely.
- **Confidence**: The participant's brief and somewhat casual tone (""just guessed"") suggests uncertainty or a lack of confidence in their approach. The reflection does not convey strong certainty or doubt explicitly, leading to a spread across the middle scores."
471,Male,White,"Associate degree (e.g., AA, AS)",5,5,47,0,low,low,-2,0.65,0.009615385,0.167993448,-1.507582471,0.503282239,1.400744206,-0.23988586,"I gave a second chance just in case they were ""having a bad day"".",after 25% I started giving a second chance if I saw -50 points.,"I gave a second chance just in case they were ""having a bad day"". ; after 25% I started giving a second chance if I saw -50 points.",2.5,3.1,3,3.4,2,"Comprehension: [0.0, 0.1, 0.4, 0.4, 0.1]  
Judgment: [0.0, 0.0, 0.2, 0.5, 0.3]  
Evaluation: [0.0, 0.0, 0.3, 0.4, 0.3]  
Final Decision: [0.0, 0.0, 0.1, 0.4, 0.5]  
Confidence: [0.1, 0.2, 0.4, 0.2, 0.1]  

Rationale:
- **Comprehension**: The participant shows some understanding of the task rules by adjusting their strategy based on the points lost, indicating an adequate to good grasp. However, the reflection lacks depth in explaining the overall goal or structure of the task beyond reacting to point changes.
- **Judgment**: The participant describes forming a plan based on the outcomes they experienced (giving a second chance after a loss of points). This indicates a transition from an initial strategy to a more refined approach as they gained experience, suggesting good judgment.
- **Evaluation**: The participant reflects on the effectiveness of their strategy by adjusting it based on the outcomes (-50 points). This shows some evaluation but lacks a deeper analysis of why this strategy might be effective or not, placing it between adequate and good.
- **Final Decision**: The reflection indicates a clear decision rule in the later stages of the task (adjusting strategy after a specific point loss), which shows a good final decision-making process, leaning towards exemplary as they solidified their approach.
- **Confidence**: The participant's confidence seems mixed; they show some certainty in adjusting their strategy based on specific outcomes but also express a tentative approach by using phrases like ""just in case"" and ""; after 25%"". This suggests moderate confidence in their understanding and strategy."
435,Male,White,"Bachelor's degree (e.g., BA, BS)",0.5,"5, I am not sure",47,0.277777778,low,low,-1,0.59375,0.018181818,-0.102340588,0.119550817,0.436099023,2.460735996,-0.485657474,No strategy Used.,Just tried to find the Best partner by randomly selecting.,No strategy Used. ; Just tried to find the Best partner by randomly selecting.,2,1.1,0.1,3.4,3.4,"Comprehension: [0.0, 0.1, 0.8, 0.1, 0.0]  
Judgment: [0.1, 0.7, 0.2, 0.0, 0.0]  
Evaluation: [0.9, 0.1, 0.0, 0.0, 0.0]  
Final Decision: [0.0, 0.0, 0.1, 0.4, 0.5]  
Confidence: [0.0, 0.0, 0.1, 0.4, 0.5]  

Rationale:  
- **Comprehension**: The participant's statement suggests a basic understanding of the task (finding the best partner), but lacks depth in understanding the rules or structure, hence a high probability for an ""Adequate"" score.
- **Judgment**: The participant mentions a method (""randomly selecting""), indicating some form of plan, albeit a simplistic one. This warrants a higher probability for a ""Rudimentary"" score.
- **Evaluation**: The participant does not reflect on the effectiveness or reasons behind their strategy working or not, leading to a high probability for an ""Absent"" score.
- **Final Decision**: The participant's mention of a consistent approach (""randomly selecting"") throughout the task suggests some decision strategy, leaning towards a ""Good"" score.
- **Confidence**: The participant does not explicitly express confidence or doubt about their approach, but the use of a definitive statement (""Just tried to find the Best partner"") suggests some level of confidence, thus a higher score in this dimension."
390,Female,White,"High school degree or equivalent (e.g., GED)",10,100,24,0,low,low,-3,0.6375,0,-0.771085274,-2.557658144,0.418672685,1.120116063,-0.538556641,I didn't stick with a certain color if it was giving me negative points for more than 3 turns. I tried to find the deck with the best points.,I did not.,I didn't stick with a certain color if it was giving me negative points for more than 3 turns. I tried to find the deck with the best points. ; I did not.,2.1,3.1,3,3.4,2,"Comprehension: [0.0, 0.1, 0.7, 0.2, 0.0]
Judgment: [0.0, 0.0, 0.2, 0.5, 0.3]
Evaluation: [0.0, 0.0, 0.3, 0.4, 0.3]
Final Decision: [0.0, 0.0, 0.1, 0.4, 0.5]
Confidence: [0.1, 0.2, 0.4, 0.2, 0.1]

**Rationale:**

**Comprehension:** The participant shows an understanding of the task's basic mechanics, as they recognize the need to avoid decks that consistently give negative points. However, the reflection lacks depth in explaining the overall goal or structure beyond this point, suggesting a moderate level of comprehension.

**Judgment:** The participant's strategy of switching decks after consistent negative outcomes indicates some level of planning and hypothesis formation. The reflection suggests a somewhat systematic approach, hence the higher probabilities for scores 3 and 4.

**Evaluation:** The participant reflects on the effectiveness of their strategy by implicitly evaluating the outcome (switching decks when facing negative points). This shows some level of self-assessment, but it lacks a detailed analysis of why this strategy was chosen or its effectiveness across different scenarios.

**Final Decision:** The participant describes a consistent rule they applied (switching after three negative turns), which shows a clear decision strategy. The reflection supports a higher score as it indicates a thoughtful and somewhat effective approach to the task.

**Confidence:** The participant's confidence in their strategy is not explicitly stated, and the reflection ends with a contradictory statement (""I did not.""), which introduces uncertainty about their confidence in the strategy used. This ambiguity suggests a lower score in confidence, with moderate probabilities distributed across the middle of the scale."
65,Female,White,"Some college or university, no degree",10,100,24,0.555555556,low,low,-2,0.5875,0.028301887,-0.143425106,-0.693246769,0.446411618,1.604777684,0.285200155,No particular strategy,no,No particular strategy ; no,1.1,0.1,0.1,1.1,2.1,"Comprehension: [0.0, 0.9, 0.1, 0.0, 0.0]  
Judgment: [0.9, 0.1, 0.0, 0.0, 0.0]  
Evaluation: [0.9, 0.1, 0.0, 0.0, 0.0]  
Final Decision: [0.0, 0.9, 0.1, 0.0, 0.0]  
Confidence: [0.0, 0.0, 0.9, 0.1, 0.0]  

Rationale:  
- **Comprehension**: The participant's response ""No particular strategy ; no"" suggests a minimal understanding of the task's rules, structure, or goal. The lack of detail implies rudimentary comprehension, hence a high probability for a score of 1.
- **Judgment**: The response indicates an absence of any formulated hypothesis or plan, as the participant explicitly states ""No particular strategy."" This suggests a high probability for a score of 0.
- **Evaluation**: Similarly, the lack of any reflection on whether a strategy worked or why it might not have worked leads to a high probability for a score of 0.
- **Final Decision**: The participant's brief response does not describe any consistent rule or decision strategy, suggesting a high probability for a score of 1, indicating only a rudimentary expression of a final decision.
- **Confidence**: The participant's terse response does not explicitly express confidence or doubt about their approach or understanding. The use of a definitive ""no"" might suggest some level of certainty, albeit minimal, about not using a strategy, leading to a higher probability for a score of 2."
115,Male,White,"Master's degree (e.g., MA, MS, MEd)",5,5,47,0,low,low,-2,0.53125,0.114814815,-0.197801734,-0.84554281,0.498648635,1.665652956,-1.026883631,No,No,No ; No,0,0,0,0,0,Auto-scored due to empty or trivial reflection.
380,Female,White,"Some college or university, no degree",0.1,5,47,0.444444444,low,low,-1,0.475,0.120699223,-0.414951429,-1.282978664,0.517790321,0.570377512,-0.296926743,"I stuck with choosing the same card over and over until it went ""bad"".","Yes, about three rounds in, I realized that sticking to the strategy wouldn't work since the algorithm had changed.","I stuck with choosing the same card over and over until it went ""bad"". ; Yes, about three rounds in, I realized that sticking to the strategy wouldn't work since the algorithm had changed.",3.4,3.3,3.4,3.5,3.3,"Comprehension: [0.0, 0.0, 0.1, 0.4, 0.5]  
Judgment: [0.0, 0.0, 0.2, 0.3, 0.5]  
Evaluation: [0.0, 0.0, 0.1, 0.4, 0.5]  
Final Decision: [0.0, 0.0, 0.1, 0.3, 0.6]  
Confidence: [0.0, 0.0, 0.2, 0.3, 0.5]  

Rationale:  
- **Comprehension**: The participant clearly understood the task rules and the goal, as indicated by their strategy of sticking with one card until it changed. The reflection shows a good grasp of the task's probabilistic nature, hence the high scores towards 4.
- **Judgment**: The participant formed a hypothesis about sticking to one card, which shows planning and hypothesis formation. The realization that the strategy needed to change due to the algorithm shift shows adaptive thinking, justifying higher scores.
- **Evaluation**: The participant reflected on the effectiveness of their strategy by recognizing the need for change when the algorithm shifted, indicating a good level of self-evaluation. This insight into the strategy's effectiveness supports a higher score.
- **Final Decision**: The participant described a clear shift in strategy based on their evaluation, indicating a consistent rule or decision strategy was ultimately applied. The reflection suggests a thoughtful decision-making process.
- **Confidence**: The participant expressed a level of certainty in their approach by initially sticking to one strategy and then confidently switching strategies. This shows self-assurance in their understanding and decisions, warranting higher scores in confidence."
10,Male,White,"Associate degree (e.g., AA, AS)",10,100,24,2.055555556,high,high,1,0.59375,0.213423831,0.139225367,-0.155865305,0.524013855,1.491573393,0.066920876,No.,No.,No. ; No.,0,0,0,0,0,Auto-scored due to empty or trivial reflection.
477,Male,White,"Some college or university, no degree",5,5,47,0.166666667,low,low,-2,0.63125,0.008196721,0.03492835,-1.806091543,0.412191404,1.905963838,-0.557297055,no,I just tried to guess which one was gonna help me the most,no ; I just tried to guess which one was gonna help me the most,1.2,2.1,0.1,2.1,3.8,"Comprehension: [0.0, 0.8, 0.2, 0.0, 0.0]  
Judgment: [0.0, 0.0, 0.9, 0.1, 0.0]  
Evaluation: [0.9, 0.1, 0.0, 0.0, 0.0]  
Final Decision: [0.0, 0.0, 0.9, 0.1, 0.0]  
Confidence: [0.0, 0.0, 0.0, 0.2, 0.8]  

Rationale:
- **Comprehension**: The participant's response indicates a rudimentary understanding of the task, as they recognized the need to make a choice that would benefit them. However, there is no clear indication that they understood the rules or structure beyond that, hence a higher probability for a score of 1.
- **Judgment**: The participant's strategy was to ""guess"" which option would be most beneficial, showing some level of planning or hypothesis formation, albeit very basic. This is why the score leans heavily towards 2.
- **Evaluation**: There is no evidence in the reflection that the participant evaluated the effectiveness of their strategy or considered why it worked or didn't work. Thus, the score is heavily weighted towards 0.
- **Final Decision**: The participant did not describe a consistent rule or decision strategy beyond initial guessing. The response suggests a lack of strategic refinement or adaptation, leading to a high probability for a score of 2.
- **Confidence**: The participant's use of ""just tried to guess"" implies a high level of uncertainty about their approach, suggesting low confidence in their strategy. However, the clarity and decisiveness in their statement (""no; I just tried to guess"") paradoxically reflect a strong confidence in their own admission of guessing, hence a higher score towards 4."
36,Male,Black or African American,"Some college or university, no degree",5,5,47,0,low,low,0,0.59375,0.018524872,-0.110760297,-0.373812909,0.479555344,2.365452448,-0.452369114,"No, I just went with the person that gave a high score and changed over when it seemed they were doing the low score.",No,"No, I just went with the person that gave a high score and changed over when it seemed they were doing the low score. ; No",3,2.7,1.5,3.2,1.6,"Comprehension: [0.0, 0.0, 0.3, 0.4, 0.3]
Judgment: [0.0, 0.0, 0.5, 0.3, 0.2]
Evaluation: [0.2, 0.3, 0.3, 0.2, 0.0]
Final Decision: [0.0, 0.0, 0.2, 0.4, 0.4]
Confidence: [0.1, 0.4, 0.3, 0.2, 0.0]

**Rationale:**
- **Comprehension:** The participant shows a basic understanding of the task's mechanics (switching based on performance), but lacks depth in explaining the rules or goals. The response suggests an adequate grasp but not a sophisticated understanding, hence a higher probability towards the middle scores.
- **Judgment:** The participant indicates a simple strategy of following the high scorer and switching when performance drops. This shows some planning but lacks depth or a sophisticated approach to strategy formulation, leading to a higher probability in the middle range.
- **Evaluation:** The participant's reflection on strategy effectiveness is minimal and lacks depth. They did not elaborate on why they thought the strategy worked or didn't, leading to a higher score in the lower range.
- **Final Decision:** The participant seems to have stuck to a consistent rule of following the high scorer and switching on low scores. This shows some decision consistency, hence a higher score towards the upper middle.
- **Confidence:** The participant does not express strong certainty or doubt about their approach; the use of a casual tone (""; No"") suggests a lack of deep confidence or reflection on their understanding, leading to a higher probability in the lower scores."
150,Female,White,"Some college or university, no degree",0.1,100,24,0,low,low,-3,0.225,0.044444445,0.006303047,0.994294352,0.602808334,-1.913279114,-1.978982089,I just stuck with my original partner knowing we all have bad days.,No,I just stuck with my original partner knowing we all have bad days. ; No,2.1,2.8,1.5,3.4,3.4,"Comprehension: [0.0, 0.1, 0.7, 0.2, 0.0]
Judgment: [0.0, 0.0, 0.3, 0.6, 0.1]
Evaluation: [0.1, 0.4, 0.4, 0.1, 0.0]
Final Decision: [0.0, 0.0, 0.1, 0.4, 0.5]
Confidence: [0.0, 0.0, 0.1, 0.4, 0.5]

**Rationale:**

**Comprehension:** The participant seems to have a basic understanding of the task as they mention sticking with their ""original partner,"" which implies some grasp of the task's structure involving choices (partners). However, the depth of understanding isn't fully clear, hence a higher probability for an ""Adequate"" score.

**Judgment:** The participant's strategy of sticking with the original choice suggests a planned approach, albeit a simple one. The reflection lacks detailed reasoning behind the choice, but the existence of a strategy is apparent, leading to a higher score in ""Good.""

**Evaluation:** The participant's brief mention of ""bad days"" hints at some reflection on the performance of their choice, suggesting they considered the variability in outcomes. However, the evaluation is not deeply explored, leading to a higher probability in ""Adequate.""

**Final Decision:** The participant clearly states they did not switch strategies, indicating a consistent decision-making approach. The reflection, though brief, supports a higher score in ""Good"" and ""Exemplary"" due to the clarity and consistency in their final decision-making process.

**Confidence:** The participant's response lacks explicit statements about their confidence level, but the decision to stick with the original choice without switching suggests a level of confidence in their strategy. This interpretation leads to a higher score in ""Good"" and ""Exemplary,"" reflecting a presumed confidence in their approach."
80,Female,"Asian,White","Master's degree (e.g., MA, MS, MEd)",0.05,5,47,0,low,low,-3,0.6125,0.009433963,-0.070174229,-0.523475929,0.455270237,2.29114927,-0.36869786,"Scout them for the +100, roll the +100 until I get -50, roll again to check if it's still -50, then scout the partners again.",No.,"Scout them for the +100, roll the +100 until I get -50, roll again to check if it's still -50, then scout the partners again. ; No.",2.5,3.1,1.7,3.4,3.4,"Comprehension: [0.0, 0.1, 0.4, 0.4, 0.1]  
Judgment: [0.0, 0.0, 0.2, 0.5, 0.3]  
Evaluation: [0.1, 0.3, 0.4, 0.2, 0.0]  
Final Decision: [0.0, 0.0, 0.1, 0.4, 0.5]  
Confidence: [0.0, 0.0, 0.1, 0.4, 0.5]  

**Rationale:**

**Comprehension:**  
The participant seems to understand the basic mechanics of the task, as indicated by their strategy of scouting for +100 and checking for changes to -50. However, the reflection lacks depth in explaining the overall goal or structure beyond immediate responses to outcomes, hence a higher probability for scores 2 and 3.

**Judgment:**  
The participant clearly outlines a plan of action (scouting for +100, rolling until a change occurs, and rechecking), which shows a formulated hypothesis about how to proceed. This indicates a good level of judgment, leaning towards scores 3 and 4.

**Evaluation:**  
The participant does reflect on the outcome of their strategy by checking if the -50 persists, but there is minimal insight into why they believe this strategy works or fails, which suggests a score leaning towards 2 and 3.

**Final Decision:**  
The participant describes a consistent rule or decision strategy (scouting and rechecking based on specific outcomes), which is fairly clear and indicates a good understanding of a decision-making process. This suggests a higher score, leaning towards 3 and 4.

**Confidence:**  
The participant's brief and straightforward response, without expressing doubt or uncertainty about their strategy, implies a level of confidence. The lack of questioning or alternative considerations suggests a higher confidence score, leaning towards 3 and 4."
429,Male,White,"High school degree or equivalent (e.g., GED)",5,5,47,0,low,low,-1,0.725,0.02587146,-0.139637699,-0.763395929,0.471977153,2.051985678,-0.037795541,I just went where I got 100s and switched when they stopped,no,I just went where I got 100s and switched when they stopped ; no,2.1,2.8,1.5,3.1,3.1,"Comprehension: [0.0, 0.1, 0.7, 0.2, 0.0]  
Judgment: [0.0, 0.0, 0.3, 0.6, 0.1]  
Evaluation: [0.1, 0.4, 0.4, 0.1, 0.0]  
Final Decision: [0.0, 0.0, 0.1, 0.7, 0.2]  
Confidence: [0.0, 0.0, 0.2, 0.5, 0.3]  

**Rationale:**

**Comprehension:** The participant shows an understanding of the task's basic goal (to get 100s), indicating some comprehension. However, the response lacks depth about the structure or rules beyond the outcomes, hence the highest probability at a score of 2.

**Judgment:** The participant's strategy of following rewards and switching upon their cessation suggests a clear plan, though not sophisticated. The response leans towards a good understanding of how to approach the task, reflected in a higher probability for a score of 3.

**Evaluation:** The participant briefly mentions switching strategies when the previous one stopped working, indicating some reflection on the strategy's effectiveness. However, the evaluation is not detailed or thorough, leading to a higher probability at a score of 2.

**Final Decision:** The participant describes a consistent rule of following the rewards and switching when necessary. This shows a fairly clear decision strategy, meriting a higher probability for a score of 3.

**Confidence:** The participant does not explicitly express confidence or doubt, but the straightforward statement of their strategy suggests some level of certainty. The response leans towards a score of 3, indicating moderate confidence in their approach."
275,Female,White,"Bachelor's degree (e.g., BA, BS)",10,100,24,0.555555556,low,low,0,0.5875,0.057169812,-0.038076695,-2.458376545,0.418303584,1.838337114,-1.22573777,continued until I got a negative,no,continued until I got a negative ; no,2.1,1.7,0.2,1.5,0.4,"Comprehension: [0.0, 0.1, 0.7, 0.2, 0.0]  
Judgment: [0.1, 0.3, 0.4, 0.2, 0.0]  
Evaluation: [0.8, 0.2, 0.0, 0.0, 0.0]  
Final Decision: [0.1, 0.4, 0.4, 0.1, 0.0]  
Confidence: [0.7, 0.2, 0.1, 0.0, 0.0]  

**Rationale:**

**Comprehension:** The participant's response suggests a basic understanding of the task's feedback mechanism (""continued until I got a negative""), indicating some grasp of the task rules. However, the depth of understanding is not fully clear, hence a higher probability for an ""Adequate"" score.

**Judgment:** The participant seems to have formed a basic plan (to continue until receiving negative feedback), but the strategy is not sophisticated or well-explained. This warrants a higher probability for an ""Adequate"" score, with some chance for ""Rudimentary"" due to the lack of detail.

**Evaluation:** The reflection lacks any substantive evaluation of the strategy's effectiveness or reasoning behind its success or failure, leading to a high probability for an ""Absent"" score.

**Final Decision:** The participant mentions a decision rule (to stop after a negative outcome), but it's not clear if this was consistently applied or thoughtfully chosen. This ambiguity results in a split between ""Rudimentary"" and ""Adequate.""

**Confidence:** The participant's brief and vague response does not convey any strong sense of certainty or doubt about their strategy or understanding of the task, suggesting a high probability for an ""Absent"" score in confidence."
270,Male,Asian,"Some college or university, no degree",10,100,47,0.277777778,low,low,1,0.73125,0,-0.030116439,-0.410526617,0.41559982,2.208069182,0.704866553,"Yes, I switched partners every time there is a negative number.",No,"Yes, I switched partners every time there is a negative number. ; No",0.2,0.3,0.1,0.2,0.3,"Comprehension: [0.8, 0.2, 0.0, 0.0, 0.0]  
Judgment: [0.7, 0.3, 0.0, 0.0, 0.0]  
Evaluation: [0.9, 0.1, 0.0, 0.0, 0.0]  
Final Decision: [0.8, 0.2, 0.0, 0.0, 0.0]  
Confidence: [0.7, 0.3, 0.0, 0.0, 0.0]  

Rationale: The participant's reflection is extremely brief and lacks depth across all dimensions. 

- **Comprehension**: The participant's understanding of the task is questionable as the response is unclear and does not directly address the task's rules, structure, or goals. The mention of ""switching partners"" suggests a misunderstanding or miscommunication about the task itself, which was about probabilistic reversal learning, not about partners. A high probability is given to a score of 0, indicating an absence of comprehension.

- **Judgment**: The participant mentions a strategy of switching based on a ""negative number,"" which might indicate some form of hypothesis or plan. However, the context and relevance of this strategy are unclear, and it does not seem well thought out or relevant to the task described. A high probability is given to a score of 0, with a slight chance for a score of 1, acknowledging the attempt to form a plan.

- **Evaluation**: There is no reflection on whether the strategy worked or why, which would be critical for scoring higher in this dimension. The response lacks any evaluative comments, leading to a high probability of a score of 0.

- **Final Decision**: The participant does not describe a consistent rule or decision strategy that they ultimately applied, other than a vague reference to a negative number. This does not align well with the task's requirements, leading to a high probability of a score of 0.

- **Confidence**: The participant does not express any certainty or doubt about their approach or understanding. The semicolon and the ""No"" at the end of the response add to the confusion rather than clarify their level of confidence. A high probability is given to a score of 0, with a slight chance for a score of 1, acknowledging the possibility of implicit confidence in their misunderstood strategy.

Overall, the participant's reflection lacks depth and clarity, resulting in low scores across all dimensions."
299,Male,White,"Bachelor's degree (e.g., BA, BS)",10,5,47,3,high,high,2,0.56875,0.060035843,0.037569958,0.497371922,0.54862982,0.026618743,-0.498736737,na,na,na ; na,0,0,0,0,0,Auto-scored due to empty or trivial reflection.
247,Male,White,"Bachelor's degree (e.g., BA, BS)",5,5,47,0,low,low,1,0.5375,0.020638298,-1.409461299,-3.02695901,0.44782769,0.583881698,-1.800000154,"Not really, I just shifted to whoever was getting me points.",No,"Not really, I just shifted to whoever was getting me points. ; No",2.1,2.8,0.2,3.4,3.8,"Comprehension: [0.0, 0.1, 0.7, 0.2, 0.0]  
Judgment: [0.0, 0.0, 0.3, 0.6, 0.1]  
Evaluation: [0.8, 0.2, 0.0, 0.0, 0.0]  
Final Decision: [0.0, 0.0, 0.1, 0.4, 0.5]  
Confidence: [0.0, 0.0, 0.0, 0.2, 0.8]  

Rationale:
- **Comprehension**: The participant's response indicates a basic understanding of the task's goal (to gain points), but lacks depth in explaining the structure or rules. The probability leans towards ""Adequate"" as they understood the point-gaining aspect, which is central to the task.
- **Judgment**: The participant formed a basic plan (shifting to options that gained points), showing some judgment. The probabilities suggest a ""Good"" understanding as they had a clear, albeit simple, plan.
- **Evaluation**: The participant did not reflect on the effectiveness of their strategy beyond a simple acknowledgment of following points, showing a lack of deeper evaluation. The high probability for ""Absent"" reflects this lack.
- **Final Decision**: The participant stuck to a consistent rule (following the points), which is somewhat articulated. The probabilities lean towards ""Good"" and ""Exemplary"" as they clearly followed this rule throughout.
- **Confidence**: The participant's brief and straightforward response, without expressing any doubt, suggests a high level of confidence in their approach, even if the strategy was simple. The high probability for ""Exemplary"" reflects strong confidence in their chosen method."
193,Male,Asian,"Master's degree (e.g., MA, MS, MEd)",0.1,20,24,0.611111111,low,low,1,0.5125,0.362858366,0.006049147,0.675330252,0.537658564,0.13814455,-0.841583168,no. simply wild guess,no,no. simply wild guess ; no,1.1,1.1,1.1,1.1,3.9,"Comprehension: [0.0, 0.9, 0.1, 0.0, 0.0]  
Judgment: [0.0, 0.9, 0.1, 0.0, 0.0]  
Evaluation: [0.0, 0.9, 0.1, 0.0, 0.0]  
Final Decision: [0.0, 0.9, 0.1, 0.0, 0.0]  
Confidence: [0.0, 0.0, 0.0, 0.1, 0.9]  

**Rationale:**
- **Comprehension:** The participant's response ""no. simply wild guess ; no"" suggests a lack of understanding or engagement with the task's rules or goals. The response is minimal and does not indicate any comprehension of the task structure, hence a high probability for a score of 1.
- **Judgment:** The participant indicates no strategic planning or hypothesis formation about how to act within the task, as they describe their approach as a ""wild guess."" This reflects a rudimentary level of judgment, leading to a high probability for a score of 1.
- **Evaluation:** The participant does not reflect on the effectiveness of their strategy or provide reasons for their actions beyond acknowledging their approach as guessing. This suggests minimal evaluation, supporting a high probability for a score of 1.
- **Final Decision:** The participant does not describe any consistent rule or decision strategy, merely indicating randomness in their choices. This supports a high probability for a score of 1.
- **Confidence:** The participant's brief and dismissive response, particularly the repeated ""no"" and the term ""simply wild guess,"" paradoxically indicates a high level of confidence in their understanding of their own approach, albeit a non-strategic one. This suggests a high probability for a score of 4, as they are certain about their lack of strategy."
201,Male,White,"Some college or university, no degree",10,5,24,0.555555556,low,low,3,0.2875,0.048387097,-0.135183925,0.951864034,0.62031006,-1.500784246,-1.861509665,I went with the partner who tended to have more successes than failures.,Partner 3 tended to do the best until he continuously started to fail projects. I then decided to go between 1 and 2 based on how they were performing.,I went with the partner who tended to have more successes than failures. ; Partner 3 tended to do the best until he continuously started to fail projects. I then decided to go between 1 and 2 based on how they were performing.,3,3.1,3.4,3.5,2.7,"Comprehension: [0.0, 0.0, 0.3, 0.4, 0.3]  
Judgment: [0.0, 0.0, 0.2, 0.5, 0.3]  
Evaluation: [0.0, 0.0, 0.1, 0.4, 0.5]  
Final Decision: [0.0, 0.0, 0.1, 0.3, 0.6]  
Confidence: [0.0, 0.1, 0.3, 0.4, 0.2]  

**Rationale:**

**Comprehension:** The participant shows a good understanding of the task's structure and goals by recognizing the performance trends of different partners and adjusting their choices accordingly. The response indicates a clear grasp of the task rules but lacks a detailed explanation of the task structure, hence the distribution leaning towards a higher score but not the highest.

**Judgment:** The participant formed a hypothesis based on the observed performance of the partners, indicating a strategic approach to decision-making. The reflection shows a plan of action, shifting focus based on performance, which is a clear indication of judgment but not deeply detailed or sophisticated.

**Evaluation:** The participant reflects on the effectiveness of their strategy by noting the shift in performance of Partner 3 and adjusting their choices accordingly. This shows a good level of self-assessment and understanding of strategy effectiveness, deserving a higher score.

**Final Decision:** The participant describes a consistent rule or decision strategy by initially choosing based on success rates and then adjusting as performance changed. This indicates a thoughtful and adaptive approach, meriting a score leaning towards the higher end.

**Confidence:** The participant expresses some level of certainty in their approach by clearly stating their observations and actions. However, there is a slight ambiguity in how confident they felt about the shifts between partners, reflected in the moderate scores."
262,Male,Black or African American,"Bachelor's degree (e.g., BA, BS)",0.5,5,47,2.722222222,high,high,0,0.3625,0.255622189,0.011221058,1.001766332,0.62283368,-1.316746669,-1.894914432,No strategies work for the game.,No strategies work well.,No strategies work for the game. ; No strategies work well.,2.5,1.7,2.7,1.7,3.4,"Comprehension: [0.0, 0.1, 0.4, 0.4, 0.1]  
Judgment: [0.1, 0.3, 0.4, 0.2, 0.0]  
Evaluation: [0.0, 0.1, 0.3, 0.4, 0.2]  
Final Decision: [0.1, 0.3, 0.4, 0.2, 0.0]  
Confidence: [0.0, 0.0, 0.1, 0.4, 0.5]  

**Rationale:**

**Comprehension:** The participant's statement suggests a basic understanding of the task as they recognize that no strategies seemed effective. However, the lack of detail about the task's rules or goals limits a higher score. The probability distribution reflects some understanding but not in-depth.

**Judgment:** The participant's reflection implies a judgment was made about the effectiveness of strategies, albeit a negative one. The judgment that ""No strategies work well"" indicates some level of planning or hypothesis testing, though it's not sophisticated or detailed.

**Evaluation:** The participant did reflect on the effectiveness of their strategy, concluding that it did not work. This shows some evaluation but lacks depth or a detailed analysis of why strategies failed, which prevents a higher score.

**Final Decision:** The participant seems to have decided that no strategies are effective, which is a form of decision strategy, albeit a negative one. This shows some consistency in their approach, but it's not a complex or proactive strategy.

**Confidence:** The participant's repeated assertion that no strategies work suggests a high level of confidence in their evaluation, despite it being a negative conclusion. The high scores in confidence reflect this strong belief in their assessment of the task's strategy effectiveness."
288,Female,White,"Master's degree (e.g., MA, MS, MEd)",0.1,100,24,3.277777778,high,high,1,0.4625,0.406862745,-0.014290873,0.965848771,0.6199582,-1.350439022,-1.86696797,no i just choose it randomly,yes my mind is full focused to that game,no i just choose it randomly ; yes my mind is full focused to that game,0.2,0.3,0.1,0.4,0.7,"Comprehension: [0.8, 0.2, 0.0, 0.0, 0.0]  
Judgment: [0.7, 0.3, 0.0, 0.0, 0.0]  
Evaluation: [0.9, 0.1, 0.0, 0.0, 0.0]  
Final Decision: [0.6, 0.4, 0.0, 0.0, 0.0]  
Confidence: [0.5, 0.3, 0.2, 0.0, 0.0]  

Rationale:  
- **Comprehension**: The participant's response suggests a minimal understanding of the task as they mention choosing ""randomly"" and being ""full focused,"" but does not explicitly indicate an understanding of the task rules or goals. The high probability for a score of 0 reflects the lack of clear comprehension expressed.
- **Judgment**: The participant's strategy of random choice indicates a rudimentary form of judgment without a structured plan or hypothesis about how to act, justifying a higher probability for lower scores.
- **Evaluation**: The participant does not reflect on whether their strategy worked or why, which suggests a lack of evaluation. The high probability for a score of 0 reflects this absence.
- **Final Decision**: The mention of randomness suggests some consistency in their approach (albeit a non-strategic one), but it's not clear or sophisticated, leading to a higher probability for lower scores.
- **Confidence**: The participant expresses some level of engagement and focus, which might indicate a degree of confidence in their approach, albeit not in a strategic sense. This justifies a mixed but low scoring."
246,Male,White,"Bachelor's degree (e.g., BA, BS)",5,5,47,0,low,low,2,0.54375,0.033424909,0.135279946,-0.582830654,0.430216527,2.434283132,-1.288572611,"not really, just tried to figure out where the hot streak was",no,"not really, just tried to figure out where the hot streak was ; no",2,1.5,0.2,1.5,0.4,"Comprehension: [0.0, 0.3, 0.4, 0.3, 0.0]  
Judgment: [0.1, 0.4, 0.4, 0.1, 0.0]  
Evaluation: [0.8, 0.2, 0.0, 0.0, 0.0]  
Final Decision: [0.1, 0.4, 0.4, 0.1, 0.0]  
Confidence: [0.7, 0.2, 0.1, 0.0, 0.0]  

Rationale:  
- **Comprehension**: The participant's response suggests a basic understanding of the task as they attempted to identify a ""hot streak."" However, the response lacks depth or detailed understanding of the task's structure or rules, hence the higher probabilities for scores 1 and 2.
- **Judgment**: The participant's strategy to ""figure out where the hot streak was"" indicates some form of planning or hypothesis, but it's quite rudimentary and not well articulated. This justifies the higher probabilities for scores 1 and 2.
- **Evaluation**: The participant did not reflect on whether their strategy worked or why, as indicated by their brief response and the explicit ""no"" to strategy switching. This suggests a lack of evaluation, leading to a high probability for a score of 0.
- **Final Decision**: The participant's strategy seems to be consistent (""just tried to figure out where the hot streak was"") but is not well-defined or sophisticated. This leads to a balanced probability across scores 1 and 2.
- **Confidence**: The participant's brief and somewhat dismissive response (""not really, just tried...; no"") suggests a low level of confidence in their approach or understanding of the task, hence the high probability for a score of 0."
411,Female,White,"Bachelor's degree (e.g., BA, BS)",5,5,47,0,low,low,-3,0.6625,0.009259259,-0.434909743,-2.710551062,0.445963558,0.860293087,-0.914186208,I switched decks whenever it started to feel like I was getting too many negative responses,No,I switched decks whenever it started to feel like I was getting too many negative responses ; No,2.1,3.2,3.1,3.7,2.1,"Comprehension: [0.0, 0.1, 0.7, 0.2, 0.0]  
Judgment: [0.0, 0.0, 0.1, 0.6, 0.3]  
Evaluation: [0.0, 0.0, 0.2, 0.5, 0.3]  
Final Decision: [0.0, 0.0, 0.0, 0.3, 0.7]  
Confidence: [0.0, 0.2, 0.5, 0.3, 0.0]  

**Rationale:**

**Comprehension:** The participant shows an understanding of the task's feedback mechanism (negative responses) and adjusts behavior based on it. The response indicates a basic grasp of the task rules but lacks depth in explaining the structure or goal beyond reacting to negative feedback. Hence, a higher probability is given to an ""Adequate"" score.

**Judgment:** The participant's strategy of switching decks based on the frequency of negative responses shows some planning and hypothesis formation (anticipating better outcomes by switching). The clarity and thoughtfulness in this approach suggest a higher score towards ""Good.""

**Evaluation:** The participant reflects on the effectiveness of their strategy by monitoring the frequency of negative responses, which indicates some evaluation. However, the depth of this reflection is not fully comprehensive, leaning more towards a ""Good"" score.

**Final Decision:** The participant clearly states a consistent rule they applied (switching decks upon receiving too many negative responses), which is a direct and straightforward strategy. This decision-making process is well-articulated, justifying a higher score towards ""Exemplary.""

**Confidence:** The participant does not explicitly express confidence or doubt about their strategy. The statement is somewhat neutral, suggesting they followed a rule without questioning its validity deeply. This leads to a higher probability for an ""Adequate"" score, with some possibility of ""Good"" due to the absence of expressed uncertainty."
218,Female,White,"Master's degree (e.g., MA, MS, MEd)",0.1,100,24,2.888888889,high,high,1,0.5,0.717439703,0.004837974,0.994994209,0.615292246,-1.492488552,-1.949709621,no,no,no ; no,0,0,0,0,0,Auto-scored due to empty or trivial reflection.
227,Male,White,"Associate degree (e.g., AA, AS)",50,100,47,0,low,low,-3,0.56875,0.306363637,0.061897506,0.730510862,0.562976251,0.66007025,-0.836245252,,, ; ,0,0,0,0,0,Auto-scored due to empty or trivial reflection.
235,Male,White,"High school degree or equivalent (e.g., GED)",10,100,47,0.888888889,low,low,1,0.5625,0.231334842,0.001490533,-0.706247773,0.501694964,1.380388303,-0.383929552,I was looking for patterns in the correct colors.,No I did not.,I was looking for patterns in the correct colors. ; No I did not.,2.1,2.8,0.2,3.4,3.4,"Comprehension: [0.0, 0.1, 0.7, 0.2, 0.0]  
Judgment: [0.0, 0.0, 0.3, 0.6, 0.1]  
Evaluation: [0.8, 0.2, 0.0, 0.0, 0.0]  
Final Decision: [0.0, 0.0, 0.1, 0.4, 0.5]  
Confidence: [0.0, 0.0, 0.1, 0.4, 0.5]  

**Rationale:**

**Comprehension:** The participant indicates a basic understanding of the task by mentioning they were ""looking for patterns in the correct colors."" This suggests some grasp of the task's goal, but the response lacks depth or detail about the structure or rules, hence a higher probability for an ""Adequate"" score.

**Judgment:** The participant's strategy of looking for patterns shows some form of hypothesis or plan formation. However, the simplicity of the statement and lack of detail about how they applied this strategy suggests a stronger leaning towards a ""Good"" score, with a small chance for ""Exemplary"" due to the direct mention of a strategy.

**Evaluation:** The participant does not reflect on whether their strategy worked or why, as indicated by the terse response and absence of any evaluative statements. This dimension scores highly towards ""Absent.""

**Final Decision:** The participant's statement about not switching strategies suggests a consistent rule or decision strategy was applied throughout the task. The clarity in this part of the response suggests a higher score, leaning towards ""Good"" or ""Exemplary.""

**Confidence:** The participant's brief and straightforward response, especially the clear ""No"" to changing strategies, indicates a level of certainty about their approach. This suggests confidence in their decision-making, warranting a higher score in this dimension."
397,Female,Black or African American,"Associate degree (e.g., AA, AS)",0.1,100,24,0.111111111,low,low,3,0.56875,0.049516908,0.121260198,0.033968875,0.441271169,1.862996418,0.116699138,No.,I just aimlessly guessed.,No. ; I just aimlessly guessed.,0.2,0.1,0.1,0.2,1.6,"Comprehension: [0.8, 0.2, 0.0, 0.0, 0.0]  
Judgment: [0.9, 0.1, 0.0, 0.0, 0.0]  
Evaluation: [0.9, 0.1, 0.0, 0.0, 0.0]  
Final Decision: [0.8, 0.2, 0.0, 0.0, 0.0]  
Confidence: [0.1, 0.4, 0.3, 0.2, 0.0]  

**Rationale:**
- **Comprehension:** The participant's statement ""I just aimlessly guessed"" suggests a lack of understanding or engagement with the task rules or goals. This indicates a high probability of a low score, but there is a slight chance (0.2) that the participant understood the task but chose not to engage with it strategically.
- **Judgment:** The participant's admission of aimless guessing implies an absence of any strategic hypothesis or plan formation. This is almost entirely indicative of a score of 0, with a small probability (0.1) that there was minimal, albeit ineffective, judgment involved.
- **Evaluation:** The reflection lacks any indication that the participant evaluated the effectiveness of their strategy. The statement suggests no reflection on whether the strategy worked or why, leading to a high probability of a score of 0.
- **Final Decision:** The participant does not describe any consistent rule or decision strategy, other than random guessing. This suggests a high probability of a low score, with a slight chance (0.2) that guessing was their consistent decision strategy.
- **Confidence:** The participant's statement reflects some level of certainty about their approach (""I just aimlessly guessed""), which suggests a mix of scores. There is a moderate probability (0.4) for a score of 1, indicating rudimentary confidence, and some probability (0.3) for a score of 2, reflecting a clearer but not in-depth expression of their approach."
325,Female,White,"High school degree or equivalent (e.g., GED)",10,5,24,0.388888889,low,low,0,0.675,0,-0.44265621,-1.98381374,0.464520282,0.993648572,-0.122645564,Just stayed with a worker who was doing good until they werent.,No,Just stayed with a worker who was doing good until they werent. ; No,2.1,2.8,1.5,3.1,1.4,"Comprehension: [0.0, 0.1, 0.7, 0.2, 0.0]
Judgment: [0.0, 0.0, 0.3, 0.6, 0.1]
Evaluation: [0.1, 0.4, 0.4, 0.1, 0.0]
Final Decision: [0.0, 0.0, 0.1, 0.7, 0.2]
Confidence: [0.2, 0.3, 0.4, 0.1, 0.0]

Rationale:
- **Comprehension**: The participant shows a basic understanding of sticking with a choice that performs well, indicating some grasp of the task's goal (to maximize outcomes). However, the reflection lacks depth about the structure or rules of the task, hence the higher probability for a score of 2.
- **Judgment**: The participant's strategy of sticking with a ""worker"" until performance drops implies a plan or hypothesis was formed about how to act. The reflection suggests a moderate level of strategic thinking, leading to a higher score in judgment.
- **Evaluation**: The participant's reflection on the strategy's effectiveness is minimal and vague (""until they weren't""), indicating some level of evaluation but not deeply insightful or thorough. This results in a higher probability for a score of 2.
- **Final Decision**: The participant describes a consistent rule or decision strategy (staying with a choice until it fails), which is somewhat clear but not detailed or justified with deep reasoning. This leads to a higher score in this dimension.
- **Confidence**: The participant does not express strong certainty or doubt about their approach; the response is somewhat indifferent (""No"" to strategy change). This suggests a middling level of confidence, leaning towards uncertainty, hence a higher score of 2."
460,Female,American Indian or Alaska Native,"Associate degree (e.g., AA, AS)",0.1,5,1,0,low,low,-3,0.6125,0,-0.131530919,-1.739445171,0.484071955,1.529930718,-0.006503791,I stuck with the one one in the middle mostly.,No,I stuck with the one one in the middle mostly. ; No,2.5,1.7,0.2,3.4,1.6,"Comprehension: [0.0, 0.1, 0.4, 0.4, 0.1]
Judgment: [0.1, 0.3, 0.4, 0.2, 0.0]
Evaluation: [0.8, 0.2, 0.0, 0.0, 0.0]
Final Decision: [0.0, 0.0, 0.1, 0.4, 0.5]
Confidence: [0.1, 0.4, 0.3, 0.2, 0.0]

Rationale:
- **Comprehension**: The participant's brief mention of sticking to ""the one in the middle"" suggests some understanding of the task's structure but lacks depth or clarity about the rules or goals. The probability distribution reflects a moderate understanding.
- **Judgment**: The participant's strategy of choosing the middle option indicates a basic plan or hypothesis but lacks sophistication or detailed reasoning. The probabilities lean towards a rudimentary to adequate judgment.
- **Evaluation**: The participant did not reflect on whether their strategy was effective or why it might have worked or failed, leading to a high probability of scoring low in this dimension.
- **Final Decision**: The statement about sticking mostly to the middle option suggests a consistent rule or decision strategy, albeit not very sophisticated. The probabilities are higher for good and exemplary because the participant did stick to a clear, though simple, strategy.
- **Confidence**: The participant's brief and casual response (""mostly"") and the flat denial of strategy switching (""No"") suggest some level of uncertainty or lack of deep confidence in their approach. The probabilities are distributed to reflect this uncertainty."
64,Female,Black or African American,"Bachelor's degree (e.g., BA, BS)",0.1,100,24,0.888888889,low,low,2,0.725,0.017125293,0.03822212,-0.264439086,0.439037208,2.646655685,-1.58676326,"yes, i clicked on the higher ones multiple times till it turn negative.",no,"yes, i clicked on the higher ones multiple times till it turn negative. ; no",2.5,1.7,0.2,2.6,1.5,"Comprehension: [0.0, 0.1, 0.4, 0.4, 0.1]
Judgment: [0.1, 0.3, 0.4, 0.2, 0.0]
Evaluation: [0.8, 0.2, 0.0, 0.0, 0.0]
Final Decision: [0.0, 0.0, 0.5, 0.4, 0.1]
Confidence: [0.1, 0.4, 0.4, 0.1, 0.0]

**Rationale:**

**Comprehension:** The participant shows a basic understanding of the task by recognizing that they should click on ""higher ones"" until a change occurs. However, the explanation lacks depth about the overall goal or structure of the task, suggesting a score leaning towards ""Adequate"" but not fully clear or comprehensive.

**Judgment:** The participant indicates a strategy of selecting higher values, which reflects some form of planning or hypothesis. However, the strategy is not elaborated upon, and there's no indication of adaptive planning or deeper strategic thinking, leading to a score that leans towards ""Adequate.""

**Evaluation:** The participant's reflection lacks any substantive evaluation of the strategy's effectiveness beyond a simple acknowledgment of a change (""till it turn negative""). This suggests a high probability for a lower score as there is minimal reflection on the strategy's success or reasons for outcomes.

**Final Decision:** The participant seems to have stuck with a single strategy throughout the task, as indicated by the brief and direct ""no"" in response to whether they switched strategies. This suggests some consistency in their decision-making, warranting a score around ""Adequate"" to ""Good.""

**Confidence:** The participant's confidence in their strategy or understanding of the task is not explicitly mentioned. The terse response and lack of depth in their reflection suggest uncertainty or minimal self-assurance, leading to a score that leans towards ""Adequate."""
481,Female,White,"High school degree or equivalent (e.g., GED)",10,100,24,0,low,low,3,0.58125,0.085576604,-0.079632113,-0.98245543,0.467028076,1.934059423,-0.166979708,I moved on if the partner turned on me,no,I moved on if the partner turned on me ; no,1.2,2.1,0.1,2.1,1.1,"Comprehension: [0.0, 0.8, 0.2, 0.0, 0.0]  
Judgment: [0.0, 0.0, 0.9, 0.1, 0.0]  
Evaluation: [0.9, 0.1, 0.0, 0.0, 0.0]  
Final Decision: [0.0, 0.0, 0.9, 0.1, 0.0]  
Confidence: [0.0, 0.9, 0.1, 0.0, 0.0]  

Rationale:  
- **Comprehension**: The participant's response suggests a rudimentary understanding of the task's dynamics (switching partners when betrayed), but lacks depth or explicit acknowledgment of the task's rules or goals. Hence, a higher probability is given to a score of 1.
- **Judgment**: The participant indicates a basic strategy (""moved on if the partner turned on me""), which shows some plan of action but lacks sophistication or detailed reasoning. Therefore, a high probability is assigned to a score of 2.
- **Evaluation**: There is no reflection on the effectiveness or outcomes of the strategy used, leading to a high probability of scoring 0.
- **Final Decision**: The participant describes a consistent rule (""moved on if the partner turned on me""), but it's a simple strategy without much elaboration or justification. Thus, a high probability is given to a score of 2.
- **Confidence**: The participant's response does not explicitly express certainty or doubt about their strategy, but the terse and straightforward nature of the response suggests a lack of reflective confidence. Therefore, a high probability is assigned to a score of 1."
96,Male,White,"High school degree or equivalent (e.g., GED)",5,5,47,0,low,low,1,0.60625,0,-0.4982174,-2.111774661,0.470828506,0.458740813,0.095728183,Yes if after two times they failed I tried a different person.,No I stuck to the same strategy.,Yes if after two times they failed I tried a different person. ; No I stuck to the same strategy.,2.5,2.8,1.7,3.4,3.1,"Comprehension: [0.0, 0.1, 0.4, 0.4, 0.1]  
Judgment: [0.0, 0.0, 0.3, 0.6, 0.1]  
Evaluation: [0.1, 0.3, 0.4, 0.2, 0.0]  
Final Decision: [0.0, 0.0, 0.1, 0.4, 0.5]  
Confidence: [0.0, 0.0, 0.2, 0.5, 0.3]  

**Rationale:**

**Comprehension:**  
The participant shows some understanding of the task rules by indicating a response to failure (""after two times they failed""). This suggests a basic grasp of the task's trial-and-error nature. The probabilities reflect a moderate understanding, leaning towards good, as the participant recognizes the need to adapt based on outcomes.

**Judgment:**  
The participant's strategy formulation (""I tried a different person"") indicates a plan to change tactics upon repeated failure, which is a clear judgment call. The higher probabilities for scores 3 and 2 suggest that the participant had a clear but not deeply sophisticated plan.

**Evaluation:**  
The reflection includes a minimal evaluation of the strategy's effectiveness, implied by the decision to switch tactics after failure. The distribution leans towards an adequate evaluation, as the participant does not provide detailed reasoning or outcomes of the strategy shift.

**Final Decision:**  
The participant states a clear decision rule for changing strategies (""Yes if after two times they failed"") and also mentions sticking to the same strategy, which might indicate some confusion or contradiction. The probabilities favor a good final decision-making process, acknowledging some clarity in their approach.

**Confidence:**  
Confidence is somewhat implied through the participant's straightforward statement of their strategy, though not explicitly expressed. The higher probabilities for scores 3 and 2 suggest a moderate level of confidence in their approach, with some room for doubt as no strong, assertive language is used."
192,Female,White,"Bachelor's degree (e.g., BA, BS)",5,5,47,0.166666667,low,low,0,0.55625,0,-1.107800838,-3.233167505,0.42977339,0.586295511,-1.430781752,click until they let me down twice,no,click until they let me down twice ; no,1.2,2.1,0.1,3.2,3.9,"Comprehension: [0.0, 0.8, 0.2, 0.0, 0.0]  
Judgment: [0.0, 0.1, 0.7, 0.2, 0.0]  
Evaluation: [0.9, 0.1, 0.0, 0.0, 0.0]  
Final Decision: [0.0, 0.0, 0.0, 0.8, 0.2]  
Confidence: [0.0, 0.0, 0.0, 0.1, 0.9]  

**Rationale:**

**Comprehension:** The participant's response suggests a rudimentary understanding of the task's mechanics (""click until they let me down twice""), indicating they grasped the basic idea of a trial-and-error approach but lacked depth in understanding the full structure or goal of the task. The probability leans heavily towards a rudimentary score.

**Judgment:** The participant formed a basic plan or hypothesis about how to act, as indicated by their strategy of continuing to choose an option until it fails twice. This shows some clarity in planning but lacks depth, hence a higher probability for an ""Adequate"" score.

**Evaluation:** The participant's reflection lacks any substantive evaluation of whether their strategy was effective or why it might have been so. They did not reflect on the outcomes or adapt their strategy based on performance, leading to a high probability of an ""Absent"" score.

**Final Decision:** The participant described a consistent rule or decision strategy (""click until they let me down twice""), which they seemed to apply throughout the task without change. This indicates a clear decision strategy, meriting a higher score in this dimension.

**Confidence:** The participant's brief and direct response (""no"") when asked if they switched strategies suggests a high level of confidence in their chosen approach, despite its simplicity. This warrants a high probability for an ""Exemplary"" score in confidence, as they showed no doubt about their understanding or strategy."
467,Female,Asian,"Bachelor's degree (e.g., BA, BS)",5,5,47,1.277777778,low,high,0,0.6375,0.019132653,-0.068529268,-0.794744934,0.452922021,1.774784591,0.20439222,just tried to see who would give 100 points,no,just tried to see who would give 100 points ; no,1.6,1.5,0.2,1.1,1.5,"Comprehension: [0.1, 0.4, 0.3, 0.2, 0.0]  
Judgment: [0.2, 0.3, 0.3, 0.2, 0.0]  
Evaluation: [0.8, 0.2, 0.0, 0.0, 0.0]  
Final Decision: [0.3, 0.4, 0.2, 0.1, 0.0]  
Confidence: [0.2, 0.3, 0.3, 0.2, 0.0]  

Rationale:  
- **Comprehension**: The participant's response indicates a rudimentary understanding of the task's goal (identifying the option that yields 100 points). However, the response lacks depth or a clear explanation of the task structure or rules, suggesting a score leaning towards rudimentary but with some possibility of adequate understanding.
- **Judgment**: The participant's strategy (""just tried to see who would give 100 points"") suggests a basic plan was formed, but it lacks sophistication or detailed planning. The response shows some judgment but not a well-developed hypothesis.
- **Evaluation**: The participant does not reflect on the effectiveness of their strategy or why it might have worked or failed, leading to a high probability of an absent score in this dimension.
- **Final Decision**: The participant's strategy description is vague and does not indicate a consistent rule or decision strategy applied throughout the task. The response suggests a higher probability for rudimentary or adequate, with less likelihood for a good or exemplary score.
- **Confidence**: The participant's response does not clearly express certainty or doubt about their approach. The use of a simple statement without further elaboration suggests some level of uncertainty, leading to a distribution across lower scores."
