random_rep,pair_id,source_idx,target_idx,patch_layer,matched_norm,base_prediction,patched_prediction,delta_wsr_predicted,direction_seed,base_source,elapsed_seconds
0,1,368,13,19,100.27535664750594,0.3222584150282147,0.24727215354785273,-0.07498626148036194,1881920964,live_unpatched_same_model,1.247066600015387
0,2,340,186,19,124.14250147738309,0.5517011289529234,0.5760669345999603,0.02436580564703683,2947153536,live_unpatched_same_model,1.234600700030569
0,3,135,70,19,133.86533456399275,-0.0451771379115059,0.05825406416632767,0.10343120207783357,1178822561,live_unpatched_same_model,1.2355393000179902
0,4,441,256,19,103.68385624866029,-0.0309425523201656,0.2592060457073354,0.29014859802750104,427730251,live_unpatched_same_model,1.2491348999901675
0,5,84,407,19,103.17152579354456,0.0701096946469617,0.05346359035830625,-0.016646104288655456,2058175462,live_unpatched_same_model,1.242434800020419
0,6,180,181,19,110.38806055107938,-0.0706881178551478,-0.10426573513327032,-0.03357761727812253,2721434243,live_unpatched_same_model,1.2347067999653518
0,7,442,166,19,108.47418947067077,-0.0374219266130395,0.13629199537264758,0.17371392198568708,2665661335,live_unpatched_same_model,1.246244599984493
0,8,353,336,19,109.08276948497313,0.2334113362848168,0.3283310360693207,0.09491969978450387,2284093980,live_unpatched_same_model,1.2520750000257976
0,9,121,471,19,136.23808812678564,0.1553593319424777,0.014740080145406466,-0.14061925179707124,536776352,live_unpatched_same_model,1.2349704999942333
0,10,145,125,19,85.2051251574838,-0.0414361952716543,0.04387279116423934,0.08530898643589363,3426113952,live_unpatched_same_model,1.2582296999753453
0,11,222,268,19,112.73324134162299,-0.0744144220976672,-0.10721600519650758,-0.032801583098840376,843019233,live_unpatched_same_model,1.242275000025984
0,12,217,403,19,117.51799281220073,0.356841227425656,0.44289699921152603,0.08605577178587004,2407333235,live_unpatched_same_model,1.2411583000211976
0,13,209,443,19,119.69797830784465,-0.0405956674567725,0.11155049328670219,0.1521461607434747,1092310252,live_unpatched_same_model,1.2391340999747626
0,14,322,267,19,140.07018286936724,0.20774430399201,-0.17986728965151053,-0.3876115936435205,2513935336,live_unpatched_same_model,1.2357309999642894
0,15,65,148,19,124.16221683795429,0.0040545803889276,-0.31741420549438804,-0.3214687858833156,305411518,live_unpatched_same_model,1.2439163000090048
1,1,368,13,19,100.27535664750594,0.3222584150282147,0.4705064180505719,0.14824800302235724,1091539381,live_unpatched_same_model,1.2491265999851748
1,2,340,186,19,124.14250147738309,0.5517011289529234,0.4687576588501623,-0.08294347010276115,1167540685,live_unpatched_same_model,1.234596900001634
1,3,135,70,19,133.86533456399275,-0.0451771379115059,-0.08724447230968677,-0.04206733439818087,1832670072,live_unpatched_same_model,1.2362438999698497
1,4,441,256,19,103.68385624866029,-0.0309425523201656,0.2591201176295332,0.29006266994969876,1413976799,live_unpatched_same_model,1.249335600004997
1,5,84,407,19,103.17152579354456,0.0701096946469617,0.20869742063508853,0.13858772598812683,2358651377,live_unpatched_same_model,1.2452962000388652
1,6,180,181,19,110.38806055107938,-0.0706881178551478,-0.14792930551214242,-0.07724118765699463,961217889,live_unpatched_same_model,1.2377309000003152
1,7,442,166,19,108.47418947067077,-0.0374219266130395,0.07912053397734847,0.11654246059038798,3644488008,live_unpatched_same_model,1.2458597000222653
1,8,353,336,19,109.08276948497313,0.2334113362848168,-0.008805176368102493,-0.2422165126529193,2648449657,live_unpatched_same_model,1.2504689000197686
1,9,121,471,19,136.23808812678564,0.1553593319424777,0.05500476888422898,-0.10035456305824872,529305765,live_unpatched_same_model,1.2358063000137918
1,10,145,125,19,85.2051251574838,-0.0414361952716543,0.04182748246542442,0.08326367773707871,2527505634,live_unpatched_same_model,1.260800999996718
1,11,222,268,19,112.73324134162299,-0.0744144220976672,0.007265264330230183,0.08167968642789739,1464763192,live_unpatched_same_model,1.2431035000481643
1,12,217,403,19,117.51799281220073,0.356841227425656,0.39586353026318855,0.03902230283753255,2477599556,live_unpatched_same_model,1.241495800029952
1,13,209,443,19,119.69797830784465,-0.0405956674567725,-0.1253410153083173,-0.08474534785154479,3297834757,live_unpatched_same_model,1.2408964000060223
1,14,322,267,19,140.07018286936724,0.20774430399201,0.07293207060252277,-0.13481223338948722,4066175329,live_unpatched_same_model,1.2321669000084512
1,15,65,148,19,124.16221683795429,0.0040545803889276,-0.012677945632381267,-0.016732526021308865,1718210381,live_unpatched_same_model,1.2454420999856666
2,1,368,13,19,100.27535664750594,0.3222584150282147,0.2880609087228905,-0.0341975063053242,782368720,live_unpatched_same_model,1.2469047000049613
2,2,340,186,19,124.14250147738309,0.5517011289529234,0.574720139445198,0.023019010492274505,2513216256,live_unpatched_same_model,1.236467300041113
2,3,135,70,19,133.86533456399275,-0.0451771379115059,-0.12808309456802322,-0.08290595665651732,2560923861,live_unpatched_same_model,1.2333776999730617
2,4,441,256,19,103.68385624866029,-0.0309425523201656,0.13385544926461515,0.16479800158478075,713049280,live_unpatched_same_model,1.2482467999798246
2,5,84,407,19,103.17152579354456,0.0701096946469617,0.07278588477523171,0.0026761901282700007,1646039823,live_unpatched_same_model,1.2419666000059806
2,6,180,181,19,110.38806055107938,-0.0706881178551478,0.07974773233621966,0.15043585019136746,3301411780,live_unpatched_same_model,1.2355033000349067
2,7,442,166,19,108.47418947067077,-0.0374219266130395,-0.06023732240360015,-0.022815395790560647,3330552095,live_unpatched_same_model,1.246081100020092
2,8,353,336,19,109.08276948497313,0.2334113362848168,0.2954905053500534,0.062079169065236584,862150943,live_unpatched_same_model,1.2493497999967076
2,9,121,471,19,136.23808812678564,0.1553593319424777,0.07458648021787331,-0.08077285172460438,3328620241,live_unpatched_same_model,1.2352115000248887
2,10,145,125,19,85.2051251574838,-0.0414361952716543,-0.07804500757458288,-0.03660881230292858,3763056114,live_unpatched_same_model,1.2603881999966688
2,11,222,268,19,112.73324134162299,-0.0744144220976672,-0.22223728407326135,-0.14782286197559413,502459045,live_unpatched_same_model,1.2430462000193074
2,12,217,403,19,117.51799281220073,0.356841227425656,0.2461005465192604,-0.1107406809063956,767847978,live_unpatched_same_model,1.241511799977161
2,13,209,443,19,119.69797830784465,-0.0405956674567725,-0.00941086435662933,0.03118480310014317,715284207,live_unpatched_same_model,1.2387569000129588
2,14,322,267,19,140.07018286936724,0.20774430399201,0.08274811641464572,-0.12499618757736428,2670926023,live_unpatched_same_model,1.236923200020101
2,15,65,148,19,124.16221683795429,0.0040545803889276,0.14555579161906934,0.14150121123014175,1368149529,live_unpatched_same_model,1.242991900013294
3,1,368,13,19,100.27535664750594,0.3222584150282147,0.38125398437351304,0.05899556934529837,339946874,live_unpatched_same_model,1.2464987999992445
3,2,340,186,19,124.14250147738309,0.5517011289529234,0.22915203991020808,-0.3225490890427154,2842175378,live_unpatched_same_model,1.2328970999806188
3,3,135,70,19,133.86533456399275,-0.0451771379115059,0.010994189302814731,0.05617132721432063,3422116012,live_unpatched_same_model,1.2336737000150606
3,4,441,256,19,103.68385624866029,-0.0309425523201656,-0.018411469530113328,0.012531082790052273,3098942193,live_unpatched_same_model,1.2474847999983467
3,5,84,407,19,103.17152579354456,0.0701096946469617,-0.0019692085117623418,-0.07207890315872405,758693309,live_unpatched_same_model,1.2425323000061326
3,6,180,181,19,110.38806055107938,-0.0706881178551478,-0.07472228969932308,-0.004034171844175288,2607103160,live_unpatched_same_model,1.2355269000399858
3,7,442,166,19,108.47418947067077,-0.0374219266130395,0.09295199678172633,0.13037392339476583,2815812740,live_unpatched_same_model,1.2463173000141978
3,8,353,336,19,109.08276948497313,0.2334113362848168,-0.011899877549050255,-0.24531121383386706,1804148549,live_unpatched_same_model,1.2510833999840543
3,9,121,471,19,136.23808812678564,0.1553593319424777,0.09227455735588642,-0.06308477458659127,2055533301,live_unpatched_same_model,1.235874900012277
3,10,145,125,19,85.2051251574838,-0.0414361952716543,-0.012412062263392485,0.029024133008261815,217286670,live_unpatched_same_model,1.2580399999860674
3,11,222,268,19,112.73324134162299,-0.0744144220976672,-0.04902744765200712,0.025386974445660085,2766296101,live_unpatched_same_model,1.243457100004889
3,12,217,403,19,117.51799281220073,0.356841227425656,0.41083007368485214,0.053988846259196144,3585672583,live_unpatched_same_model,1.2407660000026226
3,13,209,443,19,119.69797830784465,-0.0405956674567725,0.10973204373801523,0.15032771119478772,402737306,live_unpatched_same_model,1.2397790999966674
3,14,322,267,19,140.07018286936724,0.20774430399201,0.29648093738372105,0.08873663339171106,1347953538,live_unpatched_same_model,1.2339959000237286
3,15,65,148,19,124.16221683795429,0.0040545803889276,-0.09151174086016989,-0.09556632124909749,1721803820,live_unpatched_same_model,1.2420498999999836
4,1,368,13,19,100.27535664750594,0.3222584150282147,0.18879300388410422,-0.13346541114411045,2406075695,live_unpatched_same_model,1.2479475000291131
4,2,340,186,19,124.14250147738309,0.5517011289529234,0.2827697861401397,-0.26893134281278375,2928344446,live_unpatched_same_model,1.2335275000077672
4,3,135,70,19,133.86533456399275,-0.0451771379115059,0.058602044399233555,0.10377918231073946,160297563,live_unpatched_same_model,1.2343415999785066
4,4,441,256,19,103.68385624866029,-0.0309425523201656,0.03153396187977732,0.06247651419994292,3271947723,live_unpatched_same_model,1.2477832000004128
4,5,84,407,19,103.17152579354456,0.0701096946469617,-0.06612501217507058,-0.1362347068220323,3108836166,live_unpatched_same_model,1.2428207999910228
4,6,180,181,19,110.38806055107938,-0.0706881178551478,-0.04969617831693439,0.020991939538213406,1537072934,live_unpatched_same_model,1.2348147999728099
4,7,442,166,19,108.47418947067077,-0.0374219266130395,-0.21320926454331807,-0.17578733793027856,4123557056,live_unpatched_same_model,1.2484635000000708
4,8,353,336,19,109.08276948497313,0.2334113362848168,0.49799231022970225,0.26458097394488544,696726981,live_unpatched_same_model,1.25650499999756
4,9,121,471,19,136.23808812678564,0.1553593319424777,0.2439928868365784,0.08863355489410071,137539257,live_unpatched_same_model,1.2358006000285968
4,10,145,125,19,85.2051251574838,-0.0414361952716543,-0.09297161439065635,-0.05153541911900205,989329909,live_unpatched_same_model,1.2606906999717467
4,11,222,268,19,112.73324134162299,-0.0744144220976672,0.04406265373504653,0.11847707583271373,2580779629,live_unpatched_same_model,1.2413948000175878
4,12,217,403,19,117.51799281220073,0.356841227425656,0.23692395339410552,-0.11991727403155047,179845456,live_unpatched_same_model,1.240935100009665
4,13,209,443,19,119.69797830784465,-0.0405956674567725,-0.056662581485063104,-0.016066914028290608,3153723581,live_unpatched_same_model,1.239446300023701
4,14,322,267,19,140.07018286936724,0.20774430399201,0.10075775439751773,-0.10698654959449226,9452201,live_unpatched_same_model,1.231950199988205
4,15,65,148,19,124.16221683795429,0.0040545803889276,0.145254162579439,0.1411995821905114,3903365524,live_unpatched_same_model,1.241922799963504
5,1,368,13,19,100.27535664750594,0.3222584150282147,0.23764890679674205,-0.08460950823147262,1551331994,live_unpatched_same_model,1.2472149999812245
5,2,340,186,19,124.14250147738309,0.5517011289529234,0.5263394544335553,-0.025361674519368105,3077902630,live_unpatched_same_model,1.2328312000026926
5,3,135,70,19,133.86533456399275,-0.0451771379115059,0.05448638581168387,0.09966352372318976,2664729275,live_unpatched_same_model,1.2344909000094049
5,4,441,256,19,103.68385624866029,-0.0309425523201656,0.0002628413496214347,0.031205393669787036,3103450070,live_unpatched_same_model,1.247431299998425
5,5,84,407,19,103.17152579354456,0.0701096946469617,0.025533368708373888,-0.04457632593858782,3972310844,live_unpatched_same_model,1.2435534999822266
5,6,180,181,19,110.38806055107938,-0.0706881178551478,-0.05293273838291884,0.017755379472228952,2813072629,live_unpatched_same_model,1.2364672999829054
5,7,442,166,19,108.47418947067077,-0.0374219266130395,-0.13957199660668965,-0.10215006999365014,2969761620,live_unpatched_same_model,1.2485489000100642
5,8,353,336,19,109.08276948497313,0.2334113362848168,0.1717582407120993,-0.0616530955727175,326088264,live_unpatched_same_model,1.2521492000087164
5,9,121,471,19,136.23808812678564,0.1553593319424777,0.2898879006700514,0.13452856872757368,114553215,live_unpatched_same_model,1.2360676000243984
5,10,145,125,19,85.2051251574838,-0.0414361952716543,0.09601944434835544,0.13745563962000973,1894841378,live_unpatched_same_model,1.2570691999862902
5,11,222,268,19,112.73324134162299,-0.0744144220976672,0.24504993674345757,0.3194643588411248,3283462108,live_unpatched_same_model,1.2412988999858499
5,12,217,403,19,117.51799281220073,0.356841227425656,0.22661544949878795,-0.13022577792686804,600179431,live_unpatched_same_model,1.239948500005994
5,13,209,443,19,119.69797830784465,-0.0405956674567725,-0.11619459442453212,-0.07559892696775962,166215399,live_unpatched_same_model,1.242889799992554
5,14,322,267,19,140.07018286936724,0.20774430399201,0.2163266109799232,0.008582306987913207,2291108426,live_unpatched_same_model,1.238717700005509
5,15,65,148,19,124.16221683795429,0.0040545803889276,0.09433868496762796,0.09028410457870036,303458856,live_unpatched_same_model,1.245226199971512
6,1,368,13,19,100.27535664750594,0.3222584150282147,0.5502140266662625,0.22795561163804784,1430298947,live_unpatched_same_model,1.2466636000317521
6,2,340,186,19,124.14250147738309,0.5517011289529234,0.5568183923208989,0.0051172633679754664,1254851492,live_unpatched_same_model,1.2436167999985628
6,3,135,70,19,133.86533456399275,-0.0451771379115059,-0.2888816773770403,-0.2437045394655344,83210819,live_unpatched_same_model,1.2433074999717064
6,4,441,256,19,103.68385624866029,-0.0309425523201656,0.06981937242461031,0.10076192474477591,326993072,live_unpatched_same_model,1.2491709000314586
6,5,84,407,19,103.17152579354456,0.0701096946469617,0.0911125166319586,0.021002821984996894,252399978,live_unpatched_same_model,1.2428872000309639
6,6,180,181,19,110.38806055107938,-0.0706881178551478,-0.16040002482850116,-0.08971190697335336,244370855,live_unpatched_same_model,1.234596900001634
6,7,442,166,19,108.47418947067077,-0.0374219266130395,-0.18733285756492205,-0.14991093095188254,397667368,live_unpatched_same_model,1.2467197999940254
6,8,353,336,19,109.08276948497313,0.2334113362848168,0.28600911514984817,0.052597778865031364,3717809881,live_unpatched_same_model,1.2489427999826148
6,9,121,471,19,136.23808812678564,0.1553593319424777,0.05264993609097906,-0.10270939585149863,1130717063,live_unpatched_same_model,1.234487000037916
6,10,145,125,19,85.2051251574838,-0.0414361952716543,0.0834083595462742,0.1248445548179285,2811737416,live_unpatched_same_model,1.2563766000093892
6,11,222,268,19,112.73324134162299,-0.0744144220976672,0.08104088459709793,0.15545530669476515,3695397844,live_unpatched_same_model,1.242806299997028
6,12,217,403,19,117.51799281220073,0.356841227425656,0.2516699801462299,-0.10517124727942612,3705532902,live_unpatched_same_model,1.2412813000264578
6,13,209,443,19,119.69797830784465,-0.0405956674567725,0.03530382722261893,0.07589949467939143,2247273074,live_unpatched_same_model,1.2389054999803193
6,14,322,267,19,140.07018286936724,0.20774430399201,0.3181790370862477,0.11043473309423768,2204361340,live_unpatched_same_model,1.233706999977585
6,15,65,148,19,124.16221683795429,0.0040545803889276,0.037738015657962976,0.033683435269035375,3489637915,live_unpatched_same_model,1.242089900013525
7,1,368,13,19,100.27535664750594,0.3222584150282147,0.33655447461771754,0.014296059589502863,2104186224,live_unpatched_same_model,1.246620999998413
7,2,340,186,19,124.14250147738309,0.5517011289529234,0.27629934378716287,-0.2754017851657606,3840886584,live_unpatched_same_model,1.2340710999560542
7,3,135,70,19,133.86533456399275,-0.0451771379115059,-0.01983232707389207,0.025344810837613828,2613295417,live_unpatched_same_model,1.2334513000096194
7,4,441,256,19,103.68385624866029,-0.0309425523201656,0.093240537353062,0.1241830896732276,2663477424,live_unpatched_same_model,1.2475579000310972
7,5,84,407,19,103.17152579354456,0.0701096946469617,0.16880952097496285,0.09869982632800114,1374159230,live_unpatched_same_model,1.2430094999726862
7,6,180,181,19,110.38806055107938,-0.0706881178551478,0.18628866477456327,0.2569767826297111,3431841788,live_unpatched_same_model,1.2405604000086896
7,7,442,166,19,108.47418947067077,-0.0374219266130395,-0.19927715425815265,-0.16185522764511315,1033969125,live_unpatched_same_model,1.2503100999747403
7,8,353,336,19,109.08276948497313,0.2334113362848168,0.34923101473524004,0.11581967845042324,14843374,live_unpatched_same_model,1.2508129999623634
7,9,121,471,19,136.23808812678564,0.1553593319424777,0.09855336764636731,-0.05680596429611039,1657566998,live_unpatched_same_model,1.2349002999835648
7,10,145,125,19,85.2051251574838,-0.0414361952716543,0.1322019010911123,0.1736380963627666,915760818,live_unpatched_same_model,1.2570746999699622
7,11,222,268,19,112.73324134162299,-0.0744144220976672,-0.008947300367729021,0.06546712172993818,3603167243,live_unpatched_same_model,1.2439590999856591
7,12,217,403,19,117.51799281220073,0.356841227425656,0.30377248479631225,-0.053068742629343746,1936870848,live_unpatched_same_model,1.242277900048066
7,13,209,443,19,119.69797830784465,-0.0405956674567725,-0.06222900280794656,-0.021633335351174066,2741517643,live_unpatched_same_model,1.2404268000391312
7,14,322,267,19,140.07018286936724,0.20774430399201,0.05226490834066183,-0.15547939565134816,1207193426,live_unpatched_same_model,1.2371052000089549
7,15,65,148,19,124.16221683795429,0.0040545803889276,0.31885109744676676,0.3147965170578392,3801351307,live_unpatched_same_model,1.2426196000305936
8,1,368,13,19,100.27535664750594,0.3222584150282147,0.4382002144008238,0.11594179937260912,1519022448,live_unpatched_same_model,1.2475698000052944
8,2,340,186,19,124.14250147738309,0.5517011289529234,0.802746105708685,0.25104497675576154,3063329599,live_unpatched_same_model,1.238332300039474
8,3,135,70,19,133.86533456399275,-0.0451771379115059,-0.10541207067332645,-0.06023493276182055,3053234018,live_unpatched_same_model,1.2364030999597162
8,4,441,256,19,103.68385624866029,-0.0309425523201656,0.07878092093265543,0.10972347325282103,1664873700,live_unpatched_same_model,1.2490378000074998
8,5,84,407,19,103.17152579354456,0.0701096946469617,0.1668626702720265,0.0967529756250648,1636009664,live_unpatched_same_model,1.2413739999756217
8,6,180,181,19,110.38806055107938,-0.0706881178551478,0.1063418213292085,0.17702993918435628,2652977729,live_unpatched_same_model,1.2348870999994688
8,7,442,166,19,108.47418947067077,-0.0374219266130395,0.013450758510777176,0.05087268512381668,3004662001,live_unpatched_same_model,1.2464243999565952
8,8,353,336,19,109.08276948497313,0.2334113362848168,0.3280319070039298,0.094620570719113,3975987385,live_unpatched_same_model,1.2494561999919824
8,9,121,471,19,136.23808812678564,0.1553593319424777,0.08655415839287074,-0.06880517354960695,1807233517,live_unpatched_same_model,1.2396315000369214
8,10,145,125,19,85.2051251574838,-0.0414361952716543,0.15754270052139943,0.19897889579305372,3945496779,live_unpatched_same_model,1.257657099980861
8,11,222,268,19,112.73324134162299,-0.0744144220976672,0.08769405393087201,0.16210847602853923,4197161704,live_unpatched_same_model,1.2437826999812387
8,12,217,403,19,117.51799281220073,0.356841227425656,0.3533780697689203,-0.003463157656735716,2713496773,live_unpatched_same_model,1.2402826999896206
8,13,209,443,19,119.69797830784465,-0.0405956674567725,-0.08930047955053333,-0.04870481209376083,1532951249,live_unpatched_same_model,1.2388573000207543
8,14,322,267,19,140.07018286936724,0.20774430399201,0.39077806791293035,0.18303376392092036,2815573081,live_unpatched_same_model,1.2334033999941312
8,15,65,148,19,124.16221683795429,0.0040545803889276,0.13402373849828142,0.12996915810935383,3828573876,live_unpatched_same_model,1.2434964000131004
9,1,368,13,19,100.27535664750594,0.3222584150282147,0.29304890278762225,-0.029209512240592428,2592571450,live_unpatched_same_model,1.2492469999706373
9,2,340,186,19,124.14250147738309,0.5517011289529234,0.5616647255015185,0.009963596548595022,3287285284,live_unpatched_same_model,1.235086600005161
9,3,135,70,19,133.86533456399275,-0.0451771379115059,0.16563145697023926,0.21080859488174516,4055563729,live_unpatched_same_model,1.2339671999798156
9,4,441,256,19,103.68385624866029,-0.0309425523201656,0.06472199533064747,0.09566454765081307,2148708348,live_unpatched_same_model,1.2493644000496715
9,5,84,407,19,103.17152579354456,0.0701096946469617,0.4656629443252719,0.3955532496783102,151426976,live_unpatched_same_model,1.2448673999751918
9,6,180,181,19,110.38806055107938,-0.0706881178551478,-0.3232291111605169,-0.2525409933053691,2390245477,live_unpatched_same_model,1.2344542000209913
9,7,442,166,19,108.47418947067077,-0.0374219266130395,0.2888048423151024,0.3262267689281419,2794666446,live_unpatched_same_model,1.247096600010991
9,8,353,336,19,109.08276948497313,0.2334113362848168,0.410896084796987,0.17748474851217022,20953572,live_unpatched_same_model,1.2483770999824628
9,9,121,471,19,136.23808812678564,0.1553593319424777,0.33718926605276645,0.18182993411028875,2521500709,live_unpatched_same_model,1.2357847999664955
9,10,145,125,19,85.2051251574838,-0.0414361952716543,-0.27481998845846056,-0.23338379318680627,1847893750,live_unpatched_same_model,1.2563601000001654
9,11,222,268,19,112.73324134162299,-0.0744144220976672,0.2032052912759844,0.2776197133736516,2117261573,live_unpatched_same_model,1.2415173999615945
9,12,217,403,19,117.51799281220073,0.356841227425656,0.40970687142731027,0.05286564400165428,1418933077,live_unpatched_same_model,1.2401609999942593
9,13,209,443,19,119.69797830784465,-0.0405956674567725,-0.0637976360578125,-0.02320196860104,711387937,live_unpatched_same_model,1.2395120000001043
9,14,322,267,19,140.07018286936724,0.20774430399201,0.23275234740935832,0.02500804341734833,4153826787,live_unpatched_same_model,1.2320689999614842
9,15,65,148,19,124.16221683795429,0.0040545803889276,0.27270385738574765,0.26864927699682006,1478912328,live_unpatched_same_model,1.2428356999880634
10,1,368,13,19,100.27535664750594,0.3222584150282147,0.05423761540623778,-0.2680207996219769,947298450,live_unpatched_same_model,1.2499498999677598
10,2,340,186,19,124.14250147738309,0.5517011289529234,0.4376330803213001,-0.11406804863162334,2523679102,live_unpatched_same_model,1.2341785000171512
10,3,135,70,19,133.86533456399275,-0.0451771379115059,0.21032584027273563,0.2555029781842415,2524967868,live_unpatched_same_model,1.2365702000097372
10,4,441,256,19,103.68385624866029,-0.0309425523201656,-0.1593360168624488,-0.1283934645422832,2584351961,live_unpatched_same_model,1.2485132000292651
10,5,84,407,19,103.17152579354456,0.0701096946469617,0.08652248256693301,0.016412787919971306,2383002385,live_unpatched_same_model,1.2433028999948874
10,6,180,181,19,110.38806055107938,-0.0706881178551478,0.0013931943276979236,0.07208131218284572,84588444,live_unpatched_same_model,1.2356781999696977
10,7,442,166,19,108.47418947067077,-0.0374219266130395,0.02620825898796661,0.06363018560100611,2180801058,live_unpatched_same_model,1.247571700019762
10,8,353,336,19,109.08276948497313,0.2334113362848168,0.21530114075376228,-0.01811019553105453,435843115,live_unpatched_same_model,1.2499971999786794
10,9,121,471,19,136.23808812678564,0.1553593319424777,0.24542379820406038,0.09006446626158268,3355014640,live_unpatched_same_model,1.235382099985145
10,10,145,125,19,85.2051251574838,-0.0414361952716543,-0.09821741002864555,-0.05678121475699125,1327884324,live_unpatched_same_model,1.2588527000043541
10,11,222,268,19,112.73324134162299,-0.0744144220976672,-0.011440311779817707,0.0629741103178495,3964440730,live_unpatched_same_model,1.2417443000013009
10,12,217,403,19,117.51799281220073,0.356841227425656,0.4716805902846366,0.11483936285898061,2611289632,live_unpatched_same_model,1.2412888000253588
10,13,209,443,19,119.69797830784465,-0.0405956674567725,-0.10546817540987491,-0.06487250795310241,3274405380,live_unpatched_same_model,1.239068299997598
10,14,322,267,19,140.07018286936724,0.20774430399201,0.40587189068779794,0.19812758669578795,1094141764,live_unpatched_same_model,1.2321636999840848
10,15,65,148,19,124.16221683795429,0.0040545803889276,0.008495425110946251,0.004440844722018652,3940649899,live_unpatched_same_model,1.2427075000014156
11,1,368,13,19,100.27535664750594,0.3222584150282147,0.3428642062732148,0.020605791245000116,1252977387,live_unpatched_same_model,1.2467210999457166
11,2,340,186,19,124.14250147738309,0.5517011289529234,0.5287116848152731,-0.02298944413765036,2088292294,live_unpatched_same_model,1.2337204999639653
11,3,135,70,19,133.86533456399275,-0.0451771379115059,-0.26976584729827435,-0.22458870938676845,2343921378,live_unpatched_same_model,1.2340893000364304
11,4,441,256,19,103.68385624866029,-0.0309425523201656,0.049840130483938205,0.0807826828041038,372977299,live_unpatched_same_model,1.2494662999524735
11,5,84,407,19,103.17152579354456,0.0701096946469617,0.07695850188453383,0.006848807237572127,674004890,live_unpatched_same_model,1.2423565000062808
11,6,180,181,19,110.38806055107938,-0.0706881178551478,-0.06522925418036993,0.005458863674777867,3699398504,live_unpatched_same_model,1.235536200052593
11,7,442,166,19,108.47418947067077,-0.0374219266130395,-0.06860025307769727,-0.031178326464657763,849143831,live_unpatched_same_model,1.2509396999957971
11,8,353,336,19,109.08276948497313,0.2334113362848168,0.013542257553018825,-0.21986907873179798,266885677,live_unpatched_same_model,1.2495495000039227
11,9,121,471,19,136.23808812678564,0.1553593319424777,0.2701591527634454,0.11479982082096768,1019067877,live_unpatched_same_model,1.2389841999975033
11,10,145,125,19,85.2051251574838,-0.0414361952716543,-0.011446611703072195,0.029989583568582105,1009289447,live_unpatched_same_model,1.2580472000408918
11,11,222,268,19,112.73324134162299,-0.0744144220976672,-0.0017540951888064132,0.07266032690886079,4268037379,live_unpatched_same_model,1.2429078000131994
11,12,217,403,19,117.51799281220073,0.356841227425656,0.43330610421471977,0.07646487678906377,1909726767,live_unpatched_same_model,1.2417001000139862
11,13,209,443,19,119.69797830784465,-0.0405956674567725,0.0021904854412277087,0.0427861528980002,2171743928,live_unpatched_same_model,1.2389659999753349
11,14,322,267,19,140.07018286936724,0.20774430399201,0.3526625736392631,0.14491826964725313,248949053,live_unpatched_same_model,1.2330051999888383
11,15,65,148,19,124.16221683795429,0.0040545803889276,0.1960592970414265,0.1920047166524989,2455947572,live_unpatched_same_model,1.242020000005141
12,1,368,13,19,100.27535664750594,0.3222584150282147,0.36026059754137546,0.03800218251316079,3428107791,live_unpatched_same_model,1.2466565999784507
12,2,340,186,19,124.14250147738309,0.5517011289529234,0.753741411292602,0.20204028233967852,1807115720,live_unpatched_same_model,1.2349381999811158
12,3,135,70,19,133.86533456399275,-0.0451771379115059,0.08221452521320866,0.12739166312471456,576096588,live_unpatched_same_model,1.2347288999590091
12,4,441,256,19,103.68385624866029,-0.0309425523201656,-0.07194506109528925,-0.04100250877512365,2284000228,live_unpatched_same_model,1.2524172000121325
12,5,84,407,19,103.17152579354456,0.0701096946469617,-0.1902823510666351,-0.2603920457135968,2934405046,live_unpatched_same_model,1.2440624000155367
12,6,180,181,19,110.38806055107938,-0.0706881178551478,0.0032222356130672597,0.07391035346821505,1673285577,live_unpatched_same_model,1.2359551999834366
12,7,442,166,19,108.47418947067077,-0.0374219266130395,0.1388978930402022,0.1763198196532417,2808747233,live_unpatched_same_model,1.2482462000334635
12,8,353,336,19,109.08276948497313,0.2334113362848168,0.06755474784073376,-0.16585658844408305,888791988,live_unpatched_same_model,1.2543687000288628
12,9,121,471,19,136.23808812678564,0.1553593319424777,0.25933575050009783,0.10397641855762013,3825545578,live_unpatched_same_model,1.2373776999884285
12,10,145,125,19,85.2051251574838,-0.0414361952716543,0.08479897443157969,0.12623516970323398,11854130,live_unpatched_same_model,1.2598799000261351
12,11,222,268,19,112.73324134162299,-0.0744144220976672,0.0908272978389346,0.1652417199366018,3190503154,live_unpatched_same_model,1.2416995000094175
12,12,217,403,19,117.51799281220073,0.356841227425656,0.5486875701628793,0.19184634273722329,1438609232,live_unpatched_same_model,1.2404296000022441
12,13,209,443,19,119.69797830784465,-0.0405956674567725,-0.2465455402115934,-0.2059498727548209,2685347286,live_unpatched_same_model,1.2392667999956757
12,14,322,267,19,140.07018286936724,0.20774430399201,0.4488905541380172,0.2411462501460072,1998646390,live_unpatched_same_model,1.2336248999927193
12,15,65,148,19,124.16221683795429,0.0040545803889276,0.14492678313028898,0.1408722027413614,3269826373,live_unpatched_same_model,1.2421423000050709
13,1,368,13,19,100.27535664750594,0.3222584150282147,0.388909833970303,0.06665141894208831,462793927,live_unpatched_same_model,1.2479294000077061
13,2,340,186,19,124.14250147738309,0.5517011289529234,0.5749932860371939,0.02329215708427046,993442479,live_unpatched_same_model,1.2326474000001326
13,3,135,70,19,133.86533456399275,-0.0451771379115059,-0.08005057290279152,-0.034873434991285625,3035723038,live_unpatched_same_model,1.2350357999675907
13,4,441,256,19,103.68385624866029,-0.0309425523201656,0.09941594386927051,0.13035849618943612,162533811,live_unpatched_same_model,1.2511488999589346
13,5,84,407,19,103.17152579354456,0.0701096946469617,-9.910579093952536e-05,-0.07020880043790123,1136157598,live_unpatched_same_model,1.2421560999937356
13,6,180,181,19,110.38806055107938,-0.0706881178551478,0.29965628652884324,0.370344404383991,3435050904,live_unpatched_same_model,1.236620399984531
13,7,442,166,19,108.47418947067077,-0.0374219266130395,0.08445478405192185,0.12187671066496135,2154730725,live_unpatched_same_model,1.2490484999725595
13,8,353,336,19,109.08276948497313,0.2334113362848168,0.1675198643984476,-0.06589147188636921,3538927407,live_unpatched_same_model,1.2506897000130266
13,9,121,471,19,136.23808812678564,0.1553593319424777,0.0867542213612628,-0.06860511058121489,3117874284,live_unpatched_same_model,1.234411999990698
13,10,145,125,19,85.2051251574838,-0.0414361952716543,-0.044719732778391266,-0.003283537506736968,1969522677,live_unpatched_same_model,1.2588843999546953
13,11,222,268,19,112.73324134162299,-0.0744144220976672,0.12118496129322603,0.19559938339089322,660140855,live_unpatched_same_model,1.2429438000544906
13,12,217,403,19,117.51799281220073,0.356841227425656,0.41950226997489204,0.06266104254923605,1996263916,live_unpatched_same_model,1.244177300017327
13,13,209,443,19,119.69797830784465,-0.0405956674567725,0.03827791372911323,0.07887358118588572,188610245,live_unpatched_same_model,1.2411875000107102
13,14,322,267,19,140.07018286936724,0.20774430399201,0.01777555358023107,-0.1899687504117789,3065890626,live_unpatched_same_model,1.234979700006079
13,15,65,148,19,124.16221683795429,0.0040545803889276,0.14664250642768267,0.1425879260387551,2389815075,live_unpatched_same_model,1.242077600036282
14,1,368,13,19,100.27535664750594,0.3222584150282147,0.2960021773004713,-0.02625623772774338,3494087591,live_unpatched_same_model,1.2472658000187948
14,2,340,186,19,124.14250147738309,0.5517011289529234,0.6298788518924192,0.07817772293949576,705485290,live_unpatched_same_model,1.234981500019785
14,3,135,70,19,133.86533456399275,-0.0451771379115059,0.029526913620599143,0.07470405153210505,3657640508,live_unpatched_same_model,1.2349984000320546
14,4,441,256,19,103.68385624866029,-0.0309425523201656,-0.20019542031737222,-0.16925286799720662,417935284,live_unpatched_same_model,1.2504265999887139
14,5,84,407,19,103.17152579354456,0.0701096946469617,0.12002464048562236,0.04991494583866066,2289258072,live_unpatched_same_model,1.2419065000140108
14,6,180,181,19,110.38806055107938,-0.0706881178551478,-0.09808521632037197,-0.027397098465224173,2155814632,live_unpatched_same_model,1.2363247000030242
14,7,442,166,19,108.47418947067077,-0.0374219266130395,-0.22052776232270485,-0.18310583570966535,360678037,live_unpatched_same_model,1.2461040999623947
14,8,353,336,19,109.08276948497313,0.2334113362848168,0.43133551724760066,0.19792418096278386,1750835305,live_unpatched_same_model,1.2507353000110015
14,9,121,471,19,136.23808812678564,0.1553593319424777,0.24634072823362954,0.09098139629115184,2504501743,live_unpatched_same_model,1.2370675000129268
14,10,145,125,19,85.2051251574838,-0.0414361952716543,0.02507810080164395,0.06651429607329826,3811742794,live_unpatched_same_model,1.2612120999838226
14,11,222,268,19,112.73324134162299,-0.0744144220976672,0.05474666241829629,0.12916108451596348,1141058347,live_unpatched_same_model,1.2432965000043623
14,12,217,403,19,117.51799281220073,0.356841227425656,0.2844172821240778,-0.0724239453015782,2819398037,live_unpatched_same_model,1.2445423000026494
14,13,209,443,19,119.69797830784465,-0.0405956674567725,-0.10773532263255983,-0.06713965517578734,691004205,live_unpatched_same_model,1.2437400000053458
14,14,322,267,19,140.07018286936724,0.20774430399201,0.052208315508425626,-0.15553598848358435,2259138667,live_unpatched_same_model,1.2337499000132084
14,15,65,148,19,124.16221683795429,0.0040545803889276,0.07703009548353364,0.07297551509460604,2232984944,live_unpatched_same_model,1.24320029997034
15,1,368,13,19,100.27535664750594,0.3222584150282147,0.48183134903936536,0.1595729340111507,3737226972,live_unpatched_same_model,1.248030100017786
15,2,340,186,19,124.14250147738309,0.5517011289529234,0.2736592110026639,-0.27804191795025957,2544219048,live_unpatched_same_model,1.2353851000079885
15,3,135,70,19,133.86533456399275,-0.0451771379115059,0.10804288544323767,0.15322002335474358,2997608580,live_unpatched_same_model,1.2354228000040166
15,4,441,256,19,103.68385624866029,-0.0309425523201656,-0.0021128792670297306,0.02882967305313587,3786975765,live_unpatched_same_model,1.2490216000005603
15,5,84,407,19,103.17152579354456,0.0701096946469617,0.03490884154185717,-0.03520085310510453,788307965,live_unpatched_same_model,1.2431207000045106
15,6,180,181,19,110.38806055107938,-0.0706881178551478,-0.12926694687448223,-0.058578829019334436,289591228,live_unpatched_same_model,1.2363327000057325
15,7,442,166,19,108.47418947067077,-0.0374219266130395,-0.1746720141041355,-0.137250087491096,1727221221,live_unpatched_same_model,1.2498221999849193
15,8,353,336,19,109.08276948497313,0.2334113362848168,0.4744152265277284,0.24100389024291158,2789104664,live_unpatched_same_model,1.2512521999888122
15,9,121,471,19,136.23808812678564,0.1553593319424777,-0.17197884447695405,-0.32733817641943175,2910096051,live_unpatched_same_model,1.2367634000256658
15,10,145,125,19,85.2051251574838,-0.0414361952716543,0.009595487364725425,0.05103168263637972,3258023653,live_unpatched_same_model,1.2651509999996051
15,11,222,268,19,112.73324134162299,-0.0744144220976672,0.11708318060655111,0.1914976027042183,26241599,live_unpatched_same_model,1.2428424000390805
15,12,217,403,19,117.51799281220073,0.356841227425656,0.3076359521459361,-0.04920527527971991,10855145,live_unpatched_same_model,1.241519499977585
15,13,209,443,19,119.69797830784465,-0.0405956674567725,-0.06640481510133472,-0.025809147644562228,2806363621,live_unpatched_same_model,1.2403892999864183
15,14,322,267,19,140.07018286936724,0.20774430399201,0.26114294523542186,0.05339864124341187,4110016888,live_unpatched_same_model,1.233864099951461
15,15,65,148,19,124.16221683795429,0.0040545803889276,-0.07448913361782247,-0.07854371400675007,2614986520,live_unpatched_same_model,1.2423518999712542
16,1,368,13,19,100.27535664750594,0.3222584150282147,0.5707856673910188,0.2485272523628041,3138178595,live_unpatched_same_model,1.2485051999683492
16,2,340,186,19,124.14250147738309,0.5517011289529234,0.5303975651827904,-0.021303563770133094,1460297807,live_unpatched_same_model,1.2405032000388019
16,3,135,70,19,133.86533456399275,-0.0451771379115059,0.07029101285070562,0.11546815076221151,3723830472,live_unpatched_same_model,1.2363571000169031
16,4,441,256,19,103.68385624866029,-0.0309425523201656,-0.34134643514305407,-0.31040388282288844,3770327630,live_unpatched_same_model,1.2685383000061847
16,5,84,407,19,103.17152579354456,0.0701096946469617,0.044188580540982056,-0.02592111410597965,2462675066,live_unpatched_same_model,1.240502499975264
16,6,180,181,19,110.38806055107938,-0.0706881178551478,-0.06999072347012947,0.0006973943850183267,3244686627,live_unpatched_same_model,1.2352242000051774
16,7,442,166,19,108.47418947067077,-0.0374219266130395,0.17378069978956218,0.21120262640260168,2554575390,live_unpatched_same_model,1.2474477000068873
16,8,353,336,19,109.08276948497313,0.2334113362848168,0.39575376127216055,0.16234242498734375,633805875,live_unpatched_same_model,1.2490208999952301
16,9,121,471,19,136.23808812678564,0.1553593319424777,0.3663697067083276,0.21101037476584988,934484681,live_unpatched_same_model,1.2353871999657713
16,10,145,125,19,85.2051251574838,-0.0414361952716543,-0.15477235333809355,-0.11333615806643926,2719185185,live_unpatched_same_model,1.2576560999732465
16,11,222,268,19,112.73324134162299,-0.0744144220976672,0.08714890453886175,0.16156332663652895,813873515,live_unpatched_same_model,1.241595099971164
16,12,217,403,19,117.51799281220073,0.356841227425656,0.27435439340901824,-0.08248683401663776,2453479138,live_unpatched_same_model,1.2421690999763086
16,13,209,443,19,119.69797830784465,-0.0405956674567725,0.009624477151232906,0.050220144608005404,593238867,live_unpatched_same_model,1.2386529000359587
16,14,322,267,19,140.07018286936724,0.20774430399201,-0.03378538378373204,-0.24152968777574202,3535548580,live_unpatched_same_model,1.2327929000020958
16,15,65,148,19,124.16221683795429,0.0040545803889276,-0.1705788768124583,-0.1746334572013859,2590152637,live_unpatched_same_model,1.2434387000394054
17,1,368,13,19,100.27535664750594,0.3222584150282147,0.4754618903808273,0.15320347535261264,2169003699,live_unpatched_same_model,1.24676140001975
17,2,340,186,19,124.14250147738309,0.5517011289529234,0.4317604906492902,-0.11994063830363327,479240827,live_unpatched_same_model,1.2335616999771446
17,3,135,70,19,133.86533456399275,-0.0451771379115059,0.08676658966962592,0.13194372758113182,821219170,live_unpatched_same_model,1.2342467999551445
17,4,441,256,19,103.68385624866029,-0.0309425523201656,0.24731371151317302,0.2782562638333386,769526247,live_unpatched_same_model,1.247801699966658
17,5,84,407,19,103.17152579354456,0.0701096946469617,-0.0066309524112613686,-0.07674064705822307,195204000,live_unpatched_same_model,1.2411966999643482
17,6,180,181,19,110.38806055107938,-0.0706881178551478,0.008332958734297598,0.07902107658944539,2505932457,live_unpatched_same_model,1.2377811000333168
17,7,442,166,19,108.47418947067077,-0.0374219266130395,0.09858557562870385,0.13600750224174335,1951872705,live_unpatched_same_model,1.2460088999941945
17,8,353,336,19,109.08276948497313,0.2334113362848168,0.07791586300267235,-0.15549547328214447,115069264,live_unpatched_same_model,1.2506932000396773
17,9,121,471,19,136.23808812678564,0.1553593319424777,0.1982636082679771,0.042904276325499396,1330434338,live_unpatched_same_model,1.2348873000009917
17,10,145,125,19,85.2051251574838,-0.0414361952716543,0.09648920605291747,0.13792540132457176,3587517327,live_unpatched_same_model,1.2564371000044048
17,11,222,268,19,112.73324134162299,-0.0744144220976672,-0.15622286679215325,-0.08180844469448605,3242676120,live_unpatched_same_model,1.2433010000386275
17,12,217,403,19,117.51799281220073,0.356841227425656,0.11544365612642617,-0.24139757129922984,2056294857,live_unpatched_same_model,1.242005500011146
17,13,209,443,19,119.69797830784465,-0.0405956674567725,0.12827604620700425,0.16887171366377673,255843168,live_unpatched_same_model,1.240413899999112
17,14,322,267,19,140.07018286936724,0.20774430399201,-0.03979026715570537,-0.24753457114771538,1421997565,live_unpatched_same_model,1.233233300037682
17,15,65,148,19,124.16221683795429,0.0040545803889276,-0.24120172658392017,-0.24525630697284775,1301852722,live_unpatched_same_model,1.2468167000333779
18,1,368,13,19,100.27535664750594,0.3222584150282147,0.24005957402429917,-0.0821988410039155,1540305458,live_unpatched_same_model,1.2541594000067562
18,2,340,186,19,124.14250147738309,0.5517011289529234,0.3837377350759346,-0.16796339387698883,645411241,live_unpatched_same_model,1.2566529999603517
18,3,135,70,19,133.86533456399275,-0.0451771379115059,0.0038648715172402972,0.049042009428746196,3912599459,live_unpatched_same_model,1.2390947000239976
18,4,441,256,19,103.68385624866029,-0.0309425523201656,0.31222045098213447,0.3431630033023001,1472509241,live_unpatched_same_model,1.272108799952548
18,5,84,407,19,103.17152579354456,0.0701096946469617,-0.013064649793082467,-0.08317434444004418,4162474216,live_unpatched_same_model,1.2786817000014707
18,6,180,181,19,110.38806055107938,-0.0706881178551478,-0.09035754767103171,-0.019669429815883918,3877784416,live_unpatched_same_model,1.2831474000122398
18,7,442,166,19,108.47418947067077,-0.0374219266130395,-0.11653604050261394,-0.07911411388957444,850464143,live_unpatched_same_model,1.283496499992907
18,8,353,336,19,109.08276948497313,0.2334113362848168,0.3351012688834366,0.1016899325986198,2400991396,live_unpatched_same_model,1.3031331000383943
18,9,121,471,19,136.23808812678564,0.1553593319424777,-0.13713513628721505,-0.2924944682296927,1005139471,live_unpatched_same_model,1.243168400018476
18,10,145,125,19,85.2051251574838,-0.0414361952716543,-0.19865703531887763,-0.15722084004722334,212188522,live_unpatched_same_model,1.274127300013788
18,11,222,268,19,112.73324134162299,-0.0744144220976672,0.06042490390371989,0.1348393260013871,259211635,live_unpatched_same_model,1.266194199968595
18,12,217,403,19,117.51799281220073,0.356841227425656,0.4190878801497779,0.06224665272412189,557633792,live_unpatched_same_model,1.2692115000099875
18,13,209,443,19,119.69797830784465,-0.0405956674567725,0.1861970369610796,0.2267927044178521,2085735179,live_unpatched_same_model,1.249513200018555
18,14,322,267,19,140.07018286936724,0.20774430399201,0.21866580706882874,0.010921503076818745,251227589,live_unpatched_same_model,1.2485338000115007
18,15,65,148,19,124.16221683795429,0.0040545803889276,-0.24284086603660346,-0.24689544642553105,3849058830,live_unpatched_same_model,1.2565195999923162
19,1,368,13,19,100.27535664750594,0.3222584150282147,0.49430499681765705,0.17204658178944238,3573330229,live_unpatched_same_model,1.253796799981501
19,2,340,186,19,124.14250147738309,0.5517011289529234,0.4881075517611234,-0.06359357719180003,1706960366,live_unpatched_same_model,1.248496799962595
19,3,135,70,19,133.86533456399275,-0.0451771379115059,0.0359177907185633,0.0810949286300692,176654497,live_unpatched_same_model,1.2451025999616832
19,4,441,256,19,103.68385624866029,-0.0309425523201656,-0.27651025353775693,-0.24556770121759133,3028780746,live_unpatched_same_model,1.2540346000459976
19,5,84,407,19,103.17152579354456,0.0701096946469617,0.22535204289075497,0.15524234824379327,440877160,live_unpatched_same_model,1.253492499992717
19,6,180,181,19,110.38806055107938,-0.0706881178551478,0.1107866119015316,0.1814747297566794,1460164338,live_unpatched_same_model,1.241534299973864
19,7,442,166,19,108.47418947067077,-0.0374219266130395,0.0813432443127107,0.1187651709257502,923954086,live_unpatched_same_model,1.2553111999877729
19,8,353,336,19,109.08276948497313,0.2334113362848168,0.24972746583904448,0.016316129554227676,3836507142,live_unpatched_same_model,1.2527953999815509
19,9,121,471,19,136.23808812678564,0.1553593319424777,0.12306831826956742,-0.032291013672910276,1690762189,live_unpatched_same_model,1.2390286999871023
19,10,145,125,19,85.2051251574838,-0.0414361952716543,0.009178368457961687,0.05061456372961599,568143211,live_unpatched_same_model,1.2670230999938212
19,11,222,268,19,112.73324134162299,-0.0744144220976672,0.07661817346586738,0.1510325955635346,2407460179,live_unpatched_same_model,1.2465261000324972
19,12,217,403,19,117.51799281220073,0.356841227425656,0.358746098454649,0.0019048710289930049,1399099432,live_unpatched_same_model,1.2437440999783576
19,13,209,443,19,119.69797830784465,-0.0405956674567725,-0.30050377926938854,-0.259908111812616,1249433700,live_unpatched_same_model,1.2442384999594651
19,14,322,267,19,140.07018286936724,0.20774430399201,0.09735153593882415,-0.11039276805318585,2609341234,live_unpatched_same_model,1.2348259999998845
19,15,65,148,19,124.16221683795429,0.0040545803889276,-0.05219220963018934,-0.05624679001911694,3662074577,live_unpatched_same_model,1.266422499960754
20,1,368,13,19,100.27535664750594,0.3222584150282147,0.46253788002375473,0.14027946499554006,4103196225,live_unpatched_same_model,1.2574250000179745
20,2,340,186,19,124.14250147738309,0.5517011289529234,0.45281114847186665,-0.0988899804810568,755167934,live_unpatched_same_model,1.2576814999920316
20,3,135,70,19,133.86533456399275,-0.0451771379115059,-0.05140363855660858,-0.0062265006451026825,715629766,live_unpatched_same_model,1.2459308999823406
20,4,441,256,19,103.68385624866029,-0.0309425523201656,0.14551384487014046,0.17645639719030606,3702748738,live_unpatched_same_model,1.2580625000409782
20,5,84,407,19,103.17152579354456,0.0701096946469617,-0.11273734943880491,-0.18284704408576663,2557188793,live_unpatched_same_model,1.245289699989371
20,6,180,181,19,110.38806055107938,-0.0706881178551478,0.10388800379370507,0.17457612164885286,1855137343,live_unpatched_same_model,1.2400948999566026
20,7,442,166,19,108.47418947067077,-0.0374219266130395,-0.024396810764410713,0.013025115848628789,855234619,live_unpatched_same_model,1.2589762000134215
20,8,353,336,19,109.08276948497313,0.2334113362848168,0.1345851001883147,-0.0988262360965021,1205103740,live_unpatched_same_model,1.254790800041519
20,9,121,471,19,136.23808812678564,0.1553593319424777,0.2984099116575555,0.14305057971507779,3952187485,live_unpatched_same_model,1.2611114000319503
20,10,145,125,19,85.2051251574838,-0.0414361952716543,0.20156723217190622,0.24300342744356052,486069225,live_unpatched_same_model,1.2708192000281997
20,11,222,268,19,112.73324134162299,-0.0744144220976672,-0.2860462057603196,-0.2116317836626524,2364034211,live_unpatched_same_model,1.256483900011517
20,12,217,403,19,117.51799281220073,0.356841227425656,0.2875300799851961,-0.06931114744045991,3028222654,live_unpatched_same_model,1.242963599972427
20,13,209,443,19,119.69797830784465,-0.0405956674567725,-0.04122538090149454,-0.0006297134447220409,3517075310,live_unpatched_same_model,1.240610100037884
20,14,322,267,19,140.07018286936724,0.20774430399201,0.2896004335893842,0.0818561295973742,1453714638,live_unpatched_same_model,1.2343494000378996
20,15,65,148,19,124.16221683795429,0.0040545803889276,-0.032535999656602255,-0.036590580045529855,1495052293,live_unpatched_same_model,1.2426498999702744
21,1,368,13,19,100.27535664750594,0.3222584150282147,0.17485242075147353,-0.14740599427674114,3140317774,live_unpatched_same_model,1.264904799987562
21,2,340,186,19,124.14250147738309,0.5517011289529234,0.27204338862328764,-0.2796577403296358,3679974433,live_unpatched_same_model,1.237199600029271
21,3,135,70,19,133.86533456399275,-0.0451771379115059,-0.02215264547098207,0.023024492440523826,4168962045,live_unpatched_same_model,1.2431146000162698
21,4,441,256,19,103.68385624866029,-0.0309425523201656,-0.33477400197785084,-0.30383144965768527,2095265463,live_unpatched_same_model,1.254246599972248
21,5,84,407,19,103.17152579354456,0.0701096946469617,0.2442199608400987,0.174110266193137,1115764849,live_unpatched_same_model,1.2456339999916963
21,6,180,181,19,110.38806055107938,-0.0706881178551478,-0.04734250178409094,0.023345616071056854,1420580817,live_unpatched_same_model,1.2372328999917954
21,7,442,166,19,108.47418947067077,-0.0374219266130395,-0.037431269032138545,-9.342419099042654e-06,2684761846,live_unpatched_same_model,1.284758800000418
21,8,353,336,19,109.08276948497313,0.2334113362848168,0.20530548757952652,-0.028105848705290287,3948268768,live_unpatched_same_model,1.2555805000010878
21,9,121,471,19,136.23808812678564,0.1553593319424777,0.13700496437020598,-0.018354367572271713,3003104440,live_unpatched_same_model,1.2357323999749497
21,10,145,125,19,85.2051251574838,-0.0414361952716543,0.010352406073725727,0.05178860134538003,650636248,live_unpatched_same_model,1.2638941999757662
21,11,222,268,19,112.73324134162299,-0.0744144220976672,-0.10357179256850764,-0.029157370470840438,3817709515,live_unpatched_same_model,1.2489655999816023
21,12,217,403,19,117.51799281220073,0.356841227425656,0.3820368617435038,0.025195634317847826,1005690407,live_unpatched_same_model,1.2874497000011615
21,13,209,443,19,119.69797830784465,-0.0405956674567725,0.009636308125647279,0.05023197558241978,3061377751,live_unpatched_same_model,1.2402828999911435
21,14,322,267,19,140.07018286936724,0.20774430399201,0.10926774194988335,-0.09847656204212664,3166057825,live_unpatched_same_model,1.2412215999793261
21,15,65,148,19,124.16221683795429,0.0040545803889276,0.0383689463263403,0.0343143659374127,504457891,live_unpatched_same_model,1.2533560000010766
22,1,368,13,19,100.27535664750594,0.3222584150282147,0.4306549180129381,0.10839650298472342,3402103999,live_unpatched_same_model,1.2729438000242226
22,2,340,186,19,124.14250147738309,0.5517011289529234,0.3234929180602788,-0.22820821089264465,1945897779,live_unpatched_same_model,1.238166299997829
22,3,135,70,19,133.86533456399275,-0.0451771379115059,0.07405108197315262,0.11922821988465851,2359711977,live_unpatched_same_model,1.2348559999954887
22,4,441,256,19,103.68385624866029,-0.0309425523201656,-0.09624885867074341,-0.06530630635057781,4112460275,live_unpatched_same_model,1.2652795999892987
22,5,84,407,19,103.17152579354456,0.0701096946469617,0.1032632510861465,0.033153556439184786,1910487594,live_unpatched_same_model,1.2514537000097334
22,6,180,181,19,110.38806055107938,-0.0706881178551478,0.19521681264521082,0.2659049305003586,296627200,live_unpatched_same_model,1.2487246000091545
22,7,442,166,19,108.47418947067077,-0.0374219266130395,-0.05464774781133627,-0.01722582119829677,2374460318,live_unpatched_same_model,1.2491507999948226
22,8,353,336,19,109.08276948497313,0.2334113362848168,0.36205333383178095,0.12864199754696415,3306125452,live_unpatched_same_model,1.2811039999942295
22,9,121,471,19,136.23808812678564,0.1553593319424777,0.07815571105062069,-0.077203620891857,4067210351,live_unpatched_same_model,1.245036699983757
22,10,145,125,19,85.2051251574838,-0.0414361952716543,-0.04485619875530568,-0.0034200034836513807,1073150271,live_unpatched_same_model,1.2599728000350296
22,11,222,268,19,112.73324134162299,-0.0744144220976672,0.062025248908824715,0.1364396710064919,1163404838,live_unpatched_same_model,1.245940699998755
22,12,217,403,19,117.51799281220073,0.356841227425656,0.2641705975789766,-0.0926706298466794,1069893684,live_unpatched_same_model,1.2490229000104591
22,13,209,443,19,119.69797830784465,-0.0405956674567725,-0.061953646728973,-0.021357979272200504,2095147455,live_unpatched_same_model,1.2439310000045225
22,14,322,267,19,140.07018286936724,0.20774430399201,0.06007082530767505,-0.14767347868433495,1858440482,live_unpatched_same_model,1.2358305000234395
22,15,65,148,19,124.16221683795429,0.0040545803889276,-0.04442157244340317,-0.04847615283233077,3273935907,live_unpatched_same_model,1.2448674000333995
23,1,368,13,19,100.27535664750594,0.3222584150282147,0.11941984094936745,-0.20283857407884723,3326308812,live_unpatched_same_model,1.2545247999951243
23,2,340,186,19,124.14250147738309,0.5517011289529234,0.567378296449463,0.01567716749653958,3807639068,live_unpatched_same_model,1.2361770999850705
23,3,135,70,19,133.86533456399275,-0.0451771379115059,-0.30204515722219216,-0.25686801931068626,3794563133,live_unpatched_same_model,1.2585287000401877
23,4,441,256,19,103.68385624866029,-0.0309425523201656,0.019179313059113242,0.050121865379278846,2871820584,live_unpatched_same_model,1.2646977999829687
23,5,84,407,19,103.17152579354456,0.0701096946469617,0.21878354062485353,0.14867384597789182,159672267,live_unpatched_same_model,1.248622399987653
23,6,180,181,19,110.38806055107938,-0.0706881178551478,-0.12176281058817554,-0.05107469273302774,3584036107,live_unpatched_same_model,1.2396602000226267
23,7,442,166,19,108.47418947067077,-0.0374219266130395,0.06720613595009234,0.10462806256313184,2313329897,live_unpatched_same_model,1.2521097999997437
23,8,353,336,19,109.08276948497313,0.2334113362848168,0.07709555965924796,-0.15631577662556884,4086401408,live_unpatched_same_model,1.2797106999787502
23,9,121,471,19,136.23808812678564,0.1553593319424777,0.21319138685601358,0.05783205491353588,1105619521,live_unpatched_same_model,1.2392314999597147
23,10,145,125,19,85.2051251574838,-0.0414361952716543,0.11410565164478709,0.15554184691644138,289223638,live_unpatched_same_model,1.25981200003298
23,11,222,268,19,112.73324134162299,-0.0744144220976672,0.27305250149604665,0.34746692359371384,481257741,live_unpatched_same_model,1.2456319000339136
23,12,217,403,19,117.51799281220073,0.356841227425656,0.1628149443773151,-0.19402628304834088,445499104,live_unpatched_same_model,1.2626208000001498
23,13,209,443,19,119.69797830784465,-0.0405956674567725,0.08854407701344855,0.12913974447022103,3330887858,live_unpatched_same_model,1.2725190999917686
23,14,322,267,19,140.07018286936724,0.20774430399201,-0.1847016767673358,-0.3924459807593458,517340024,live_unpatched_same_model,1.2862652000039816
23,15,65,148,19,124.16221683795429,0.0040545803889276,0.04595680978316108,0.04190222939423348,2471905760,live_unpatched_same_model,1.2455068999552168
24,1,368,13,19,100.27535664750594,0.3222584150282147,0.215946802199079,-0.10631161282913568,2366952337,live_unpatched_same_model,1.2496742000221275
24,2,340,186,19,124.14250147738309,0.5517011289529234,0.534477405587457,-0.017223723365466403,1381331022,live_unpatched_same_model,1.2342067999998108
24,3,135,70,19,133.86533456399275,-0.0451771379115059,0.08452502325775996,0.12970216116926586,1302848736,live_unpatched_same_model,1.2384213999612257
24,4,441,256,19,103.68385624866029,-0.0309425523201656,0.009317927313853195,0.0402604796340188,156084285,live_unpatched_same_model,1.2477062999969348
24,5,84,407,19,103.17152579354456,0.0701096946469617,0.31211194213844023,0.24200224749147853,1233920985,live_unpatched_same_model,1.2407945999875665
24,6,180,181,19,110.38806055107938,-0.0706881178551478,-0.02696354278092769,0.043724575074220104,4294899376,live_unpatched_same_model,1.236929499951657
24,7,442,166,19,108.47418947067077,-0.0374219266130395,-0.13492591549495694,-0.09750398888191744,1516732928,live_unpatched_same_model,1.2632668999722227
24,8,353,336,19,109.08276948497313,0.2334113362848168,0.35299155069342497,0.11958021440860817,173416289,live_unpatched_same_model,1.2651442000060342
24,9,121,471,19,136.23808812678564,0.1553593319424777,0.011291212616513823,-0.14406811932596386,2966991195,live_unpatched_same_model,1.2402561000199057
24,10,145,125,19,85.2051251574838,-0.0414361952716543,-0.034571395702644336,0.006864799569009962,4204525369,live_unpatched_same_model,1.2589537999592721
24,11,222,268,19,112.73324134162299,-0.0744144220976672,-0.20350360268367307,-0.12908918058600588,3978681735,live_unpatched_same_model,1.2475878999684937
24,12,217,403,19,117.51799281220073,0.356841227425656,0.2889348904691833,-0.06790633695647269,1278186779,live_unpatched_same_model,1.2413010000018403
24,13,209,443,19,119.69797830784465,-0.0405956674567725,-0.1919726066116836,-0.15137693915491113,2584242372,live_unpatched_same_model,1.2443850000272505
24,14,322,267,19,140.07018286936724,0.20774430399201,0.16988352819585,-0.037860775796159984,2782489635,live_unpatched_same_model,1.2475842999992892
24,15,65,148,19,124.16221683795429,0.0040545803889276,-0.1051225607057995,-0.1091771410947271,1588882160,live_unpatched_same_model,1.2538926999550313
25,1,368,13,19,100.27535664750594,0.3222584150282147,0.4699274453840172,0.14766903035580253,1845358680,live_unpatched_same_model,1.2502840000088327
25,2,340,186,19,124.14250147738309,0.5517011289529234,0.37878638155098865,-0.1729147474019348,951452631,live_unpatched_same_model,1.2383225999656133
25,3,135,70,19,133.86533456399275,-0.0451771379115059,0.2755311794347812,0.32070831734628713,43716127,live_unpatched_same_model,1.234372200036887
25,4,441,256,19,103.68385624866029,-0.0309425523201656,-0.09868693313755095,-0.06774438081738535,2987184259,live_unpatched_same_model,1.2525810999795794
25,5,84,407,19,103.17152579354456,0.0701096946469617,0.018345448819488658,-0.05176424582747305,358980530,live_unpatched_same_model,1.2479315000236966
25,6,180,181,19,110.38806055107938,-0.0706881178551478,0.07003198350670285,0.14072010136185065,705346077,live_unpatched_same_model,1.2352635999559425
25,7,442,166,19,108.47418947067077,-0.0374219266130395,0.11951686839062295,0.15693879500366245,649406692,live_unpatched_same_model,1.2463488000212237
25,8,353,336,19,109.08276948497313,0.2334113362848168,-0.06485661840573739,-0.2982679546905542,4279488060,live_unpatched_same_model,1.2519068000256084
25,9,121,471,19,136.23808812678564,0.1553593319424777,0.2862682622306074,0.13090893028812972,3672407490,live_unpatched_same_model,1.2416458000079729
25,10,145,125,19,85.2051251574838,-0.0414361952716543,0.029434683069707375,0.07087087834136167,3301075324,live_unpatched_same_model,1.258635999984108
25,11,222,268,19,112.73324134162299,-0.0744144220976672,-0.21019828702214058,-0.13578386492447336,1589401112,live_unpatched_same_model,1.2433442000183277
25,12,217,403,19,117.51799281220073,0.356841227425656,0.3617053560116278,0.004864128585971794,1298331195,live_unpatched_same_model,1.2453376000048593
25,13,209,443,19,119.69797830784465,-0.0405956674567725,-0.3129901209842753,-0.2723944535275028,1684641454,live_unpatched_same_model,1.2453024000278674
25,14,322,267,19,140.07018286936724,0.20774430399201,0.3012755232898738,0.09353121929786379,1959470467,live_unpatched_same_model,1.2378948999685235
25,15,65,148,19,124.16221683795429,0.0040545803889276,-0.035094165596177965,-0.039148745985105565,2146788224,live_unpatched_same_model,1.2418874999857508
26,1,368,13,19,100.27535664750594,0.3222584150282147,0.44767568290658544,0.12541726787837076,1144311894,live_unpatched_same_model,1.2480262000462972
26,2,340,186,19,124.14250147738309,0.5517011289529234,0.47671663790674845,-0.074984491046175,4002055525,live_unpatched_same_model,1.2334701000363566
26,3,135,70,19,133.86533456399275,-0.0451771379115059,0.10004448341349749,0.14522162132500338,3794192385,live_unpatched_same_model,1.2371035000542179
26,4,441,256,19,103.68385624866029,-0.0309425523201656,-0.1234388663118838,-0.0924963139917182,1798836095,live_unpatched_same_model,1.2495330999954604
26,5,84,407,19,103.17152579354456,0.0701096946469617,-0.028595818597955847,-0.09870551324491755,1022077414,live_unpatched_same_model,1.2415495999739505
26,6,180,181,19,110.38806055107938,-0.0706881178551478,-0.27571556330861724,-0.20502744545346946,2765294280,live_unpatched_same_model,1.2361098999972455
26,7,442,166,19,108.47418947067077,-0.0374219266130395,0.10908632400111384,0.14650825061415335,343767035,live_unpatched_same_model,1.257424200011883
26,8,353,336,19,109.08276948497313,0.2334113362848168,0.11244744804610078,-0.12096388823871602,3499722905,live_unpatched_same_model,1.2513074000016786
26,9,121,471,19,136.23808812678564,0.1553593319424777,0.41726755667784377,0.26190822473536607,2024710308,live_unpatched_same_model,1.2362793000065722
26,10,145,125,19,85.2051251574838,-0.0414361952716543,0.05464449974571881,0.09608069501737311,1419505167,live_unpatched_same_model,1.2618076999788173
26,11,222,268,19,112.73324134162299,-0.0744144220976672,-0.19453007018906723,-0.12011564809140003,3648568846,live_unpatched_same_model,1.242430999991484
26,12,217,403,19,117.51799281220073,0.356841227425656,0.3787534700633357,0.021912242637679713,3102506543,live_unpatched_same_model,1.2446528999716975
26,13,209,443,19,119.69797830784465,-0.0405956674567725,-0.018322661454763328,0.02227300600200917,1181640739,live_unpatched_same_model,1.2417241999646649
26,14,322,267,19,140.07018286936724,0.20774430399201,0.45809655437407015,0.25035225038206016,2913873069,live_unpatched_same_model,1.2527696000179276
26,15,65,148,19,124.16221683795429,0.0040545803889276,0.4088818441334988,0.40482726374457123,4029957462,live_unpatched_same_model,1.2424198999651708
27,1,368,13,19,100.27535664750594,0.3222584150282147,0.2873511463396781,-0.03490726868853655,3352475182,live_unpatched_same_model,1.2511785000097007
27,2,340,186,19,124.14250147738309,0.5517011289529234,0.5050919864470494,-0.046609142505874,1718910056,live_unpatched_same_model,1.235952000017278
27,3,135,70,19,133.86533456399275,-0.0451771379115059,-0.015938670700527777,0.02923846721097812,1240351124,live_unpatched_same_model,1.23530799994478
27,4,441,256,19,103.68385624866029,-0.0309425523201656,-0.21611329897934276,-0.18517074665917715,616700195,live_unpatched_same_model,1.2482233999762684
27,5,84,407,19,103.17152579354456,0.0701096946469617,0.24582707493932007,0.17571738029235837,2177815421,live_unpatched_same_model,1.246029100031592
27,6,180,181,19,110.38806055107938,-0.0706881178551478,0.09250200878682975,0.16319012664197755,1526818793,live_unpatched_same_model,1.2351209999760613
27,7,442,166,19,108.47418947067077,-0.0374219266130395,0.048324558828437586,0.08574648544147709,614975830,live_unpatched_same_model,1.2470638999948278
27,8,353,336,19,109.08276948497313,0.2334113362848168,0.1448374022339046,-0.08857393405091221,3893112621,live_unpatched_same_model,1.2585855000070296
27,9,121,471,19,136.23808812678564,0.1553593319424777,0.21922374057650768,0.06386440863402998,3258340491,live_unpatched_same_model,1.236748399969656
27,10,145,125,19,85.2051251574838,-0.0414361952716543,0.17323057727156554,0.21466677254321984,511888839,live_unpatched_same_model,1.2582781999954022
27,11,222,268,19,112.73324134162299,-0.0744144220976672,-0.3189693388358773,-0.24455491673821012,1060913110,live_unpatched_same_model,1.2457105000503361
27,12,217,403,19,117.51799281220073,0.356841227425656,0.3050688358062347,-0.05177239161942132,3300414293,live_unpatched_same_model,1.2423417000100017
27,13,209,443,19,119.69797830784465,-0.0405956674567725,0.06276736380268125,0.10336303125945374,2502821618,live_unpatched_same_model,1.246359399985522
27,14,322,267,19,140.07018286936724,0.20774430399201,0.13553136832913107,-0.07221293566287892,3274298249,live_unpatched_same_model,1.2338410999509506
27,15,65,148,19,124.16221683795429,0.0040545803889276,0.2963975857636652,0.2923430053747376,1030588245,live_unpatched_same_model,1.2425453000469133
28,1,368,13,19,100.27535664750594,0.3222584150282147,0.4889884234098431,0.16673000838162844,1971074580,live_unpatched_same_model,1.2463988999952562
28,2,340,186,19,124.14250147738309,0.5517011289529234,0.6012164515159756,0.04951532256305213,797567826,live_unpatched_same_model,1.233759100025054
28,3,135,70,19,133.86533456399275,-0.0451771379115059,-0.0593859432419635,-0.014208805330457604,2222008951,live_unpatched_same_model,1.234443299996201
28,4,441,256,19,103.68385624866029,-0.0309425523201656,-0.04560658766001186,-0.014664035339846261,3047633090,live_unpatched_same_model,1.2473732000216842
28,5,84,407,19,103.17152579354456,0.0701096946469617,0.20513051386393502,0.13502081921697331,586679673,live_unpatched_same_model,1.2428562000277452
28,6,180,181,19,110.38806055107938,-0.0706881178551478,0.18911565093475793,0.25980376878990574,3763910739,live_unpatched_same_model,1.2395638999878429
28,7,442,166,19,108.47418947067077,-0.0374219266130395,-0.21412517525538874,-0.17670324864234924,3206875799,live_unpatched_same_model,1.2476081000058912
28,8,353,336,19,109.08276948497313,0.2334113362848168,-0.1094008168572119,-0.34281215314202873,3234022040,live_unpatched_same_model,1.2487954999669455
28,9,121,471,19,136.23808812678564,0.1553593319424777,0.3471044508109362,0.19174511886845852,1968787288,live_unpatched_same_model,1.2361126999603584
28,10,145,125,19,85.2051251574838,-0.0414361952716543,0.005688242938227928,0.04712443820988223,25223783,live_unpatched_same_model,1.259827599977143
28,11,222,268,19,112.73324134162299,-0.0744144220976672,-0.2575862361969309,-0.1831718140992637,1075033028,live_unpatched_same_model,1.2462849000003189
28,12,217,403,19,117.51799281220073,0.356841227425656,0.28134783245950484,-0.07549339496615115,1493308767,live_unpatched_same_model,1.2416539999539964
28,13,209,443,19,119.69797830784465,-0.0405956674567725,-0.017750521923707796,0.0228451455330647,655867842,live_unpatched_same_model,1.2414364000433125
28,14,322,267,19,140.07018286936724,0.20774430399201,0.4640107173531091,0.2562664133610991,2450019378,live_unpatched_same_model,1.2328422000282444
28,15,65,148,19,124.16221683795429,0.0040545803889276,-0.12837503383709642,-0.132429614226024,2666377253,live_unpatched_same_model,1.243364499998279
29,1,368,13,19,100.27535664750594,0.3222584150282147,0.3091796035973827,-0.01307881143083195,1838857803,live_unpatched_same_model,1.247719999984838
29,2,340,186,19,124.14250147738309,0.5517011289529234,0.5603412452433972,0.008640116290473787,1036100378,live_unpatched_same_model,1.2345134999486618
29,3,135,70,19,133.86533456399275,-0.0451771379115059,0.009753225034030753,0.05493036294553665,1829237067,live_unpatched_same_model,1.2364994999952614
29,4,441,256,19,103.68385624866029,-0.0309425523201656,0.08221186139574753,0.11315441371591313,2192157995,live_unpatched_same_model,1.2481216000160202
29,5,84,407,19,103.17152579354456,0.0701096946469617,0.1064243328653105,0.036314638218348794,4077254868,live_unpatched_same_model,1.2489163000136614
29,6,180,181,19,110.38806055107938,-0.0706881178551478,0.06690406188177422,0.137592179736922,2223878590,live_unpatched_same_model,1.2380609000101686
29,7,442,166,19,108.47418947067077,-0.0374219266130395,-0.14998425842607402,-0.11256233181303452,2579026332,live_unpatched_same_model,1.3044766000239179
29,8,353,336,19,109.08276948497313,0.2334113362848168,0.32150590788426014,0.08809457159944334,2611342263,live_unpatched_same_model,1.2718589000287466
29,9,121,471,19,136.23808812678564,0.1553593319424777,0.11582831869123615,-0.039531013251241545,3177660714,live_unpatched_same_model,1.2377804999705404
29,10,145,125,19,85.2051251574838,-0.0414361952716543,-0.20758559253405282,-0.16614939726239852,3235352622,live_unpatched_same_model,1.2610405000159517
29,11,222,268,19,112.73324134162299,-0.0744144220976672,0.0234080745342762,0.0978224966319434,1524348526,live_unpatched_same_model,1.244094200024847
29,12,217,403,19,117.51799281220073,0.356841227425656,0.3051260298790242,-0.051715197546631786,2539511204,live_unpatched_same_model,1.2421932999859564
29,13,209,443,19,119.69797830784465,-0.0405956674567725,0.04216446730564373,0.08276013476241623,4236369745,live_unpatched_same_model,1.2463452000520192
29,14,322,267,19,140.07018286936724,0.20774430399201,0.12881307910405598,-0.07893122488795401,1679761286,live_unpatched_same_model,1.2440013000159524
29,15,65,148,19,124.16221683795429,0.0040545803889276,0.11981154793243791,0.11575696754351031,537112792,live_unpatched_same_model,1.245529700012412
30,1,368,13,19,100.27535664750594,0.3222584150282147,0.6879170716543882,0.36565865662617353,793925997,live_unpatched_same_model,1.2782505999784917
30,2,340,186,19,124.14250147738309,0.5517011289529234,0.2917008659518081,-0.26000026300111534,1807371831,live_unpatched_same_model,1.2341738000395708
30,3,135,70,19,133.86533456399275,-0.0451771379115059,0.02001896140208001,0.06519609931358591,3928526250,live_unpatched_same_model,1.238901300006546
30,4,441,256,19,103.68385624866029,-0.0309425523201656,0.06861327596116407,0.09955582828132967,2690701513,live_unpatched_same_model,1.2566127000027336
30,5,84,407,19,103.17152579354456,0.0701096946469617,0.1039418225767843,0.0338321279298226,2053560089,live_unpatched_same_model,1.2501881999778561
30,6,180,181,19,110.38806055107938,-0.0706881178551478,-0.19868589718178634,-0.12799777932663853,1376568520,live_unpatched_same_model,1.2682382999919355
30,7,442,166,19,108.47418947067077,-0.0374219266130395,0.125933071205188,0.16335499781822752,3508110266,live_unpatched_same_model,1.2629600000218488
30,8,353,336,19,109.08276948497313,0.2334113362848168,0.07860427423256736,-0.15480706205224945,1342902915,live_unpatched_same_model,1.2605805000057444
30,9,121,471,19,136.23808812678564,0.1553593319424777,0.2658415848167892,0.11048225287431152,2781719251,live_unpatched_same_model,1.236069899983704
30,10,145,125,19,85.2051251574838,-0.0414361952716543,-0.0611765374835695,-0.0197403422119152,2792676762,live_unpatched_same_model,1.2602265999885276
30,11,222,268,19,112.73324134162299,-0.0744144220976672,0.011080523811916513,0.08549494590958372,2929237238,live_unpatched_same_model,1.2428701999597251
30,12,217,403,19,117.51799281220073,0.356841227425656,0.34106361166164256,-0.01577761576401343,3860567005,live_unpatched_same_model,1.2463501999736764
30,13,209,443,19,119.69797830784465,-0.0405956674567725,0.2539960271585519,0.2945916946153244,3279249613,live_unpatched_same_model,1.2462573999655433
30,14,322,267,19,140.07018286936724,0.20774430399201,0.33171572927422444,0.12397142528221444,2956316185,live_unpatched_same_model,1.2514908000011928
30,15,65,148,19,124.16221683795429,0.0040545803889276,0.21720145599295007,0.21314687560402248,2699914314,live_unpatched_same_model,1.2463020000141114
31,1,368,13,19,100.27535664750594,0.3222584150282147,0.11555691831387295,-0.20670149671434174,2331298641,live_unpatched_same_model,1.2490037000388838
31,2,340,186,19,124.14250147738309,0.5517011289529234,0.6574737664809749,0.10577263752805144,723251852,live_unpatched_same_model,1.2348027999978513
31,3,135,70,19,133.86533456399275,-0.0451771379115059,-0.13375309364630397,-0.08857595573479807,2146992115,live_unpatched_same_model,1.2356899000005797
31,4,441,256,19,103.68385624866029,-0.0309425523201656,-0.2892327529580864,-0.25829020063792085,2975482952,live_unpatched_same_model,1.2554735000012442
31,5,84,407,19,103.17152579354456,0.0701096946469617,0.12381178216502478,0.053702087518063074,3702810532,live_unpatched_same_model,1.2890105000115
31,6,180,181,19,110.38806055107938,-0.0706881178551478,-0.09633188448736744,-0.02564376663221965,2035235420,live_unpatched_same_model,1.2484606000361964
31,7,442,166,19,108.47418947067077,-0.0374219266130395,0.05180753373989098,0.08922946035293047,530390493,live_unpatched_same_model,1.2481433000066318
31,8,353,336,19,109.08276948497313,0.2334113362848168,0.30730439029639867,0.07389305401158186,2166183351,live_unpatched_same_model,1.2576861000270583
31,9,121,471,19,136.23808812678564,0.1553593319424777,0.39035125924878106,0.23499192730630336,774495842,live_unpatched_same_model,1.238683499977924
31,10,145,125,19,85.2051251574838,-0.0414361952716543,-0.057522687230722985,-0.016086491959068687,2533224523,live_unpatched_same_model,1.2576841000118293
31,11,222,268,19,112.73324134162299,-0.0744144220976672,0.09474412967283022,0.16915855177049743,1052421125,live_unpatched_same_model,1.244172000035178
31,12,217,403,19,117.51799281220073,0.356841227425656,0.43463769721174406,0.07779646978608806,1298509983,live_unpatched_same_model,1.2403470000135712
31,13,209,443,19,119.69797830784465,-0.0405956674567725,0.04084149682668467,0.08143716428345717,4057562074,live_unpatched_same_model,1.2412651000195183
31,14,322,267,19,140.07018286936724,0.20774430399201,0.08571501637761077,-0.12202928761439923,3253464425,live_unpatched_same_model,1.2351258000126109
31,15,65,148,19,124.16221683795429,0.0040545803889276,0.09347619723189884,0.08942161684297124,1457457129,live_unpatched_same_model,1.2440198000404052
32,1,368,13,19,100.27535664750594,0.3222584150282147,0.5202850673479682,0.19802665231975353,271420794,live_unpatched_same_model,1.2477917000069283
32,2,340,186,19,124.14250147738309,0.5517011289529234,0.40619004329446085,-0.1455110856584626,1608115449,live_unpatched_same_model,1.2340589999803342
32,3,135,70,19,133.86533456399275,-0.0451771379115059,-0.045386945907664344,-0.00020980799615844675,2092422800,live_unpatched_same_model,1.2339686999912374
32,4,441,256,19,103.68385624866029,-0.0309425523201656,-0.06090115701689093,-0.02995860469672533,1741069356,live_unpatched_same_model,1.2497017999994569
32,5,84,407,19,103.17152579354456,0.0701096946469617,-0.09605934411975336,-0.16616903876671507,3861036605,live_unpatched_same_model,1.2425180000136606
32,6,180,181,19,110.38806055107938,-0.0706881178551478,-0.05922198232375832,0.011466135531389476,1823478772,live_unpatched_same_model,1.2347604000242427
32,7,442,166,19,108.47418947067077,-0.0374219266130395,0.05429769873880451,0.09171962535184401,1926471369,live_unpatched_same_model,1.248448099999223
32,8,353,336,19,109.08276948497313,0.2334113362848168,0.4437535056920721,0.2103421694072553,3158051227,live_unpatched_same_model,1.25070669996785
32,9,121,471,19,136.23808812678564,0.1553593319424777,0.3378155560273976,0.1824562240849199,4075480132,live_unpatched_same_model,1.2361355999601074
32,10,145,125,19,85.2051251574838,-0.0414361952716543,0.15550981052414806,0.19694600579580235,1126195443,live_unpatched_same_model,1.2594489000039175
32,11,222,268,19,112.73324134162299,-0.0744144220976672,-0.12052870536188073,-0.04611428326421353,2756649729,live_unpatched_same_model,1.2418398999725468
32,12,217,403,19,117.51799281220073,0.356841227425656,0.39556247219621876,0.03872124477056277,916987389,live_unpatched_same_model,1.2412368000368588
32,13,209,443,19,119.69797830784465,-0.0405956674567725,-0.016242846954254514,0.024352820502517983,3364069312,live_unpatched_same_model,1.2394393000286072
32,14,322,267,19,140.07018286936724,0.20774430399201,0.031023079741671775,-0.1767212242503382,2073581230,live_unpatched_same_model,1.2351066999835894
32,15,65,148,19,124.16221683795429,0.0040545803889276,-0.10430013265982445,-0.10835471304875205,500111723,live_unpatched_same_model,1.242578900011722
33,1,368,13,19,100.27535664750594,0.3222584150282147,0.22165882455032251,-0.10059959047789216,3998327246,live_unpatched_same_model,1.2475480000139214
33,2,340,186,19,124.14250147738309,0.5517011289529234,0.05825135215844324,-0.4934497767944802,4029882843,live_unpatched_same_model,1.2342939000227489
33,3,135,70,19,133.86533456399275,-0.0451771379115059,-0.1705038712564375,-0.1253267333449316,3220050623,live_unpatched_same_model,1.235882400011178
33,4,441,256,19,103.68385624866029,-0.0309425523201656,-0.08631639536756852,-0.05537384304740292,2250622379,live_unpatched_same_model,1.2502802000381052
33,5,84,407,19,103.17152579354456,0.0701096946469617,-0.04038238538952549,-0.1104920800364872,1139043299,live_unpatched_same_model,1.2414208999834955
33,6,180,181,19,110.38806055107938,-0.0706881178551478,-0.011705376293592086,0.05898274156155571,186696082,live_unpatched_same_model,1.2337104000034742
33,7,442,166,19,108.47418947067077,-0.0374219266130395,0.06620815034537636,0.10363007695841586,1370028055,live_unpatched_same_model,1.2464688000036404
33,8,353,336,19,109.08276948497313,0.2334113362848168,0.31038734218261343,0.07697600589779663,2641572126,live_unpatched_same_model,1.2501820999896154
33,9,121,471,19,136.23808812678564,0.1553593319424777,0.04668731419002561,-0.10867201775245208,4055377016,live_unpatched_same_model,1.2350397999980487
33,10,145,125,19,85.2051251574838,-0.0414361952716543,0.04307580169218502,0.08451199696383932,3211239207,live_unpatched_same_model,1.2567163000348955
33,11,222,268,19,112.73324134162299,-0.0744144220976672,-0.0632284244216137,0.011185997676053508,1530709559,live_unpatched_same_model,1.24219959997572
33,12,217,403,19,117.51799281220073,0.356841227425656,0.04612033757581049,-0.3107208898498455,1431999723,live_unpatched_same_model,1.2401412999606691
33,13,209,443,19,119.69797830784465,-0.0405956674567725,0.0998631022624284,0.1404587697192009,1449319538,live_unpatched_same_model,1.2404963999870233
33,14,322,267,19,140.07018286936724,0.20774430399201,0.4442223869895233,0.23647808299751333,1967946442,live_unpatched_same_model,1.2320976999471895
33,15,65,148,19,124.16221683795429,0.0040545803889276,-0.3411576931000514,-0.345212273488979,387460908,live_unpatched_same_model,1.2430595000041649
34,1,368,13,19,100.27535664750594,0.3222584150282147,0.21667882387158963,-0.10557959115662505,630544158,live_unpatched_same_model,1.2468839999637567
34,2,340,186,19,124.14250147738309,0.5517011289529234,0.31734833295835807,-0.23435279599456538,972412243,live_unpatched_same_model,1.2346705999807455
34,3,135,70,19,133.86533456399275,-0.0451771379115059,0.038684475550291475,0.08386161346179738,193790496,live_unpatched_same_model,1.2345012999721803
34,4,441,256,19,103.68385624866029,-0.0309425523201656,-0.07706131809952074,-0.04611876577935514,961033333,live_unpatched_same_model,1.249619599955622
34,5,84,407,19,103.17152579354456,0.0701096946469617,-0.03166320982896326,-0.10177290447592496,93026406,live_unpatched_same_model,1.2407714000437409
34,6,180,181,19,110.38806055107938,-0.0706881178551478,-0.12777571132029789,-0.05708759346515009,1044286872,live_unpatched_same_model,1.2362476999987848
34,7,442,166,19,108.47418947067077,-0.0374219266130395,0.16419172222257872,0.20161364883561822,264303858,live_unpatched_same_model,1.2469303999678232
34,8,353,336,19,109.08276948497313,0.2334113362848168,0.293997304474936,0.06058596819011919,3630939825,live_unpatched_same_model,1.2490057999966666
34,9,121,471,19,136.23808812678564,0.1553593319424777,0.22750862973097918,0.07214929778850149,2337600577,live_unpatched_same_model,1.2371722000534646
34,10,145,125,19,85.2051251574838,-0.0414361952716543,0.01316715271836316,0.05460334799001746,3551748194,live_unpatched_same_model,1.2596753999823704
34,11,222,268,19,112.73324134162299,-0.0744144220976672,0.23054080217069925,0.30495522426836646,798744859,live_unpatched_same_model,1.243173900002148
34,12,217,403,19,117.51799281220073,0.356841227425656,0.07033207853951251,-0.2865091488861435,4256499955,live_unpatched_same_model,1.241130099981092
34,13,209,443,19,119.69797830784465,-0.0405956674567725,-0.18691724429318954,-0.14632157683641706,319135377,live_unpatched_same_model,1.2431823999504559
34,14,322,267,19,140.07018286936724,0.20774430399201,0.09508009648592322,-0.11266420750608677,509694072,live_unpatched_same_model,1.2396404999890365
34,15,65,148,19,124.16221683795429,0.0040545803889276,0.12276727496489512,0.11871269457596752,1763008012,live_unpatched_same_model,1.2430707000312395
35,1,368,13,19,100.27535664750594,0.3222584150282147,0.3245018413561218,0.0022434263279071387,591252920,live_unpatched_same_model,1.2513887000386603
35,2,340,186,19,124.14250147738309,0.5517011289529234,0.6817461889999096,0.13004506004698613,2587653706,live_unpatched_same_model,1.2337170999962837
35,3,135,70,19,133.86533456399275,-0.0451771379115059,0.11633376713292094,0.16151090504442683,3303997694,live_unpatched_same_model,1.2347137999604456
35,4,441,256,19,103.68385624866029,-0.0309425523201656,-0.09901868249983911,-0.06807613017967351,1336168567,live_unpatched_same_model,1.2485013999976218
35,5,84,407,19,103.17152579354456,0.0701096946469617,-0.09944786657688406,-0.16955756122384577,697445828,live_unpatched_same_model,1.2416041999822482
35,6,180,181,19,110.38806055107938,-0.0706881178551478,-0.1706761524133857,-0.09998803455823792,4170115025,live_unpatched_same_model,1.2357040999922901
35,7,442,166,19,108.47418947067077,-0.0374219266130395,0.0913842150460995,0.128806141659139,4091159138,live_unpatched_same_model,1.248421500029508
35,8,353,336,19,109.08276948497313,0.2334113362848168,0.25722011686503854,0.023808780580221733,3270884574,live_unpatched_same_model,1.24886749999132
35,9,121,471,19,136.23808812678564,0.1553593319424777,0.2847909113822772,0.1294315794397995,2050452672,live_unpatched_same_model,1.233944599982351
35,10,145,125,19,85.2051251574838,-0.0414361952716543,0.00668982489075481,0.048126020162409106,883797979,live_unpatched_same_model,1.2572613000520505
35,11,222,268,19,112.73324134162299,-0.0744144220976672,0.20838293165766464,0.2827973537553318,1096803484,live_unpatched_same_model,1.2429699000203982
35,12,217,403,19,117.51799281220073,0.356841227425656,0.698617054144042,0.34177582671838597,1939609688,live_unpatched_same_model,1.2400509999715723
35,13,209,443,19,119.69797830784465,-0.0405956674567725,-0.02960217062542698,0.010993496831345515,4222184831,live_unpatched_same_model,1.2396732000051998
35,14,322,267,19,140.07018286936724,0.20774430399201,0.500763840893079,0.293019536901069,4186315337,live_unpatched_same_model,1.2339283999754116
35,15,65,148,19,124.16221683795429,0.0040545803889276,0.23935627333826534,0.23530169294933775,387842550,live_unpatched_same_model,1.242323899990879
36,1,368,13,19,100.27535664750594,0.3222584150282147,0.40504045458017707,0.0827820395519624,3451450115,live_unpatched_same_model,1.2485695999930613
36,2,340,186,19,124.14250147738309,0.5517011289529234,0.651419454203706,0.0997183252507825,1221188146,live_unpatched_same_model,1.2364228999940678
36,3,135,70,19,133.86533456399275,-0.0451771379115059,-0.0953819116868798,-0.050204773775373905,1113935905,live_unpatched_same_model,1.23523180000484
36,4,441,256,19,103.68385624866029,-0.0309425523201656,0.035118497566669044,0.06606104988683464,2784771639,live_unpatched_same_model,1.2484247999964282
36,5,84,407,19,103.17152579354456,0.0701096946469617,-0.021994055819692784,-0.09210375046665449,1643759731,live_unpatched_same_model,1.2429913000087254
36,6,180,181,19,110.38806055107938,-0.0706881178551478,-0.19699126718676374,-0.12630314933161596,3703627238,live_unpatched_same_model,1.2363195000216365
36,7,442,166,19,108.47418947067077,-0.0374219266130395,0.022285342102539303,0.059707268715578805,2926985522,live_unpatched_same_model,1.2481668000109494
36,8,353,336,19,109.08276948497313,0.2334113362848168,0.3259987999811889,0.09258746369637211,1335366368,live_unpatched_same_model,1.2503406999749132
36,9,121,471,19,136.23808812678564,0.1553593319424777,0.19020917553856792,0.034849843596090224,2923348184,live_unpatched_same_model,1.2343843000126071
36,10,145,125,19,85.2051251574838,-0.0414361952716543,0.03755054351886259,0.07898673879051689,4071221320,live_unpatched_same_model,1.257581999991089
36,11,222,268,19,112.73324134162299,-0.0744144220976672,-0.06612645547391521,0.008287966623751988,1567008505,live_unpatched_same_model,1.242486800008919
36,12,217,403,19,117.51799281220073,0.356841227425656,0.3319698740964422,-0.024871353329213808,2741057903,live_unpatched_same_model,1.2401856999495067
36,13,209,443,19,119.69797830784465,-0.0405956674567725,0.1597467809134833,0.20034244837025578,1421491912,live_unpatched_same_model,1.2426209000404924
36,14,322,267,19,140.07018286936724,0.20774430399201,0.19626161431944558,-0.011482689672564411,3597244309,live_unpatched_same_model,1.2324146999744698
36,15,65,148,19,124.16221683795429,0.0040545803889276,-0.14317071619393143,-0.14722529658285902,413871980,live_unpatched_same_model,1.242109899991192
37,1,368,13,19,100.27535664750594,0.3222584150282147,0.3490828494430007,0.026824434414786047,2229943982,live_unpatched_same_model,1.2473767999908887
37,2,340,186,19,124.14250147738309,0.5517011289529234,0.49448936696716705,-0.05721176198575639,3667895527,live_unpatched_same_model,1.2328696000040509
37,3,135,70,19,133.86533456399275,-0.0451771379115059,-0.14203978799389308,-0.09686265008238717,3706927928,live_unpatched_same_model,1.235560400004033
37,4,441,256,19,103.68385624866029,-0.0309425523201656,-0.09972179093807032,-0.06877923861790472,2482110889,live_unpatched_same_model,1.2499380999943241
37,5,84,407,19,103.17152579354456,0.0701096946469617,0.17737528922418308,0.10726559457722137,3520102489,live_unpatched_same_model,1.2414450999931432
37,6,180,181,19,110.38806055107938,-0.0706881178551478,0.13175216537360077,0.20244028322874857,1784132732,live_unpatched_same_model,1.2347516000154428
37,7,442,166,19,108.47418947067077,-0.0374219266130395,-0.17197806086799772,-0.13455613425495822,2976667318,live_unpatched_same_model,1.2459677999722771
37,8,353,336,19,109.08276948497313,0.2334113362848168,0.3623806066467106,0.12896927036189382,3542828562,live_unpatched_same_model,1.2492188999895006
37,9,121,471,19,136.23808812678564,0.1553593319424777,0.2958040514729878,0.14044471953051008,633872438,live_unpatched_same_model,1.2376495000207797
37,10,145,125,19,85.2051251574838,-0.0414361952716543,-0.2767716218090508,-0.2353354265373965,3531265763,live_unpatched_same_model,1.257509899965953
37,11,222,268,19,112.73324134162299,-0.0744144220976672,-0.011380577490518256,0.06303384460714895,3291652459,live_unpatched_same_model,1.2424674999783747
37,12,217,403,19,117.51799281220073,0.356841227425656,0.30917464242521336,-0.04766658500044263,100995420,live_unpatched_same_model,1.239972300012596
37,13,209,443,19,119.69797830784465,-0.0405956674567725,0.18289616595933125,0.22349183341610374,3268930536,live_unpatched_same_model,1.2403885999810882
37,14,322,267,19,140.07018286936724,0.20774430399201,0.1917793004398943,-0.015965003552115692,3577070391,live_unpatched_same_model,1.2362110000103712
37,15,65,148,19,124.16221683795429,0.0040545803889276,-0.023114232626451597,-0.027168813015379198,290946296,live_unpatched_same_model,1.2440204999875277
38,1,368,13,19,100.27535664750594,0.3222584150282147,0.13347149468151345,-0.18878692034670122,3367879635,live_unpatched_same_model,1.2486272999667563
38,2,340,186,19,124.14250147738309,0.5517011289529234,0.6262540722090351,0.07455294325611161,494929713,live_unpatched_same_model,1.2346447000163607
38,3,135,70,19,133.86533456399275,-0.0451771379115059,0.23055358044262195,0.2757307183541278,1285370358,live_unpatched_same_model,1.235063700005412
38,4,441,256,19,103.68385624866029,-0.0309425523201656,-0.05584332044668672,-0.024900768126521117,2705416417,live_unpatched_same_model,1.2491088000242598
38,5,84,407,19,103.17152579354456,0.0701096946469617,-0.07316470619678433,-0.14327440084374604,1514740356,live_unpatched_same_model,1.2432983000180684
38,6,180,181,19,110.38806055107938,-0.0706881178551478,-0.03662611903166766,0.034061998823480134,4192908134,live_unpatched_same_model,1.2358437000075355
38,7,442,166,19,108.47418947067077,-0.0374219266130395,-0.0775943321536264,-0.0401724055405869,3083755314,live_unpatched_same_model,1.246487700031139
38,8,353,336,19,109.08276948497313,0.2334113362848168,0.27889193362433917,0.045480597339522366,1498031273,live_unpatched_same_model,1.250760100025218
38,9,121,471,19,136.23808812678564,0.1553593319424777,0.060364939079154384,-0.09499439286332331,466806816,live_unpatched_same_model,1.2363960000220686
38,10,145,125,19,85.2051251574838,-0.0414361952716543,-0.03617374775988016,0.00526244751177414,1133485535,live_unpatched_same_model,1.257309600012377
38,11,222,268,19,112.73324134162299,-0.0744144220976672,-0.23694762162497393,-0.16253319952730672,4137885051,live_unpatched_same_model,1.24229770002421
38,12,217,403,19,117.51799281220073,0.356841227425656,0.43517417506424005,0.07833294763858406,3560896332,live_unpatched_same_model,1.2402956999721937
38,13,209,443,19,119.69797830784465,-0.0405956674567725,-0.06397357478335317,-0.02337790732658067,3151866855,live_unpatched_same_model,1.2409919999772683
38,14,322,267,19,140.07018286936724,0.20774430399201,0.05506843268531683,-0.15267587130669316,3863061657,live_unpatched_same_model,1.2393455999554135
38,15,65,148,19,124.16221683795429,0.0040545803889276,-0.022407821831366068,-0.026462402220293668,3578443260,live_unpatched_same_model,1.2464939000201412
39,1,368,13,19,100.27535664750594,0.3222584150282147,0.23129059461580062,-0.09096782041241405,3737695337,live_unpatched_same_model,1.2540811999933794
39,2,340,186,19,124.14250147738309,0.5517011289529234,0.720575834412165,0.16887470545924155,1579429131,live_unpatched_same_model,1.2358551999786869
39,3,135,70,19,133.86533456399275,-0.0451771379115059,-0.0117328014035617,0.0334443365079442,2667520517,live_unpatched_same_model,1.234785299981013
39,4,441,256,19,103.68385624866029,-0.0309425523201656,0.13270631056312826,0.16364886288329386,1347363307,live_unpatched_same_model,1.2571813999675214
39,5,84,407,19,103.17152579354456,0.0701096946469617,0.13347230736394305,0.06336261271698135,3431842047,live_unpatched_same_model,1.2426893000374548
39,6,180,181,19,110.38806055107938,-0.0706881178551478,-0.1784820680576961,-0.1077939502025483,2509686383,live_unpatched_same_model,1.2355897999950685
39,7,442,166,19,108.47418947067077,-0.0374219266130395,0.01192876563839415,0.04935069225143365,726254752,live_unpatched_same_model,1.2468149999622256
39,8,353,336,19,109.08276948497313,0.2334113362848168,0.05441265019698745,-0.17899868608782937,3276501315,live_unpatched_same_model,1.2512181000201963
39,9,121,471,19,136.23808812678564,0.1553593319424777,0.2137815021515466,0.0584221702090689,2591380833,live_unpatched_same_model,1.2339785000076517
39,10,145,125,19,85.2051251574838,-0.0414361952716543,0.07528503840556366,0.11672123367721796,1645352237,live_unpatched_same_model,1.261434799991548
39,11,222,268,19,112.73324134162299,-0.0744144220976672,-0.0633002107321354,0.011114211365531798,4192219783,live_unpatched_same_model,1.2418780999723822
39,12,217,403,19,117.51799281220073,0.356841227425656,0.6786298463840292,0.32178861895837324,3081239982,live_unpatched_same_model,1.2397936000488698
39,13,209,443,19,119.69797830784465,-0.0405956674567725,-0.15393430110322026,-0.11333863364644776,148901889,live_unpatched_same_model,1.2393711000331677
39,14,322,267,19,140.07018286936724,0.20774430399201,0.21479512030771544,0.007050816315705449,3340878886,live_unpatched_same_model,1.2339006999973208
39,15,65,148,19,124.16221683795429,0.0040545803889276,0.015096578438127365,0.011041998049199767,688422942,live_unpatched_same_model,1.2433155000326224
40,1,368,13,19,100.27535664750594,0.3222584150282147,0.42675148528286067,0.10449307025464599,675722143,live_unpatched_same_model,1.247653700003866
40,2,340,186,19,124.14250147738309,0.5517011289529234,0.29516986637855747,-0.256531262574366,1428283452,live_unpatched_same_model,1.2361394999898039
40,3,135,70,19,133.86533456399275,-0.0451771379115059,0.17496383208096541,0.22014096999247132,1229772107,live_unpatched_same_model,1.2354491000296548
40,4,441,256,19,103.68385624866029,-0.0309425523201656,-0.022597887019359185,0.008344665300806416,4069021540,live_unpatched_same_model,1.2552098999731243
40,5,84,407,19,103.17152579354456,0.0701096946469617,0.13136701703022544,0.06125732238326373,3298962485,live_unpatched_same_model,1.241595600033179
40,6,180,181,19,110.38806055107938,-0.0706881178551478,-0.11508396411104564,-0.04439584625589785,2706524735,live_unpatched_same_model,1.2350268000154756
40,7,442,166,19,108.47418947067077,-0.0374219266130395,-0.16825120235415889,-0.13082927574111938,1528013580,live_unpatched_same_model,1.2487630000105128
40,8,353,336,19,109.08276948497313,0.2334113362848168,0.3100628465067313,0.07665151022191452,3747559597,live_unpatched_same_model,1.2481988999643363
40,9,121,471,19,136.23808812678564,0.1553593319424777,0.19318334811706628,0.03782401617458858,587080681,live_unpatched_same_model,1.2348230000352487
40,10,145,125,19,85.2051251574838,-0.0414361952716543,0.005817058224004134,0.04725325349565843,1464406988,live_unpatched_same_model,1.2590565000427887
40,11,222,268,19,112.73324134162299,-0.0744144220976672,0.0014747632406997269,0.07588918533836693,2186877034,live_unpatched_same_model,1.243846700002905
40,12,217,403,19,117.51799281220073,0.356841227425656,0.6424364445536475,0.28559521712799146,3285971313,live_unpatched_same_model,1.2399647000129335
40,13,209,443,19,119.69797830784465,-0.0405956674567725,0.041031108275985634,0.08162677573275813,1997940403,live_unpatched_same_model,1.239984599989839
40,14,322,267,19,140.07018286936724,0.20774430399201,0.012587887143931718,-0.19515641684807827,255611935,live_unpatched_same_model,1.2336466999840923
40,15,65,148,19,124.16221683795429,0.0040545803889276,0.015703317486287283,0.011648737097359682,1718197060,live_unpatched_same_model,1.241752700007055
41,1,368,13,19,100.27535664750594,0.3222584150282147,0.5428550537967791,0.22059663876856445,4133414016,live_unpatched_same_model,1.250310899980832
41,2,340,186,19,124.14250147738309,0.5517011289529234,0.5370421507045126,-0.014658978248410892,1415233352,live_unpatched_same_model,1.2389273999724537
41,3,135,70,19,133.86533456399275,-0.0451771379115059,-0.22938651411213076,-0.18420937620062486,741746893,live_unpatched_same_model,1.2377696000039577
41,4,441,256,19,103.68385624866029,-0.0309425523201656,0.07313421732565453,0.10407676964582013,692480832,live_unpatched_same_model,1.249652300029993
41,5,84,407,19,103.17152579354456,0.0701096946469617,0.124108233062875,0.05399853841591329,395126769,live_unpatched_same_model,1.241708200017456
41,6,180,181,19,110.38806055107938,-0.0706881178551478,-0.36328795623832116,-0.2925998383831734,1014274222,live_unpatched_same_model,1.2363889000262134
41,7,442,166,19,108.47418947067077,-0.0374219266130395,-0.08066298270898344,-0.04324105609594393,1789485665,live_unpatched_same_model,1.2497770999907516
41,8,353,336,19,109.08276948497313,0.2334113362848168,0.14678591745024955,-0.08662541883456726,3449499898,live_unpatched_same_model,1.2496280000195839
41,9,121,471,19,136.23808812678564,0.1553593319424777,0.23399362647137031,0.07863429452889262,948565444,live_unpatched_same_model,1.2345425999956205
41,10,145,125,19,85.2051251574838,-0.0414361952716543,0.1253888049191689,0.1668250001908232,659741970,live_unpatched_same_model,1.2579825999564491
41,11,222,268,19,112.73324134162299,-0.0744144220976672,0.1778709033023688,0.252285325400036,1274335415,live_unpatched_same_model,1.241666800051462
41,12,217,403,19,117.51799281220073,0.356841227425656,0.2667602735447413,-0.0900809538809147,872131497,live_unpatched_same_model,1.2399177000042982
41,13,209,443,19,119.69797830784465,-0.0405956674567725,0.016227358125564056,0.05682302558233655,4002089739,live_unpatched_same_model,1.240163600014057
41,14,322,267,19,140.07018286936724,0.20774430399201,0.2663514082442883,0.05860710425227833,4196636587,live_unpatched_same_model,1.232809700013604
41,15,65,148,19,124.16221683795429,0.0040545803889276,0.2931560622016912,0.2891014818127636,780795190,live_unpatched_same_model,1.2430663999984972
42,1,368,13,19,100.27535664750594,0.3222584150282147,0.21237238358001506,-0.10988603144819961,671958510,live_unpatched_same_model,1.2494194000028074
42,2,340,186,19,124.14250147738309,0.5517011289529234,0.6955844000249481,0.1438832710720247,1772764862,live_unpatched_same_model,1.233790999976918
42,3,135,70,19,133.86533456399275,-0.0451771379115059,0.05875464032836286,0.10393177823986877,484755002,live_unpatched_same_model,1.2346955999964848
42,4,441,256,19,103.68385624866029,-0.0309425523201656,0.22584759500983378,0.2567901473299994,1968918018,live_unpatched_same_model,1.2512363999849185
42,5,84,407,19,103.17152579354456,0.0701096946469617,-0.09456501804669135,-0.16467471269365305,1849842484,live_unpatched_same_model,1.2438372999895364
42,6,180,181,19,110.38806055107938,-0.0706881178551478,-0.2664261673104925,-0.19573804945534473,335806333,live_unpatched_same_model,1.2358437000075355
42,7,442,166,19,108.47418947067077,-0.0374219266130395,-0.002244838874998837,0.035177087738040666,2007428591,live_unpatched_same_model,1.2466547000221908
42,8,353,336,19,109.08276948497313,0.2334113362848168,0.15940103352089982,-0.07401030276391699,409141406,live_unpatched_same_model,1.2520556999952532
42,9,121,471,19,136.23808812678564,0.1553593319424777,0.04169489912864627,-0.11366443281383143,3638534131,live_unpatched_same_model,1.2359353000065312
42,10,145,125,19,85.2051251574838,-0.0414361952716543,0.09846960662573429,0.13990580189738858,2239630648,live_unpatched_same_model,1.2592734000063501
42,11,222,268,19,112.73324134162299,-0.0744144220976672,-0.0858017672850695,-0.011387345187402295,3713230300,live_unpatched_same_model,1.2425404000096023
42,12,217,403,19,117.51799281220073,0.356841227425656,0.6080573671826505,0.25121613975699447,3336662369,live_unpatched_same_model,1.2416762000066228
42,13,209,443,19,119.69797830784465,-0.0405956674567725,0.30009052562391125,0.34068619308068376,1573433788,live_unpatched_same_model,1.2408195000025444
42,14,322,267,19,140.07018286936724,0.20774430399201,-0.029659075336521373,-0.23740337932853137,1458613862,live_unpatched_same_model,1.2319405000307597
42,15,65,148,19,124.16221683795429,0.0040545803889276,-0.007594337584109185,-0.011648917973036785,2288643311,live_unpatched_same_model,1.246934599999804
43,1,368,13,19,100.27535664750594,0.3222584150282147,0.2122544477466776,-0.11000396728153708,1580187188,live_unpatched_same_model,1.2480366999516264
43,2,340,186,19,124.14250147738309,0.5517011289529234,0.6524000862919801,0.10069895733905665,1879106086,live_unpatched_same_model,1.2335019999882206
43,3,135,70,19,133.86533456399275,-0.0451771379115059,-0.17808367186415044,-0.13290653395264454,90717335,live_unpatched_same_model,1.2351349999662489
43,4,441,256,19,103.68385624866029,-0.0309425523201656,0.14757047114178926,0.17851302346195486,400251504,live_unpatched_same_model,1.2481503000017256
43,5,84,407,19,103.17152579354456,0.0701096946469617,-0.15009606794777916,-0.22020576259474087,119759206,live_unpatched_same_model,1.2448801000136882
43,6,180,181,19,110.38806055107938,-0.0706881178551478,-0.22181714034290442,-0.15112902248775661,3356661733,live_unpatched_same_model,1.236444600042887
43,7,442,166,19,108.47418947067077,-0.0374219266130395,-0.03936344284485875,-0.0019415162318192486,4186755124,live_unpatched_same_model,1.2542693999712355
43,8,353,336,19,109.08276948497313,0.2334113362848168,-0.035182385817414855,-0.26859372210223165,4211958791,live_unpatched_same_model,1.2496381000382826
43,9,121,471,19,136.23808812678564,0.1553593319424777,0.15996216011605402,0.004602828173576323,861900359,live_unpatched_same_model,1.235527099983301
43,10,145,125,19,85.2051251574838,-0.0414361952716543,-0.0650958055809449,-0.023659610309290598,1565868596,live_unpatched_same_model,1.258439700002782
43,11,222,268,19,112.73324134162299,-0.0744144220976672,0.0922898405914041,0.1667042626890713,2874386881,live_unpatched_same_model,1.242572500021197
43,12,217,403,19,117.51799281220073,0.356841227425656,0.2221334736433938,-0.13470775378226219,2694961168,live_unpatched_same_model,1.2486830999841914
43,13,209,443,19,119.69797830784465,-0.0405956674567725,-0.026766489222316378,0.013829178234456119,1647416984,live_unpatched_same_model,1.2426126000354998
43,14,322,267,19,140.07018286936724,0.20774430399201,0.13637031822779222,-0.07137398576421777,284780021,live_unpatched_same_model,1.232732100004796
43,15,65,148,19,124.16221683795429,0.0040545803889276,0.06416027347715442,0.060105693088226816,792125188,live_unpatched_same_model,1.2416665999917313
44,1,368,13,19,100.27535664750594,0.3222584150282147,0.3618494781549135,0.0395910631266988,1549226292,live_unpatched_same_model,1.2485162999946624
44,2,340,186,19,124.14250147738309,0.5517011289529234,0.3751338683009518,-0.17656726065197165,2911120824,live_unpatched_same_model,1.2347821000148542
44,3,135,70,19,133.86533456399275,-0.0451771379115059,-0.0017461863669444657,0.04343095154456143,2496028666,live_unpatched_same_model,1.2338844999903813
44,4,441,256,19,103.68385624866029,-0.0309425523201656,0.1156910973411317,0.1466336496612973,1669890735,live_unpatched_same_model,1.249461900035385
44,5,84,407,19,103.17152579354456,0.0701096946469617,0.1045143994330012,0.03440470478603949,161149032,live_unpatched_same_model,1.2428741999901831
44,6,180,181,19,110.38806055107938,-0.0706881178551478,-0.042625831429643685,0.02806228642550411,29028013,live_unpatched_same_model,1.2417749000014737
44,7,442,166,19,108.47418947067077,-0.0374219266130395,-0.1357130899502194,-0.09829116333717991,3549399418,live_unpatched_same_model,1.2490327999694273
44,8,353,336,19,109.08276948497313,0.2334113362848168,0.21698363336883655,-0.016427702915980252,3921950931,live_unpatched_same_model,1.24868990003597
44,9,121,471,19,136.23808812678564,0.1553593319424777,0.3432935500808294,0.1879342181383517,288692523,live_unpatched_same_model,1.2403081999509595
44,10,145,125,19,85.2051251574838,-0.0414361952716543,-0.1871908178287821,-0.14575462255712782,4064634099,live_unpatched_same_model,1.2563716999720782
44,11,222,268,19,112.73324134162299,-0.0744144220976672,-0.0077466730751067645,0.06666774902256044,2440743928,live_unpatched_same_model,1.2430598000064492
44,12,217,403,19,117.51799281220073,0.356841227425656,0.17496432050796004,-0.18187690691769595,514626736,live_unpatched_same_model,1.2393228000146337
44,13,209,443,19,119.69797830784465,-0.0405956674567725,-0.4702658842938964,-0.42967021683712386,4222940213,live_unpatched_same_model,1.2401858000084758
44,14,322,267,19,140.07018286936724,0.20774430399201,0.11601467694581116,-0.09172962704619883,3662847469,live_unpatched_same_model,1.2320781000307761
44,15,65,148,19,124.16221683795429,0.0040545803889276,0.015718216520729612,0.011663636131802012,191980095,live_unpatched_same_model,1.2428427999839187
45,1,368,13,19,100.27535664750594,0.3222584150282147,0.18776345627292684,-0.13449495875528783,4235491257,live_unpatched_same_model,1.2481627000379376
45,2,340,186,19,124.14250147738309,0.5517011289529234,0.3225626013858657,-0.22913852756705777,2998615474,live_unpatched_same_model,1.233797200024128
45,3,135,70,19,133.86533456399275,-0.0451771379115059,0.23662825533794504,0.2818053932494509,2785004821,live_unpatched_same_model,1.2343377000070177
45,4,441,256,19,103.68385624866029,-0.0309425523201656,-0.09564698475021097,-0.06470443243004537,4166007561,live_unpatched_same_model,1.2506701000384055
45,5,84,407,19,103.17152579354456,0.0701096946469617,0.21906163395676467,0.14895193930980297,121592206,live_unpatched_same_model,1.2416457999497652
45,6,180,181,19,110.38806055107938,-0.0706881178551478,0.17093549122050475,0.24162360907565256,1543620829,live_unpatched_same_model,1.2362548999954015
45,7,442,166,19,108.47418947067077,-0.0374219266130395,-0.07477403235890123,-0.03735210574586173,108604506,live_unpatched_same_model,1.2471348999533802
45,8,353,336,19,109.08276948497313,0.2334113362848168,0.29663843329297257,0.06322709700815576,2368018937,live_unpatched_same_model,1.2490946999751031
45,9,121,471,19,136.23808812678564,0.1553593319424777,0.2915807876862186,0.1362214557437409,3499822171,live_unpatched_same_model,1.2367387999547645
45,10,145,125,19,85.2051251574838,-0.0414361952716543,0.1669649640557772,0.2084011593274315,3599302966,live_unpatched_same_model,1.260008100012783
45,11,222,268,19,112.73324134162299,-0.0744144220976672,0.05547387286849617,0.1298882949661634,2081102414,live_unpatched_same_model,1.242608400003519
45,12,217,403,19,117.51799281220073,0.356841227425656,0.23320411527617493,-0.12363711214948106,508141569,live_unpatched_same_model,1.2398557999986224
45,13,209,443,19,119.69797830784465,-0.0405956674567725,0.07486932350918557,0.11546499096595807,3273657143,live_unpatched_same_model,1.2400118000223301
45,14,322,267,19,140.07018286936724,0.20774430399201,0.2341360657788122,0.02639176178680222,1678012476,live_unpatched_same_model,1.2334547000355087
45,15,65,148,19,124.16221683795429,0.0040545803889276,-0.22209356982669679,-0.22614815021562437,3685851923,live_unpatched_same_model,1.2428498000372201
46,1,368,13,19,100.27535664750594,0.3222584150282147,0.8184682230220057,0.49620980799379105,3464174863,live_unpatched_same_model,1.2467962999944575
46,2,340,186,19,124.14250147738309,0.5517011289529234,0.6657260804182351,0.11402495146531166,12696273,live_unpatched_same_model,1.2324806000106037
46,3,135,70,19,133.86533456399275,-0.0451771379115059,-0.10166292872311922,-0.05648579081161332,451426324,live_unpatched_same_model,1.2343589999945834
46,4,441,256,19,103.68385624866029,-0.0309425523201656,-0.24933485963816462,-0.21839230731799902,1328657755,live_unpatched_same_model,1.2478476999676786
46,5,84,407,19,103.17152579354456,0.0701096946469617,-0.04231926173498672,-0.11242895638194843,714149149,live_unpatched_same_model,1.2424398000002839
46,6,180,181,19,110.38806055107938,-0.0706881178551478,-0.032931044475125806,0.03775707338002199,3263143769,live_unpatched_same_model,1.2362706999992952
46,7,442,166,19,108.47418947067077,-0.0374219266130395,0.025668855675460747,0.06309078228850025,1608318613,live_unpatched_same_model,1.2486621999996714
46,8,353,336,19,109.08276948497313,0.2334113362848168,0.014413532713337616,-0.2189978035714792,1159540123,live_unpatched_same_model,1.2491881999885663
46,9,121,471,19,136.23808812678564,0.1553593319424777,0.2865085683034451,0.13114923636096742,693036749,live_unpatched_same_model,1.2374577000155114
46,10,145,125,19,85.2051251574838,-0.0414361952716543,-0.22606110189978434,-0.18462490662813005,697468121,live_unpatched_same_model,1.2596693999948911
46,11,222,268,19,112.73324134162299,-0.0744144220976672,0.11938538660574033,0.19379980870340752,3355159090,live_unpatched_same_model,1.2434559999965131
46,12,217,403,19,117.51799281220073,0.356841227425656,0.5556750626118192,0.1988338351861632,3414442674,live_unpatched_same_model,1.2404792999732308
46,13,209,443,19,119.69797830784465,-0.0405956674567725,-0.07988713553426571,-0.039291468077493216,3929716182,live_unpatched_same_model,1.2416372000006959
46,14,322,267,19,140.07018286936724,0.20774430399201,0.23007244267395002,0.02232813868194003,4031572559,live_unpatched_same_model,1.2364455999922939
46,15,65,148,19,124.16221683795429,0.0040545803889276,-0.2196711307042354,-0.223725711093163,193390203,live_unpatched_same_model,1.2452610000036657
47,1,368,13,19,100.27535664750594,0.3222584150282147,0.5566082346197496,0.23434981959153495,3390692198,live_unpatched_same_model,1.2484048000187613
47,2,340,186,19,124.14250147738309,0.5517011289529234,0.6011201337628791,0.04941900480995565,3065504321,live_unpatched_same_model,1.2346493999939412
47,3,135,70,19,133.86533456399275,-0.0451771379115059,-0.2822453535366505,-0.23706821562514457,3455353824,live_unpatched_same_model,1.2346094999811612
47,4,441,256,19,103.68385624866029,-0.0309425523201656,-0.011930985083317568,0.019011567236848034,307412185,live_unpatched_same_model,1.2514296000008471
47,5,84,407,19,103.17152579354456,0.0701096946469617,0.0774622892477796,0.007352594600817899,2905645896,live_unpatched_same_model,1.2422856000484899
47,6,180,181,19,110.38806055107938,-0.0706881178551478,-0.2390472960834704,-0.16835917822832258,1603903502,live_unpatched_same_model,1.2365641999640502
47,7,442,166,19,108.47418947067077,-0.0374219266130395,0.2455984411359919,0.2830203677490314,2869654917,live_unpatched_same_model,1.2519670999608934
47,8,353,336,19,109.08276948497313,0.2334113362848168,0.34750558999545056,0.11409425371063375,202440162,live_unpatched_same_model,1.2491740999976173
47,9,121,471,19,136.23808812678564,0.1553593319424777,-0.03871449945672353,-0.19407383139920123,1533820908,live_unpatched_same_model,1.2359253999893554
47,10,145,125,19,85.2051251574838,-0.0414361952716543,-0.18477902977318653,-0.14334283450153223,1299071721,live_unpatched_same_model,1.258943900000304
47,11,222,268,19,112.73324134162299,-0.0744144220976672,-0.006699314622166262,0.06771510747550094,4010644505,live_unpatched_same_model,1.2438014000072144
47,12,217,403,19,117.51799281220073,0.356841227425656,0.45679305517912505,0.09995182775346906,4034013247,live_unpatched_same_model,1.2403590999892913
47,13,209,443,19,119.69797830784465,-0.0405956674567725,0.026445164741114916,0.06704083219788741,2866891122,live_unpatched_same_model,1.240809800045099
47,14,322,267,19,140.07018286936724,0.20774430399201,0.37871839892874914,0.17097409493673915,530487981,live_unpatched_same_model,1.2331928999628872
47,15,65,148,19,124.16221683795429,0.0040545803889276,-0.07789213863214482,-0.08194671902107242,3551800209,live_unpatched_same_model,1.2440014999592677
48,1,368,13,19,100.27535664750594,0.3222584150282147,0.3809084127241679,0.05864999769595325,2166362078,live_unpatched_same_model,1.2475310000008903
48,2,340,186,19,124.14250147738309,0.5517011289529234,0.4123530158472232,-0.13934811310570022,1369394597,live_unpatched_same_model,1.2340958999702707
48,3,135,70,19,133.86533456399275,-0.0451771379115059,-0.050653635145494896,-0.005476497233988999,2541886020,live_unpatched_same_model,1.23407770000631
48,4,441,256,19,103.68385624866029,-0.0309425523201656,-0.002506822874272557,0.028435729445893045,29638006,live_unpatched_same_model,1.2475298999925144
48,5,84,407,19,103.17152579354456,0.0701096946469617,0.07096570840829722,0.0008560137613355112,1613820463,live_unpatched_same_model,1.2413029000163078
48,6,180,181,19,110.38806055107938,-0.0706881178551478,-0.15151644285216656,-0.08082832499701877,4158118238,live_unpatched_same_model,1.2358164000324905
48,7,442,166,19,108.47418947067077,-0.0374219266130395,-0.37608908141644076,-0.33866715480340126,3183966293,live_unpatched_same_model,1.2468385000247508
48,8,353,336,19,109.08276948497313,0.2334113362848168,0.1423441388433123,-0.09106719744150452,2600814896,live_unpatched_same_model,1.2519053999567404
48,9,121,471,19,136.23808812678564,0.1553593319424777,0.01403590443305455,-0.14132342750942314,3592816873,live_unpatched_same_model,1.235144499980379
48,10,145,125,19,85.2051251574838,-0.0414361952716543,-0.0804379401834894,-0.039001744911835105,690336088,live_unpatched_same_model,1.2571839000447653
48,11,222,268,19,112.73324134162299,-0.0744144220976672,0.025171661661258435,0.09958608375892564,239118296,live_unpatched_same_model,1.2428661999874748
48,12,217,403,19,117.51799281220073,0.356841227425656,0.5047793483315015,0.14793812090584552,3873889006,live_unpatched_same_model,1.2414256000192836
48,13,209,443,19,119.69797830784465,-0.0405956674567725,-0.0014373180714544753,0.03915834938531802,1743945316,live_unpatched_same_model,1.2382551000337116
48,14,322,267,19,140.07018286936724,0.20774430399201,0.40234645498819993,0.19460215099618994,4078109936,live_unpatched_same_model,1.2338019000017084
48,15,65,148,19,124.16221683795429,0.0040545803889276,-0.03904352590454421,-0.04309810629347181,2095920648,live_unpatched_same_model,1.2419954999932088
49,1,368,13,19,100.27535664750594,0.3222584150282147,0.2339762491625869,-0.08828216586562776,2689374523,live_unpatched_same_model,1.2481705999816768
49,2,340,186,19,124.14250147738309,0.5517011289529234,0.7446028217284659,0.19290169277554248,1022301453,live_unpatched_same_model,1.2343016000231728
49,3,135,70,19,133.86533456399275,-0.0451771379115059,-0.021524106510528357,0.02365303140097754,4115108354,live_unpatched_same_model,1.236525900021661
49,4,441,256,19,103.68385624866029,-0.0309425523201656,0.03690231777184639,0.06784487009201198,2939765354,live_unpatched_same_model,1.2474465999985114
49,5,84,407,19,103.17152579354456,0.0701096946469617,0.12354441685155138,0.05343472220458967,4285283847,live_unpatched_same_model,1.2417549000238068
49,6,180,181,19,110.38806055107938,-0.0706881178551478,-0.2484828580435228,-0.177794740188375,488441635,live_unpatched_same_model,1.2354394999565557
49,7,442,166,19,108.47418947067077,-0.0374219266130395,-0.08585815522911797,-0.048436228616078464,682251478,live_unpatched_same_model,1.2482930999831297
49,8,353,336,19,109.08276948497313,0.2334113362848168,0.3622777170058555,0.12886638072103868,3066850483,live_unpatched_same_model,1.249872000014875
49,9,121,471,19,136.23808812678564,0.1553593319424777,0.4078859012235958,0.2525265692811181,123221286,live_unpatched_same_model,1.2344041000469588
49,10,145,125,19,85.2051251574838,-0.0414361952716543,-0.0728820184910029,-0.0314458232193486,2368296316,live_unpatched_same_model,1.2584357999730855
49,11,222,268,19,112.73324134162299,-0.0744144220976672,0.03499826361134274,0.10941268570900994,715303813,live_unpatched_same_model,1.2427767000044696
49,12,217,403,19,117.51799281220073,0.356841227425656,0.6042630221760843,0.2474217947504283,510572860,live_unpatched_same_model,1.2410866999998689
49,13,209,443,19,119.69797830784465,-0.0405956674567725,-0.10744402951278159,-0.0668483620560091,308563933,live_unpatched_same_model,1.2395656000007875
49,14,322,267,19,140.07018286936724,0.20774430399201,0.3124796853801943,0.10473538138818433,2409190155,live_unpatched_same_model,1.2324911000323482
49,15,65,148,19,124.16221683795429,0.0040545803889276,-0.03397103154472069,-0.03802561193364829,2813104272,live_unpatched_same_model,1.2437448999844491
50,1,368,13,19,100.27535664750594,0.3222584150282147,0.3595317548556742,0.037273339827459506,724101091,live_unpatched_same_model,1.2474096000078134
50,2,340,186,19,124.14250147738309,0.5517011289529234,0.6673643035453627,0.11566317459243924,2063016712,live_unpatched_same_model,1.233946799999103
50,3,135,70,19,133.86533456399275,-0.0451771379115059,-0.051276224134447726,-0.006099086222941828,920820258,live_unpatched_same_model,1.2338571000145748
50,4,441,256,19,103.68385624866029,-0.0309425523201656,0.029185809950449698,0.0601283622706153,2744756247,live_unpatched_same_model,1.2477293999982066
50,5,84,407,19,103.17152579354456,0.0701096946469617,-0.1691884255689454,-0.2392981202159071,2065351241,live_unpatched_same_model,1.2414492999669164
50,6,180,181,19,110.38806055107938,-0.0706881178551478,-0.05082730403371779,0.019860813821430005,408769675,live_unpatched_same_model,1.2357219999539666
50,7,442,166,19,108.47418947067077,-0.0374219266130395,-0.06825750322536503,-0.030835576612325527,40255112,live_unpatched_same_model,1.246482000045944
50,8,353,336,19,109.08276948497313,0.2334113362848168,0.469546957169406,0.23613562088458917,3500514565,live_unpatched_same_model,1.2513460000045598
50,9,121,471,19,136.23808812678564,0.1553593319424777,0.3499831895199059,0.19462385757742823,3683258943,live_unpatched_same_model,1.2557612999808043
50,10,145,125,19,85.2051251574838,-0.0414361952716543,-0.07470937689947761,-0.03327318162782331,3088590522,live_unpatched_same_model,1.2569061999674886
50,11,222,268,19,112.73324134162299,-0.0744144220976672,-0.36462746884199004,-0.29021304674432286,3121614937,live_unpatched_same_model,1.241774499998428
50,12,217,403,19,117.51799281220073,0.356841227425656,0.11746033448039694,-0.23938089294525905,2831762213,live_unpatched_same_model,1.240982300019823
50,13,209,443,19,119.69797830784465,-0.0405956674567725,-0.07126785073777495,-0.03067218328100245,2132102960,live_unpatched_same_model,1.2392990000080317
50,14,322,267,19,140.07018286936724,0.20774430399201,0.1416019646479928,-0.0661423393440172,894369404,live_unpatched_same_model,1.232595199951902
50,15,65,148,19,124.16221683795429,0.0040545803889276,-0.011148236340963001,-0.0152028167298906,270964573,live_unpatched_same_model,1.242089200008195
51,1,368,13,19,100.27535664750594,0.3222584150282147,0.35071735455788816,0.028458939529673488,164077911,live_unpatched_same_model,1.2489836000022478
51,2,340,186,19,124.14250147738309,0.5517011289529234,0.4344386725990795,-0.11726245635384397,3919837182,live_unpatched_same_model,1.2357259999844246
51,3,135,70,19,133.86533456399275,-0.0451771379115059,0.08253553496796806,0.12771267287947397,2716155908,live_unpatched_same_model,1.2353678999934345
51,4,441,256,19,103.68385624866029,-0.0309425523201656,-0.031040543375256916,-9.799105509131559e-05,2558659678,live_unpatched_same_model,1.2502884999848902
51,5,84,407,19,103.17152579354456,0.0701096946469617,-0.16268501068176616,-0.23279470532872787,556789380,live_unpatched_same_model,1.2450198999722488
51,6,180,181,19,110.38806055107938,-0.0706881178551478,0.09263374674815134,0.16332186460329912,1096924753,live_unpatched_same_model,1.2368181999772787
51,7,442,166,19,108.47418947067077,-0.0374219266130395,0.11903060987985867,0.15645253649289817,1969862592,live_unpatched_same_model,1.2475635000155307
51,8,353,336,19,109.08276948497313,0.2334113362848168,0.0227293427234668,-0.21068199356135,754900731,live_unpatched_same_model,1.2501894000452012
51,9,121,471,19,136.23808812678564,0.1553593319424777,0.18312023841843292,0.02776090647595522,1245433008,live_unpatched_same_model,1.239330600015819
51,10,145,125,19,85.2051251574838,-0.0414361952716543,0.14684943537367,0.1882856306453243,2326653128,live_unpatched_same_model,1.258618200023193
51,11,222,268,19,112.73324134162299,-0.0744144220976672,-0.1501084868057079,-0.0756940647080407,265902587,live_unpatched_same_model,1.2422105999430642
51,12,217,403,19,117.51799281220073,0.356841227425656,0.6052577272906356,0.24841649986497966,197311615,live_unpatched_same_model,1.2419927999726497
51,13,209,443,19,119.69797830784465,-0.0405956674567725,-0.09279656094011257,-0.052200893483340075,166728669,live_unpatched_same_model,1.2424115999601781
51,14,322,267,19,140.07018286936724,0.20774430399201,0.008754713590040547,-0.19898959040196945,3617101905,live_unpatched_same_model,1.2357148000155576
51,15,65,148,19,124.16221683795429,0.0040545803889276,-0.10460994861508414,-0.10866452900401175,1825533697,live_unpatched_same_model,1.247583599993959
52,1,368,13,19,100.27535664750594,0.3222584150282147,0.24103186785533806,-0.08122654717287661,1251271294,live_unpatched_same_model,1.2483696999843232
52,2,340,186,19,124.14250147738309,0.5517011289529234,0.2851598899453455,-0.2665412390075779,3036139450,live_unpatched_same_model,1.2367929000174627
52,3,135,70,19,133.86533456399275,-0.0451771379115059,-0.0685154051138909,-0.023338267202385,886452724,live_unpatched_same_model,1.2377019000123255
52,4,441,256,19,103.68385624866029,-0.0309425523201656,-0.01359663777133126,0.017345914548834343,1287525223,live_unpatched_same_model,1.249175800010562
52,5,84,407,19,103.17152579354456,0.0701096946469617,0.005114502031198092,-0.06499519261576361,1112200826,live_unpatched_same_model,1.2422811000142246
52,6,180,181,19,110.38806055107938,-0.0706881178551478,-0.16425980955570843,-0.09357169170056064,3205425917,live_unpatched_same_model,1.2358529000193812
52,7,442,166,19,108.47418947067077,-0.0374219266130395,-0.03150205956381083,0.005919867049228672,451173419,live_unpatched_same_model,1.2458336999989115
52,8,353,336,19,109.08276948497313,0.2334113362848168,0.1659626607719296,-0.06744867551288722,2593115034,live_unpatched_same_model,1.249468700028956
52,9,121,471,19,136.23808812678564,0.1553593319424777,0.07045480133008175,-0.08490453061239595,425452279,live_unpatched_same_model,1.2350257000070997
52,10,145,125,19,85.2051251574838,-0.0414361952716543,-0.11695349261684468,-0.07551729734519039,2978416930,live_unpatched_same_model,1.2583114999579266
52,11,222,268,19,112.73324134162299,-0.0744144220976672,0.18270979096012577,0.257124213057793,1827943135,live_unpatched_same_model,1.2437676999834366
52,12,217,403,19,117.51799281220073,0.356841227425656,0.28193101108922436,-0.07491021633643163,3592233071,live_unpatched_same_model,1.240647100028582
52,13,209,443,19,119.69797830784465,-0.0405956674567725,-0.049001737992794336,-0.00840607053602184,3710722231,live_unpatched_same_model,1.2413503000279889
52,14,322,267,19,140.07018286936724,0.20774430399201,-0.16448357539653768,-0.3722278793885477,2989982637,live_unpatched_same_model,1.2340516000404023
52,15,65,148,19,124.16221683795429,0.0040545803889276,-0.0590847045166036,-0.0631392849055312,3180613957,live_unpatched_same_model,1.2424203000264242
53,1,368,13,19,100.27535664750594,0.3222584150282147,0.34679608263904904,0.02453766761083437,354539466,live_unpatched_same_model,1.2472617999883369
53,2,340,186,19,124.14250147738309,0.5517011289529234,0.27849255544360185,-0.2732085735093216,3611155887,live_unpatched_same_model,1.2344750000047497
53,3,135,70,19,133.86533456399275,-0.0451771379115059,0.025808708830301223,0.07098584674180712,547199150,live_unpatched_same_model,1.2393604000099003
53,4,441,256,19,103.68385624866029,-0.0309425523201656,-0.10278034965707493,-0.07183779733690933,900059740,live_unpatched_same_model,1.2475672000437044
53,5,84,407,19,103.17152579354456,0.0701096946469617,0.12945664631883647,0.05934695167187476,3051931401,live_unpatched_same_model,1.2415847000083886
53,6,180,181,19,110.38806055107938,-0.0706881178551478,-0.134352195632397,-0.06366407777724921,4214316884,live_unpatched_same_model,1.2354246999602765
53,7,442,166,19,108.47418947067077,-0.0374219266130395,0.0498076812908282,0.0872296079038677,1191085158,live_unpatched_same_model,1.2469971999526024
53,8,353,336,19,109.08276948497313,0.2334113362848168,-0.052126198842227606,-0.2855375351270444,209435250,live_unpatched_same_model,1.2543212000164203
53,9,121,471,19,136.23808812678564,0.1553593319424777,0.15713684919690019,0.0017775172544224893,3002832963,live_unpatched_same_model,1.2389653999707662
53,10,145,125,19,85.2051251574838,-0.0414361952716543,-0.07701951996720795,-0.03558332469555365,2839325489,live_unpatched_same_model,1.2568776999833062
53,11,222,268,19,112.73324134162299,-0.0744144220976672,-0.08256576957920059,-0.008151347481533386,3154740589,live_unpatched_same_model,1.2421102999942377
53,12,217,403,19,117.51799281220073,0.356841227425656,0.3308496144351005,-0.025991612990555468,3982988538,live_unpatched_same_model,1.2409637999953702
53,13,209,443,19,119.69797830784465,-0.0405956674567725,-0.08957052626839376,-0.048974858811621266,2560066956,live_unpatched_same_model,1.2409686000319198
53,14,322,267,19,140.07018286936724,0.20774430399201,0.06501160690916855,-0.14273269708284145,3088058087,live_unpatched_same_model,1.2327417000196874
53,15,65,148,19,124.16221683795429,0.0040545803889276,0.24528045632299855,0.24122587593407097,4238987261,live_unpatched_same_model,1.242818399972748
54,1,368,13,19,100.27535664750594,0.3222584150282147,0.13999666086776727,-0.1822617541604474,939428451,live_unpatched_same_model,1.2471521000261419
54,2,340,186,19,124.14250147738309,0.5517011289529234,0.5251476671200594,-0.026553461832864,3552217488,live_unpatched_same_model,1.2334258999908343
54,3,135,70,19,133.86533456399275,-0.0451771379115059,0.2306433476250182,0.2758204855365241,2944743552,live_unpatched_same_model,1.2349219999741763
54,4,441,256,19,103.68385624866029,-0.0309425523201656,-0.237324660894428,-0.2063821085742624,3442388980,live_unpatched_same_model,1.2476171999587677
54,5,84,407,19,103.17152579354456,0.0701096946469617,0.16342236646581648,0.09331267181885478,639043306,live_unpatched_same_model,1.2419520000112243
54,6,180,181,19,110.38806055107938,-0.0706881178551478,0.19284359602400522,0.26353171387915303,3432372641,live_unpatched_same_model,1.23527429997921
54,7,442,166,19,108.47418947067077,-0.0374219266130395,-0.21991079468250044,-0.18248886806946094,1012280760,live_unpatched_same_model,1.2471684999763966
54,8,353,336,19,109.08276948497313,0.2334113362848168,0.11830581943420226,-0.11510551685061454,1183963811,live_unpatched_same_model,1.250035699980799
54,9,121,471,19,136.23808812678564,0.1553593319424777,0.047430896508036766,-0.10792843543444093,950203257,live_unpatched_same_model,1.2345784999779426
54,10,145,125,19,85.2051251574838,-0.0414361952716543,-0.13291032710627118,-0.09147413183461689,295645638,live_unpatched_same_model,1.258475599985104
54,11,222,268,19,112.73324134162299,-0.0744144220976672,-0.0013685456191122475,0.07304587647855496,732610684,live_unpatched_same_model,1.2430737999966368
54,12,217,403,19,117.51799281220073,0.356841227425656,0.33342768101762843,-0.023413546408027563,1341501330,live_unpatched_same_model,1.2398206000216305
54,13,209,443,19,119.69797830784465,-0.0405956674567725,0.24096987935946632,0.2815655468162388,1483802743,live_unpatched_same_model,1.2391500999801792
54,14,322,267,19,140.07018286936724,0.20774430399201,0.34604131732285015,0.13829701333084016,2948695768,live_unpatched_same_model,1.2326614999910817
54,15,65,148,19,124.16221683795429,0.0040545803889276,0.09229926209888045,0.08824468170995285,3372686849,live_unpatched_same_model,1.2481034999946132
55,1,368,13,19,100.27535664750594,0.3222584150282147,0.3253591061503702,0.003100691122155552,1913092196,live_unpatched_same_model,1.2487931000068784
55,2,340,186,19,124.14250147738309,0.5517011289529234,0.4283435810498312,-0.12335754790309222,3198714067,live_unpatched_same_model,1.2329523999942467
55,3,135,70,19,133.86533456399275,-0.0451771379115059,-0.09657187504332701,-0.05139473713182111,64962925,live_unpatched_same_model,1.236286300001666
55,4,441,256,19,103.68385624866029,-0.0309425523201656,0.02857607580580801,0.05951862812597361,778343399,live_unpatched_same_model,1.2490019000251777
55,5,84,407,19,103.17152579354456,0.0701096946469617,-0.21708735694588108,-0.2871970515928428,785910975,live_unpatched_same_model,1.2415882999775931
55,6,180,181,19,110.38806055107938,-0.0706881178551478,-0.13559976760229445,-0.06491164974714665,792425811,live_unpatched_same_model,1.2546050999662839
55,7,442,166,19,108.47418947067077,-0.0374219266130395,-0.018775549857269244,0.018646376755770258,2481370313,live_unpatched_same_model,1.2622127999784425
55,8,353,336,19,109.08276948497313,0.2334113362848168,0.04452685488358567,-0.18888448140123115,100766843,live_unpatched_same_model,1.2501786000211723
55,9,121,471,19,136.23808812678564,0.1553593319424777,0.013833967571278053,-0.14152536437119964,2175663745,live_unpatched_same_model,1.2378890999825671
55,10,145,125,19,85.2051251574838,-0.0414361952716543,0.07820202270257105,0.11963821797422536,42570752,live_unpatched_same_model,1.2569867999991402
55,11,222,268,19,112.73324134162299,-0.0744144220976672,-0.08824462652836199,-0.013830204430694784,1532793934,live_unpatched_same_model,1.2436992999864742
55,12,217,403,19,117.51799281220073,0.356841227425656,0.4968274588744702,0.13998623144881422,3206570631,live_unpatched_same_model,1.241234099958092
55,13,209,443,19,119.69797830784465,-0.0405956674567725,-0.08675535400200826,-0.046159686545235765,3494313385,live_unpatched_same_model,1.2396926999790594
55,14,322,267,19,140.07018286936724,0.20774430399201,0.02772095996921603,-0.18002334402279396,214463937,live_unpatched_same_model,1.2335706000449136
55,15,65,148,19,124.16221683795429,0.0040545803889276,-0.0700522944862432,-0.0741068748751708,1628926230,live_unpatched_same_model,1.242768399999477
56,1,368,13,19,100.27535664750594,0.3222584150282147,0.3981187397523326,0.07586032472411791,886821065,live_unpatched_same_model,1.2543626999831758
56,2,340,186,19,124.14250147738309,0.5517011289529234,0.26471787622082205,-0.2869832527321014,3697942211,live_unpatched_same_model,1.2329648999730125
56,3,135,70,19,133.86533456399275,-0.0451771379115059,-0.06422641956375313,-0.019049281652247237,2295970928,live_unpatched_same_model,1.2343118999851868
56,4,441,256,19,103.68385624866029,-0.0309425523201656,0.0662887672481807,0.0972313195683463,3788503098,live_unpatched_same_model,1.2564356999937445
56,5,84,407,19,103.17152579354456,0.0701096946469617,-0.24799753472521707,-0.3181072293721788,2026278377,live_unpatched_same_model,1.2602953999885358
56,6,180,181,19,110.38806055107938,-0.0706881178551478,-0.28246313873306333,-0.21177502087791555,1383130167,live_unpatched_same_model,1.2380593999987468
56,7,442,166,19,108.47418947067077,-0.0374219266130395,0.03251065648626843,0.06993258309930793,600695244,live_unpatched_same_model,1.2508936999947764
56,8,353,336,19,109.08276948497313,0.2334113362848168,0.05313047680565619,-0.18028085947916062,809417625,live_unpatched_same_model,1.250323100015521
56,9,121,471,19,136.23808812678564,0.1553593319424777,0.05099043760714227,-0.10436889433533543,951906572,live_unpatched_same_model,1.2345629000337794
56,10,145,125,19,85.2051251574838,-0.0414361952716543,-0.27321036806462906,-0.23177417279297477,1681993838,live_unpatched_same_model,1.2850755999679677
56,11,222,268,19,112.73324134162299,-0.0744144220976672,-0.14796382359161087,-0.07354940149394366,2986546803,live_unpatched_same_model,1.243946100003086
56,12,217,403,19,117.51799281220073,0.356841227425656,0.5556356170276067,0.19879438960195067,3772091780,live_unpatched_same_model,1.2506009999779053
56,13,209,443,19,119.69797830784465,-0.0405956674567725,0.01040064780042002,0.05099631525719252,306263808,live_unpatched_same_model,1.2410606000339612
56,14,322,267,19,140.07018286936724,0.20774430399201,0.0915349333717616,-0.11620937062024839,2731570131,live_unpatched_same_model,1.2357424999936484
56,15,65,148,19,124.16221683795429,0.0040545803889276,0.029551736816284188,0.025497156427356588,3635507316,live_unpatched_same_model,1.2529530999599956
57,1,368,13,19,100.27535664750594,0.3222584150282147,0.3587061855692417,0.03644777054102705,689667931,live_unpatched_same_model,1.272759000014048
57,2,340,186,19,124.14250147738309,0.5517011289529234,0.2514747868423808,-0.30022634211054267,1436094534,live_unpatched_same_model,1.240155200008303
57,3,135,70,19,133.86533456399275,-0.0451771379115059,-0.05829231693534686,-0.013115179023840962,2936493963,live_unpatched_same_model,1.2355467999586836
57,4,441,256,19,103.68385624866029,-0.0309425523201656,-0.07581994546927842,-0.04487739314911282,1589902454,live_unpatched_same_model,1.2863660999573767
57,5,84,407,19,103.17152579354456,0.0701096946469617,0.0761024291577032,0.00599273451074149,3327051425,live_unpatched_same_model,1.2477433999883942
57,6,180,181,19,110.38806055107938,-0.0706881178551478,0.2327152345525423,0.3034033524076901,2901926453,live_unpatched_same_model,1.2499179000151344
57,7,442,166,19,108.47418947067077,-0.0374219266130395,0.36265474332422876,0.40007666993726826,3150626927,live_unpatched_same_model,1.2671939000138082
57,8,353,336,19,109.08276948497313,0.2334113362848168,0.19771783455937997,-0.03569350172543684,1077744546,live_unpatched_same_model,1.2616996999713592
57,9,121,471,19,136.23808812678564,0.1553593319424777,0.19760218668820007,0.04224285474572237,2250382630,live_unpatched_same_model,1.251330200000666
57,10,145,125,19,85.2051251574838,-0.0414361952716543,-0.17188176798964067,-0.13044557271798637,4280066201,live_unpatched_same_model,1.2678989000269212
57,11,222,268,19,112.73324134162299,-0.0744144220976672,-0.37992043222745736,-0.3055060101297902,625084432,live_unpatched_same_model,1.2901691000442952
57,12,217,403,19,117.51799281220073,0.356841227425656,0.4023828604421324,0.0455416330164764,3769833597,live_unpatched_same_model,1.2657571000163443
57,13,209,443,19,119.69797830784465,-0.0405956674567725,0.02528334781244415,0.06587901526921665,2527489683,live_unpatched_same_model,1.2487460999982432
57,14,322,267,19,140.07018286936724,0.20774430399201,0.2839719439380397,0.07622763994602971,2562276823,live_unpatched_same_model,1.2579887000028975
57,15,65,148,19,124.16221683795429,0.0040545803889276,0.2004672275627354,0.19641264717380783,285020893,live_unpatched_same_model,1.2528983000083826
58,1,368,13,19,100.27535664750594,0.3222584150282147,0.6144208793583614,0.29216246433014675,2179403080,live_unpatched_same_model,1.2484001999837346
58,2,340,186,19,124.14250147738309,0.5517011289529234,0.7217016709036668,0.17000054195074332,3481947586,live_unpatched_same_model,1.2341491000261158
58,3,135,70,19,133.86533456399275,-0.0451771379115059,0.10143721183623378,0.14661434974773968,1242599908,live_unpatched_same_model,1.2345631999778561
58,4,441,256,19,103.68385624866029,-0.0309425523201656,0.08833190658647697,0.11927445890664257,3412765698,live_unpatched_same_model,1.2481420999974944
58,5,84,407,19,103.17152579354456,0.0701096946469617,0.05913879595965804,-0.010970898687303665,1894052702,live_unpatched_same_model,1.2511937000090256
58,6,180,181,19,110.38806055107938,-0.0706881178551478,-0.1260977095318643,-0.05540959167671651,1631872165,live_unpatched_same_model,1.2342720999731682
58,7,442,166,19,108.47418947067077,-0.0374219266130395,-0.05091014415167354,-0.013488217538634037,1146535929,live_unpatched_same_model,1.2468891000025906
58,8,353,336,19,109.08276948497313,0.2334113362848168,0.1574389202946741,-0.0759724159901427,946120581,live_unpatched_same_model,1.2496339000063017
58,9,121,471,19,136.23808812678564,0.1553593319424777,0.3810245238511519,0.22566519190867418,3240008819,live_unpatched_same_model,1.2359072000253946
58,10,145,125,19,85.2051251574838,-0.0414361952716543,-0.03429432625721999,0.00714186901443431,642097772,live_unpatched_same_model,1.2589066000073217
58,11,222,268,19,112.73324134162299,-0.0744144220976672,-0.08045915771106778,-0.006044735613400576,350310750,live_unpatched_same_model,1.2426829999894835
58,12,217,403,19,117.51799281220073,0.356841227425656,0.30550279613821285,-0.05133843128744314,1736519760,live_unpatched_same_model,1.2401662999764085
58,13,209,443,19,119.69797830784465,-0.0405956674567725,-0.08460838505895865,-0.044012717602186155,1615067178,live_unpatched_same_model,1.2417875999817625
58,14,322,267,19,140.07018286936724,0.20774430399201,0.29769658234677027,0.08995227835476027,927015605,live_unpatched_same_model,1.2327409000135958
58,15,65,148,19,124.16221683795429,0.0040545803889276,0.1014671679184758,0.0974125875295482,3945456021,live_unpatched_same_model,1.2427601999952458
59,1,368,13,19,100.27535664750594,0.3222584150282147,0.19412171882166082,-0.12813669620655385,3791151573,live_unpatched_same_model,1.2470368000213057
59,2,340,186,19,124.14250147738309,0.5517011289529234,0.6020755970635214,0.05037446811059798,3262541375,live_unpatched_same_model,1.2328706000116654
59,3,135,70,19,133.86533456399275,-0.0451771379115059,-0.03167905151061448,0.013498086400891417,349106158,live_unpatched_same_model,1.2343538000131957
59,4,441,256,19,103.68385624866029,-0.0309425523201656,0.13800524175984744,0.16894779408001304,3134687324,live_unpatched_same_model,1.247826500039082
59,5,84,407,19,103.17152579354456,0.0701096946469617,0.10446418113783311,0.0343544864908714,2554557840,live_unpatched_same_model,1.2412141999811865
59,6,180,181,19,110.38806055107938,-0.0706881178551478,0.06646749966663482,0.13715561752178262,2491233480,live_unpatched_same_model,1.234684200026095
59,7,442,166,19,108.47418947067077,-0.0374219266130395,-0.13816393132128055,-0.10074200470824105,2088585425,live_unpatched_same_model,1.2466892000520602
59,8,353,336,19,109.08276948497313,0.2334113362848168,-0.1356616724276975,-0.3690730087125143,701893373,live_unpatched_same_model,1.2490747999981977
59,9,121,471,19,136.23808812678564,0.1553593319424777,0.31509281898140395,0.15973348703892626,2097184418,live_unpatched_same_model,1.2347970999544486
59,10,145,125,19,85.2051251574838,-0.0414361952716543,0.1595895037341721,0.2010256990058264,1982509119,live_unpatched_same_model,1.261582000006456
59,11,222,268,19,112.73324134162299,-0.0744144220976672,-0.15040608701791,-0.0759916649202428,2808192297,live_unpatched_same_model,1.2415870999684557
59,12,217,403,19,117.51799281220073,0.356841227425656,0.0455895115068327,-0.3112517159188233,2346673368,live_unpatched_same_model,1.240693999978248
59,13,209,443,19,119.69797830784465,-0.0405956674567725,0.09815538658034724,0.13875105403711974,131333115,live_unpatched_same_model,1.2399758000392467
59,14,322,267,19,140.07018286936724,0.20774430399201,-0.07662446232606496,-0.28436876631807495,208858277,live_unpatched_same_model,1.2327939999522641
59,15,65,148,19,124.16221683795429,0.0040545803889276,-0.10322659503498441,-0.10728117542391201,2283304171,live_unpatched_same_model,1.243040299974382
60,1,368,13,19,100.27535664750594,0.3222584150282147,0.1324694060358013,-0.18978900899241338,453990849,live_unpatched_same_model,1.2483983999700285
60,2,340,186,19,124.14250147738309,0.5517011289529234,0.6238154506781928,0.07211432172526933,1939591606,live_unpatched_same_model,1.2341261000256054
60,3,135,70,19,133.86533456399275,-0.0451771379115059,-0.15725398236915025,-0.11207684445764435,1092651118,live_unpatched_same_model,1.270210099988617
60,4,441,256,19,103.68385624866029,-0.0309425523201656,-0.24650902276153744,-0.21556647044137184,3394771135,live_unpatched_same_model,1.2504286999464966
60,5,84,407,19,103.17152579354456,0.0701096946469617,-0.038493280820429895,-0.1086029754673916,3214536598,live_unpatched_same_model,1.2417544999625534
60,6,180,181,19,110.38806055107938,-0.0706881178551478,-0.032264962656416526,0.03842315519873127,424583511,live_unpatched_same_model,1.2372739000129513
60,7,442,166,19,108.47418947067077,-0.0374219266130395,-0.014579823008319457,0.022842103604720047,2491948855,live_unpatched_same_model,1.2485784000018612
60,8,353,336,19,109.08276948497313,0.2334113362848168,0.5567541771574533,0.32334284087263654,1777793357,live_unpatched_same_model,1.2520135999657214
60,9,121,471,19,136.23808812678564,0.1553593319424777,0.21193661320262072,0.056577281260143025,2064155440,live_unpatched_same_model,1.235298599989619
60,10,145,125,19,85.2051251574838,-0.0414361952716543,-0.24032675292046415,-0.19889055764880986,4221548728,live_unpatched_same_model,1.2568520999629982
60,11,222,268,19,112.73324134162299,-0.0744144220976672,-0.1525642436686883,-0.07814982157102109,3512999016,live_unpatched_same_model,1.2432620000327006
60,12,217,403,19,117.51799281220073,0.356841227425656,0.06105798977192649,-0.2957832376537295,1562979872,live_unpatched_same_model,1.2408136999583803
60,13,209,443,19,119.69797830784465,-0.0405956674567725,-0.028766824457909013,0.011828842998863484,1001972338,live_unpatched_same_model,1.238601999997627
60,14,322,267,19,140.07018286936724,0.20774430399201,-0.15181471489151913,-0.35955901888352915,2069470880,live_unpatched_same_model,1.2321509000030346
60,15,65,148,19,124.16221683795429,0.0040545803889276,0.006792903543186782,0.0027383231542591827,4210846566,live_unpatched_same_model,1.2449963999679312
61,1,368,13,19,100.27535664750594,0.3222584150282147,0.07450529259591836,-0.2477531224322963,3612820820,live_unpatched_same_model,1.2475741999805905
61,2,340,186,19,124.14250147738309,0.5517011289529234,0.45977985092450924,-0.09192127802841421,2235707798,live_unpatched_same_model,1.2344401000300422
61,3,135,70,19,133.86533456399275,-0.0451771379115059,-0.12542393186597942,-0.08024679395447351,3892886478,live_unpatched_same_model,1.234849700005725
61,4,441,256,19,103.68385624866029,-0.0309425523201656,0.1968109243999732,0.2277534767201388,1473835216,live_unpatched_same_model,1.2497976999729872
61,5,84,407,19,103.17152579354456,0.0701096946469617,-0.07742779714110778,-0.1475374917880695,1479300860,live_unpatched_same_model,1.2416445999988355
61,6,180,181,19,110.38806055107938,-0.0706881178551478,-0.14782020057042566,-0.07713208271527787,142659767,live_unpatched_same_model,1.2353091000113636
61,7,442,166,19,108.47418947067077,-0.0374219266130395,-0.08938733818803205,-0.05196541157499254,3560222518,live_unpatched_same_model,1.2471466999850236
61,8,353,336,19,109.08276948497313,0.2334113362848168,0.11978514631067844,-0.11362618997413837,1923263379,live_unpatched_same_model,1.2505306999664754
61,9,121,471,19,136.23808812678564,0.1553593319424777,0.2687624732046524,0.11340314126217471,459994809,live_unpatched_same_model,1.2367980999988504
61,10,145,125,19,85.2051251574838,-0.0414361952716543,0.05361412210203435,0.09505031737368866,2594089404,live_unpatched_same_model,1.260657100006938
61,11,222,268,19,112.73324134162299,-0.0744144220976672,-0.03199585860519577,0.04241856349247143,2270106611,live_unpatched_same_model,1.2422692999825813
61,12,217,403,19,117.51799281220073,0.356841227425656,0.2275013759183882,-0.1293398515072678,1079068288,live_unpatched_same_model,1.2563015000196174
61,13,209,443,19,119.69797830784465,-0.0405956674567725,-0.004250127115366605,0.03634554034140589,936401217,live_unpatched_same_model,1.0883647999726236
61,14,322,267,19,140.07018286936724,0.20774430399201,0.36380885928543716,0.15606455529342717,2985020716,live_unpatched_same_model,1.2364515000372194
61,15,65,148,19,124.16221683795429,0.0040545803889276,-0.13029601246172998,-0.13435059285065756,3511299617,live_unpatched_same_model,1.2542663000058383
62,1,368,13,19,100.27535664750594,0.3222584150282147,0.06324981157175906,-0.2590086034564556,626140547,live_unpatched_same_model,1.2470513999578543
62,2,340,186,19,124.14250147738309,0.5517011289529234,0.38031282097116614,-0.1713883079817573,3597288347,live_unpatched_same_model,1.2325099000008777
62,3,135,70,19,133.86533456399275,-0.0451771379115059,-0.16420545697124678,-0.11902831905974087,2871503368,live_unpatched_same_model,1.245212999987416
62,4,441,256,19,103.68385624866029,-0.0309425523201656,0.18704587021254274,0.21798842253270834,282809404,live_unpatched_same_model,1.2890646000159904
62,5,84,407,19,103.17152579354456,0.0701096946469617,0.0994211027914525,0.02931140814449079,3803884773,live_unpatched_same_model,1.264539199997671
62,6,180,181,19,110.38806055107938,-0.0706881178551478,-0.007316252007666024,0.06337186584748176,1335707588,live_unpatched_same_model,1.2361939999973401
62,7,442,166,19,108.47418947067077,-0.0374219266130395,0.21577417828897913,0.2531961049020186,3247608709,live_unpatched_same_model,1.2476437999866903
62,8,353,336,19,109.08276948497313,0.2334113362848168,0.1076330713164781,-0.12577826496833872,3926403352,live_unpatched_same_model,1.2505648999940604
62,9,121,471,19,136.23808812678564,0.1553593319424777,0.44304942774269274,0.28769009580021504,3122491995,live_unpatched_same_model,1.2345559000386856
62,10,145,125,19,85.2051251574838,-0.0414361952716543,-0.0899564479194079,-0.04852025264775361,452004712,live_unpatched_same_model,1.2610925000044517
62,11,222,268,19,112.73324134162299,-0.0744144220976672,0.07929741807566773,0.15371184017333495,1610943266,live_unpatched_same_model,1.2435409000026993
62,12,217,403,19,117.51799281220073,0.356841227425656,0.12498042242700037,-0.23186080499865563,2961545095,live_unpatched_same_model,1.2413399000070058
62,13,209,443,19,119.69797830784465,-0.0405956674567725,0.1353755314087295,0.175971198865502,2814246944,live_unpatched_same_model,1.2507403999916278
62,14,322,267,19,140.07018286936724,0.20774430399201,0.22235114459915717,0.014606840607147176,1346231033,live_unpatched_same_model,1.2355930999619886
62,15,65,148,19,124.16221683795429,0.0040545803889276,0.14481569265803992,0.14076111226911234,267643115,live_unpatched_same_model,1.2431683000177145
63,1,368,13,19,100.27535664750594,0.3222584150282147,0.2212387241316185,-0.10101969089659618,2740824154,live_unpatched_same_model,1.2503997000167146
63,2,340,186,19,124.14250147738309,0.5517011289529234,0.21909055613138548,-0.33261057282153794,3098765319,live_unpatched_same_model,1.2354387999512255
63,3,135,70,19,133.86533456399275,-0.0451771379115059,-0.042644315035590574,0.0025328228759153235,3041453863,live_unpatched_same_model,1.2357333999825642
63,4,441,256,19,103.68385624866029,-0.0309425523201656,-0.20579880322088961,-0.17485625090072401,1919181223,live_unpatched_same_model,1.2533608000376262
63,5,84,407,19,103.17152579354456,0.0701096946469617,0.39129836803309126,0.32118867338612955,1177104022,live_unpatched_same_model,1.244278700032737
63,6,180,181,19,110.38806055107938,-0.0706881178551478,-0.25965402812543903,-0.18896591027029125,1814855337,live_unpatched_same_model,1.2357579999952577
63,7,442,166,19,108.47418947067077,-0.0374219266130395,0.21938151107530088,0.25680343768834035,1532296211,live_unpatched_same_model,1.2478797999792732
63,8,353,336,19,109.08276948497313,0.2334113362848168,-0.16382470434392268,-0.3972360406287395,271038079,live_unpatched_same_model,1.2492943999823183
63,9,121,471,19,136.23808812678564,0.1553593319424777,0.22453966233474762,0.06918033039226992,2422210452,live_unpatched_same_model,1.2359399999841116
63,10,145,125,19,85.2051251574838,-0.0414361952716543,0.09881706859405626,0.14025326386571055,1993573534,live_unpatched_same_model,1.2636622000136413
63,11,222,268,19,112.73324134162299,-0.0744144220976672,0.004835335755398961,0.07924975785306616,2693710015,live_unpatched_same_model,1.2545453000348061
63,12,217,403,19,117.51799281220073,0.356841227425656,0.5922189257220694,0.23537769829641336,2648866336,live_unpatched_same_model,1.266354599967599
63,13,209,443,19,119.69797830784465,-0.0405956674567725,-0.001377594072271859,0.03921807338450064,815796867,live_unpatched_same_model,1.2535462999949232
63,14,322,267,19,140.07018286936724,0.20774430399201,0.21708577739841156,0.009341473406401568,1385184155,live_unpatched_same_model,1.2332065999507904
63,15,65,148,19,124.16221683795429,0.0040545803889276,-0.15769629468975835,-0.16175087507868594,4134733506,live_unpatched_same_model,1.2436007999931462
64,1,368,13,19,100.27535664750594,0.3222584150282147,0.26267170772566983,-0.05958670730254484,865657213,live_unpatched_same_model,1.247574999986682
64,2,340,186,19,124.14250147738309,0.5517011289529234,0.758130093519801,0.20642896456687754,660538296,live_unpatched_same_model,1.23346879996825
64,3,135,70,19,133.86533456399275,-0.0451771379115059,-0.06143045609348441,-0.01625331818197851,3765287028,live_unpatched_same_model,1.2351377999875695
64,4,441,256,19,103.68385624866029,-0.0309425523201656,-0.23153256383190887,-0.20059001151174327,3186285970,live_unpatched_same_model,1.249952399986796
64,5,84,407,19,103.17152579354456,0.0701096946469617,0.0017797163408637673,-0.06832997830609794,2279474577,live_unpatched_same_model,1.2430807999917306
64,6,180,181,19,110.38806055107938,-0.0706881178551478,-0.054693962893537465,0.01599415496161033,1909315119,live_unpatched_same_model,1.2349131000228226
64,7,442,166,19,108.47418947067077,-0.0374219266130395,-0.10680464915126943,-0.06938272253822993,711490699,live_unpatched_same_model,1.248932300019078
64,8,353,336,19,109.08276948497313,0.2334113362848168,0.25863490582874943,0.025223569543932622,277279591,live_unpatched_same_model,1.2499160000006668
64,9,121,471,19,136.23808812678564,0.1553593319424777,0.2939806554979368,0.1386213235554591,3227579937,live_unpatched_same_model,1.2368374000070617
64,10,145,125,19,85.2051251574838,-0.0414361952716543,-0.003413068928619701,0.0380231263430346,1296489103,live_unpatched_same_model,1.2582506999606267
64,11,222,268,19,112.73324134162299,-0.0744144220976672,-0.0341949381498807,0.0402194839477865,3857296032,live_unpatched_same_model,1.241866199998185
64,12,217,403,19,117.51799281220073,0.356841227425656,0.2366002859539187,-0.1202409414717373,2212684087,live_unpatched_same_model,1.2424043000210077
64,13,209,443,19,119.69797830784465,-0.0405956674567725,-0.02394851421681684,0.016647153239955657,2060839750,live_unpatched_same_model,1.2393069999525324
64,14,322,267,19,140.07018286936724,0.20774430399201,0.3012345843439424,0.09349028035193241,1650933455,live_unpatched_same_model,1.2343688000109978
64,15,65,148,19,124.16221683795429,0.0040545803889276,0.1607953013109351,0.15674072092200753,3974913680,live_unpatched_same_model,1.2438827999867499
65,1,368,13,19,100.27535664750594,0.3222584150282147,0.3410441171736076,0.018785702145392935,770348913,live_unpatched_same_model,1.2480931000318378
65,2,340,186,19,124.14250147738309,0.5517011289529234,0.6133799317804063,0.06167880282748284,678839335,live_unpatched_same_model,1.2339423999655992
65,3,135,70,19,133.86533456399275,-0.0451771379115059,-0.17226615371877657,-0.12708901580727067,547013694,live_unpatched_same_model,1.2352179999579675
65,4,441,256,19,103.68385624866029,-0.0309425523201656,0.0315518888869942,0.0624944412071598,1629258925,live_unpatched_same_model,1.2491764000151306
65,5,84,407,19,103.17152579354456,0.0701096946469617,0.11297583127214908,0.04286613662518737,177558261,live_unpatched_same_model,1.258902899979148
65,6,180,181,19,110.38806055107938,-0.0706881178551478,-0.13706020797444016,-0.06637209011929236,156325407,live_unpatched_same_model,1.2519599000224844
65,7,442,166,19,108.47418947067077,-0.0374219266130395,-0.19372338509285897,-0.15630145847981947,4103325269,live_unpatched_same_model,1.256954099982977
65,8,353,336,19,109.08276948497313,0.2334113362848168,0.3837462825078442,0.1503349462230274,1644910634,live_unpatched_same_model,1.2533646000083536
65,9,121,471,19,136.23808812678564,0.1553593319424777,0.35199059651166886,0.19663126456919117,3877901303,live_unpatched_same_model,1.2429200999904424
65,10,145,125,19,85.2051251574838,-0.0414361952716543,-0.2818576108039029,-0.24042141553224863,2392401867,live_unpatched_same_model,1.256829799967818
65,11,222,268,19,112.73324134162299,-0.0744144220976672,-0.15232109542134867,-0.07790667332368147,1087607581,live_unpatched_same_model,1.2430285000009462
65,12,217,403,19,117.51799281220073,0.356841227425656,0.5953803134006228,0.2385390859749668,2014435408,live_unpatched_same_model,1.2435363000258803
65,13,209,443,19,119.69797830784465,-0.0405956674567725,-0.052305527676765856,-0.01170986021999336,2834912412,live_unpatched_same_model,1.2388020000071265
65,14,322,267,19,140.07018286936724,0.20774430399201,0.2963607102706308,0.08861640627862083,3451615940,live_unpatched_same_model,1.232757199963089
65,15,65,148,19,124.16221683795429,0.0040545803889276,-0.04053954926356322,-0.04459412965249082,220136707,live_unpatched_same_model,1.2425884999684058
66,1,368,13,19,100.27535664750594,0.3222584150282147,0.3079777221526968,-0.014280692875517864,140343745,live_unpatched_same_model,1.249009900027886
66,2,340,186,19,124.14250147738309,0.5517011289529234,0.4694840261216686,-0.08221710283125483,1220606484,live_unpatched_same_model,1.2328961999737658
66,3,135,70,19,133.86533456399275,-0.0451771379115059,-0.19315400405272795,-0.14797686614122205,2262425246,live_unpatched_same_model,1.235160599986557
66,4,441,256,19,103.68385624866029,-0.0309425523201656,-0.17695058763380164,-0.14600803531363604,1284902719,live_unpatched_same_model,1.254147199972067
66,5,84,407,19,103.17152579354456,0.0701096946469617,0.09893418521894631,0.028824490571984607,2146486496,live_unpatched_same_model,1.2425593999796547
66,6,180,181,19,110.38806055107938,-0.0706881178551478,-0.0018808872907915425,0.06880723056435625,3467301779,live_unpatched_same_model,1.236521199985873
66,7,442,166,19,108.47418947067077,-0.0374219266130395,0.27601942823964143,0.31344135485268093,2641785789,live_unpatched_same_model,1.2465105000301264
66,8,353,336,19,109.08276948497313,0.2334113362848168,0.09662444734503182,-0.13678688893978497,3357862450,live_unpatched_same_model,1.250294599973131
66,9,121,471,19,136.23808812678564,0.1553593319424777,-0.21232553405680218,-0.36768486599927985,1907004861,live_unpatched_same_model,1.2380223000072874
66,10,145,125,19,85.2051251574838,-0.0414361952716543,-0.0938579429204982,-0.05242174764884391,323505043,live_unpatched_same_model,1.257903299992904
66,11,222,268,19,112.73324134162299,-0.0744144220976672,-0.18272883624779346,-0.10831441415012626,2258050844,live_unpatched_same_model,1.2424466999946162
66,12,217,403,19,117.51799281220073,0.356841227425656,0.36268947375183297,0.005848246326176976,1434560214,live_unpatched_same_model,1.2457723999978043
66,13,209,443,19,119.69797830784465,-0.0405956674567725,-0.24261214523018784,-0.20201647777341536,1545492515,live_unpatched_same_model,1.2398555999970995
66,14,322,267,19,140.07018286936724,0.20774430399201,0.3363340576413911,0.12858975364938113,1361047320,live_unpatched_same_model,1.2323205000138842
66,15,65,148,19,124.16221683795429,0.0040545803889276,0.07743467019279794,0.07338008980387034,3171066423,live_unpatched_same_model,1.2422970999614336
67,1,368,13,19,100.27535664750594,0.3222584150282147,0.5293216203191563,0.20706320529094163,4077829610,live_unpatched_same_model,1.2471812999574468
67,2,340,186,19,124.14250147738309,0.5517011289529234,0.4556780409169194,-0.09602308803600407,2635407622,live_unpatched_same_model,1.2353285999852233
67,3,135,70,19,133.86533456399275,-0.0451771379115059,-0.05624891662598791,-0.011071778714482013,298081077,live_unpatched_same_model,1.234668699966278
67,4,441,256,19,103.68385624866029,-0.0309425523201656,0.22194151012689517,0.25288406244706074,2228859194,live_unpatched_same_model,1.250352099945303
67,5,84,407,19,103.17152579354456,0.0701096946469617,0.021657463204891883,-0.048452231442069824,3283140093,live_unpatched_same_model,1.2443326999782585
67,6,180,181,19,110.38806055107938,-0.0706881178551478,0.019515405223346494,0.09020352307849429,4166525882,live_unpatched_same_model,1.2355639999732375
67,7,442,166,19,108.47418947067077,-0.0374219266130395,-0.1815349144028763,-0.1441129877898368,1096964207,live_unpatched_same_model,1.2469160999753512
67,8,353,336,19,109.08276948497313,0.2334113362848168,0.2676208402095682,0.03420950392475142,2076794891,live_unpatched_same_model,1.2495082000386901
67,9,121,471,19,136.23808812678564,0.1553593319424777,-0.008897270667291414,-0.1642566026097691,4051092512,live_unpatched_same_model,1.2358731999993324
67,10,145,125,19,85.2051251574838,-0.0414361952716543,0.3039020731385534,0.3453382684102077,2036869865,live_unpatched_same_model,1.258439700002782
67,11,222,268,19,112.73324134162299,-0.0744144220976672,0.02082334155587981,0.09523776365354701,2945588633,live_unpatched_same_model,1.2456950999912806
67,12,217,403,19,117.51799281220073,0.356841227425656,0.2366373261573454,-0.1202039012683106,3670681648,live_unpatched_same_model,1.2434737000148743
67,13,209,443,19,119.69797830784465,-0.0405956674567725,0.1618660454728955,0.20246171292966797,1680214778,live_unpatched_same_model,1.2405489000375383
67,14,322,267,19,140.07018286936724,0.20774430399201,0.38409076082692933,0.17634645683491934,463550928,live_unpatched_same_model,1.2347729000030085
67,15,65,148,19,124.16221683795429,0.0040545803889276,0.0030169992991247825,-0.0010375810898028172,790186937,live_unpatched_same_model,1.2447889000177383
68,1,368,13,19,100.27535664750594,0.3222584150282147,0.2048727126907949,-0.11738570233741977,1877842129,live_unpatched_same_model,1.2619847999885678
68,2,340,186,19,124.14250147738309,0.5517011289529234,0.5291087232216922,-0.022592405731231224,705308873,live_unpatched_same_model,1.2657136999769136
68,3,135,70,19,133.86533456399275,-0.0451771379115059,0.065191543142197,0.1103686810537029,4037928862,live_unpatched_same_model,1.2395614000270143
68,4,441,256,19,103.68385624866029,-0.0309425523201656,0.12304679880411556,0.15398935112428117,762878493,live_unpatched_same_model,1.250108599953819
68,5,84,407,19,103.17152579354456,0.0701096946469617,0.06904783907563672,-0.0010618555713249878,1512501127,live_unpatched_same_model,1.2420539000304416
68,6,180,181,19,110.38806055107938,-0.0706881178551478,-0.05880284468791667,0.011885273167231127,331800053,live_unpatched_same_model,1.2409088999847881
68,7,442,166,19,108.47418947067077,-0.0374219266130395,0.057893247594813256,0.09531517420785277,1433310667,live_unpatched_same_model,1.272233200026676
68,8,353,336,19,109.08276948497313,0.2334113362848168,0.26947193304172024,0.03606059675690343,1341576970,live_unpatched_same_model,1.2692780999932438
68,9,121,471,19,136.23808812678564,0.1553593319424777,0.22001934466309409,0.06466001272061639,2587285855,live_unpatched_same_model,1.3090936000226066
68,10,145,125,19,85.2051251574838,-0.0414361952716543,-0.08022142669041898,-0.038785231418764686,1326390574,live_unpatched_same_model,1.2785712000331841
68,11,222,268,19,112.73324134162299,-0.0744144220976672,-0.2162522625771378,-0.14183784047947062,4005956943,live_unpatched_same_model,1.3082669000141323
68,12,217,403,19,117.51799281220073,0.356841227425656,0.534651797180848,0.177810569755192,2734828542,live_unpatched_same_model,1.40191880002385
68,13,209,443,19,119.69797830784465,-0.0405956674567725,-0.06257328281885459,-0.021977615362082092,1955297178,live_unpatched_same_model,1.0535959000117145
68,14,322,267,19,140.07018286936724,0.20774430399201,0.3660229712726448,0.15827866728063483,2374732928,live_unpatched_same_model,1.2663921000203118
68,15,65,148,19,124.16221683795429,0.0040545803889276,0.08238257144082856,0.07832799105190096,3409971730,live_unpatched_same_model,1.328778200026136
69,1,368,13,19,100.27535664750594,0.3222584150282147,0.1671731167732844,-0.15508529825493028,2508694133,live_unpatched_same_model,1.2748531000106595
69,2,340,186,19,124.14250147738309,0.5517011289529234,0.4224004782358777,-0.12930065071704577,1847155020,live_unpatched_same_model,1.274765300040599
69,3,135,70,19,133.86533456399275,-0.0451771379115059,-0.019721811900264702,0.025455326011241196,3377960975,live_unpatched_same_model,1.260429900023155
69,4,441,256,19,103.68385624866029,-0.0309425523201656,-0.07930724778247479,-0.04836469546230919,1067585125,live_unpatched_same_model,1.277045700000599
69,5,84,407,19,103.17152579354456,0.0701096946469617,0.03879105903835346,-0.031318635608608245,3803741245,live_unpatched_same_model,1.2487773000029847
69,6,180,181,19,110.38806055107938,-0.0706881178551478,-0.042920424878905045,0.02776769297624275,1357509145,live_unpatched_same_model,1.2723692000145093
69,7,442,166,19,108.47418947067077,-0.0374219266130395,-0.15320337932767455,-0.11578145271463505,2126349929,live_unpatched_same_model,1.2549741999828257
69,8,353,336,19,109.08276948497313,0.2334113362848168,0.19155484373528894,-0.04185649254952786,680185281,live_unpatched_same_model,1.259290800022427
69,9,121,471,19,136.23808812678564,0.1553593319424777,0.06902341649599443,-0.08633591544648327,2739857104,live_unpatched_same_model,1.2548103000153787
69,10,145,125,19,85.2051251574838,-0.0414361952716543,0.06308541957347884,0.10452161484513314,2956816565,live_unpatched_same_model,1.2727227000286803
69,11,222,268,19,112.73324134162299,-0.0744144220976672,-0.2068635477526373,-0.13244912565497008,676452350,live_unpatched_same_model,1.2482874999986961
69,12,217,403,19,117.51799281220073,0.356841227425656,0.473430838798775,0.11658961137311902,3239529778,live_unpatched_same_model,1.250265600043349
69,13,209,443,19,119.69797830784465,-0.0405956674567725,0.11285835787854596,0.15345402533531846,1802629289,live_unpatched_same_model,1.2448055999702774
69,14,322,267,19,140.07018286936724,0.20774430399201,0.13413738539978395,-0.07360691859222604,3863182836,live_unpatched_same_model,1.2368521000025794
69,15,65,148,19,124.16221683795429,0.0040545803889276,-0.07728853967455909,-0.08134312006348669,544017037,live_unpatched_same_model,1.2476633000187576
70,1,368,13,19,100.27535664750594,0.3222584150282147,0.35954302544800815,0.037284610419793474,1946490619,live_unpatched_same_model,1.2521475999965332
70,2,340,186,19,124.14250147738309,0.5517011289529234,0.6600227916184986,0.10832166266557519,669415775,live_unpatched_same_model,1.2378112999722362
70,3,135,70,19,133.86533456399275,-0.0451771379115059,0.13231258589235245,0.17748972380385836,760065894,live_unpatched_same_model,1.2438110999646597
70,4,441,256,19,103.68385624866029,-0.0309425523201656,-0.14835159352359614,-0.11740904120343054,1959672957,live_unpatched_same_model,1.2516386999632232
70,5,84,407,19,103.17152579354456,0.0701096946469617,0.11020338393228817,0.04009368928532646,97185243,live_unpatched_same_model,1.2484892000211403
70,6,180,181,19,110.38806055107938,-0.0706881178551478,-0.030332767746958936,0.04035535010818886,1197555457,live_unpatched_same_model,1.2494933999842033
70,7,442,166,19,108.47418947067077,-0.0374219266130395,0.12089415724609162,0.15831608385913112,808797881,live_unpatched_same_model,1.2721484000212513
70,8,353,336,19,109.08276948497313,0.2334113362848168,0.1844775072829188,-0.048933829001897994,4129547787,live_unpatched_same_model,1.2526929000159726
70,9,121,471,19,136.23808812678564,0.1553593319424777,-0.0042854341265303195,-0.15964476606900802,856914431,live_unpatched_same_model,1.236320300027728
70,10,145,125,19,85.2051251574838,-0.0414361952716543,0.04752969236228094,0.08896588763393523,3203127992,live_unpatched_same_model,1.2702313999761827
70,11,222,268,19,112.73324134162299,-0.0744144220976672,-0.030005399068694975,0.044409023028972226,1051014366,live_unpatched_same_model,1.2486068999860436
70,12,217,403,19,117.51799281220073,0.356841227425656,0.7093398000651209,0.3524985726394649,790814477,live_unpatched_same_model,1.2595443000318483
70,13,209,443,19,119.69797830784465,-0.0405956674567725,0.14323082734739384,0.18382649480416635,2469685797,live_unpatched_same_model,1.2429210999980569
70,14,322,267,19,140.07018286936724,0.20774430399201,0.15352146080191242,-0.05422284319009757,379169649,live_unpatched_same_model,1.2371542999753729
70,15,65,148,19,124.16221683795429,0.0040545803889276,0.042479448171403096,0.038424867782475496,3332897541,live_unpatched_same_model,1.2451741000404581
71,1,368,13,19,100.27535664750594,0.3222584150282147,0.49468782530992117,0.1724294102817065,2324396841,live_unpatched_same_model,1.2668170999968424
71,2,340,186,19,124.14250147738309,0.5517011289529234,0.312592071495864,-0.23910905745705946,1066899659,live_unpatched_same_model,1.3041857000207528
71,3,135,70,19,133.86533456399275,-0.0451771379115059,-0.1511248445533512,-0.1059477066418453,616895617,live_unpatched_same_model,1.2410316999885254
71,4,441,256,19,103.68385624866029,-0.0309425523201656,0.14809287674558827,0.17903542906575387,1617073191,live_unpatched_same_model,1.2551898999954574
71,5,84,407,19,103.17152579354456,0.0701096946469617,0.22173897490589206,0.15162928025893035,1221339227,live_unpatched_same_model,1.246043200022541
71,6,180,181,19,110.38806055107938,-0.0706881178551478,-0.19851587465771894,-0.12782775680257114,2508496383,live_unpatched_same_model,1.2433023999910802
71,7,442,166,19,108.47418947067077,-0.0374219266130395,-0.3213567279105025,-0.283934801297463,2742377860,live_unpatched_same_model,1.2541896000038832
71,8,353,336,19,109.08276948497313,0.2334113362848168,0.30314904553668626,0.06973770925186945,823084068,live_unpatched_same_model,1.2561102000181563
71,9,121,471,19,136.23808812678564,0.1553593319424777,0.03519122914885661,-0.12016810279362108,156448102,live_unpatched_same_model,1.2489052999881096
71,10,145,125,19,85.2051251574838,-0.0414361952716543,0.15268178129696214,0.19411797656861643,2585866372,live_unpatched_same_model,1.2927718999562785
71,11,222,268,19,112.73324134162299,-0.0744144220976672,0.034870354039557794,0.109284776137225,2388042681,live_unpatched_same_model,1.2445806000032462
71,12,217,403,19,117.51799281220073,0.356841227425656,0.3840104114533097,0.027169184027653726,624369048,live_unpatched_same_model,1.2452494999743067
71,13,209,443,19,119.69797830784465,-0.0405956674567725,0.009814772744908362,0.05041044020168086,3308459806,live_unpatched_same_model,1.2422561999992467
71,14,322,267,19,140.07018286936724,0.20774430399201,0.550119700387304,0.34237539639529396,119524057,live_unpatched_same_model,1.2447041000123136
71,15,65,148,19,124.16221683795429,0.0040545803889276,-0.2427330328099174,-0.24678761319884499,1530907992,live_unpatched_same_model,1.096428900025785
72,1,368,13,19,100.27535664750594,0.3222584150282147,0.3166627028646645,-0.005595712163550148,1722917506,live_unpatched_same_model,1.277060899999924
72,2,340,186,19,124.14250147738309,0.5517011289529234,0.5275626419190804,-0.024138487033843026,2058108558,live_unpatched_same_model,1.2465664999908768
72,3,135,70,19,133.86533456399275,-0.0451771379115059,-0.015513209903840726,0.029663928007665173,3116270083,live_unpatched_same_model,1.2388794999569654
72,4,441,256,19,103.68385624866029,-0.0309425523201656,-0.18495301503109782,-0.15401046271093222,238911462,live_unpatched_same_model,1.2500638000201434
72,5,84,407,19,103.17152579354456,0.0701096946469617,0.025672099108483726,-0.04443759553847798,1534600592,live_unpatched_same_model,1.243000700022094
72,6,180,181,19,110.38806055107938,-0.0706881178551478,-0.07833015731026234,-0.0076420394551145465,3030867849,live_unpatched_same_model,1.2375922999926843
72,7,442,166,19,108.47418947067077,-0.0374219266130395,-0.03462503021564435,0.0027968963973951516,2358864876,live_unpatched_same_model,1.263411600026302
72,8,353,336,19,109.08276948497313,0.2334113362848168,0.13695826716377618,-0.09645306912104062,3402953603,live_unpatched_same_model,1.2603457000222988
72,9,121,471,19,136.23808812678564,0.1553593319424777,0.12424290198740229,-0.03111642995507541,6341555,live_unpatched_same_model,1.243074500001967
72,10,145,125,19,85.2051251574838,-0.0414361952716543,0.03901487515014919,0.0804510704218035,514547725,live_unpatched_same_model,1.2747101000277326
72,11,222,268,19,112.73324134162299,-0.0744144220976672,0.07851878010463943,0.15293320220230663,516724407,live_unpatched_same_model,1.2459169999929145
72,12,217,403,19,117.51799281220073,0.356841227425656,0.16347716069313403,-0.19336406673252196,4005934443,live_unpatched_same_model,1.2464847000082955
72,13,209,443,19,119.69797830784465,-0.0405956674567725,-0.1030750607548602,-0.0624793932980877,736242122,live_unpatched_same_model,1.2753131000208668
72,14,322,267,19,140.07018286936724,0.20774430399201,-0.07451019865250463,-0.2822545026445146,3187938303,live_unpatched_same_model,1.2407618000288494
72,15,65,148,19,124.16221683795429,0.0040545803889276,-0.06976977471623101,-0.07382435510515861,3418591199,live_unpatched_same_model,1.2489808999816887
73,1,368,13,19,100.27535664750594,0.3222584150282147,0.1966665560170224,-0.12559185901119227,1539371745,live_unpatched_same_model,1.2516405999776907
73,2,340,186,19,124.14250147738309,0.5517011289529234,0.5289332560214244,-0.022767872931499067,481121640,live_unpatched_same_model,1.237072799995076
73,3,135,70,19,133.86533456399275,-0.0451771379115059,-0.07705197200067389,-0.03187483408916799,1390467297,live_unpatched_same_model,1.2443965999991633
73,4,441,256,19,103.68385624866029,-0.0309425523201656,-0.23285690386126606,-0.20191435154110046,796206870,live_unpatched_same_model,1.26468769996427
73,5,84,407,19,103.17152579354456,0.0701096946469617,-0.0928642162012283,-0.16297391084819002,4068500719,live_unpatched_same_model,1.247051400016062
73,6,180,181,19,110.38806055107938,-0.0706881178551478,-0.25966870135196707,-0.1889805834968193,2523764621,live_unpatched_same_model,1.288179500028491
73,7,442,166,19,108.47418947067077,-0.0374219266130395,-0.008606855749618355,0.028815070863421145,4210521129,live_unpatched_same_model,1.2559128000284545
73,8,353,336,19,109.08276948497313,0.2334113362848168,0.3810103598995508,0.14759902361473398,2348642248,live_unpatched_same_model,1.2528138000052422
73,9,121,471,19,136.23808812678564,0.1553593319424777,0.42507400827479935,0.26971467633232166,41873074,live_unpatched_same_model,1.2437211999786086
73,10,145,125,19,85.2051251574838,-0.0414361952716543,-0.013575886155894433,0.027860309115759867,3185686098,live_unpatched_same_model,1.2603478000382893
73,11,222,268,19,112.73324134162299,-0.0744144220976672,0.05776448529284753,0.13217890739051474,312390579,live_unpatched_same_model,1.2446735000121407
73,12,217,403,19,117.51799281220073,0.356841227425656,0.2528270566252635,-0.10401417080039249,1892037562,live_unpatched_same_model,1.29985949996626
73,13,209,443,19,119.69797830784465,-0.0405956674567725,0.2483592633924691,0.2889549308492416,2743980380,live_unpatched_same_model,1.307003399997484
73,14,322,267,19,140.07018286936724,0.20774430399201,0.208705545506058,0.0009612415140480002,421087718,live_unpatched_same_model,1.23873470001854
73,15,65,148,19,124.16221683795429,0.0040545803889276,0.3364258583084143,0.33237127791948673,1320147948,live_unpatched_same_model,1.2514981999993324
74,1,368,13,19,100.27535664750594,0.3222584150282147,0.139223709763606,-0.18303470526460866,420773472,live_unpatched_same_model,1.263404899975285
74,2,340,186,19,124.14250147738309,0.5517011289529234,0.8086463559773827,0.2569452270244592,957834688,live_unpatched_same_model,1.2375307999900542
74,3,135,70,19,133.86533456399275,-0.0451771379115059,-0.02907847927287771,0.016098658638628187,2291846109,live_unpatched_same_model,1.2476294000516646
74,4,441,256,19,103.68385624866029,-0.0309425523201656,-0.044318135819221685,-0.013375583499056085,1475483771,live_unpatched_same_model,1.2586952000274323
74,5,84,407,19,103.17152579354456,0.0701096946469617,-0.02160685816080092,-0.09171655280776263,2423265892,live_unpatched_same_model,1.2463551000109874
74,6,180,181,19,110.38806055107938,-0.0706881178551478,-0.011370631569759019,0.05931748628538878,2234855190,live_unpatched_same_model,1.4413228000048548
74,7,442,166,19,108.47418947067077,-0.0374219266130395,0.01437822731179982,0.051800153924839325,752188268,live_unpatched_same_model,1.2788171999854967
74,8,353,336,19,109.08276948497313,0.2334113362848168,0.46493365197459813,0.23152231568978132,2924213412,live_unpatched_same_model,1.2552563000353985
74,9,121,471,19,136.23808812678564,0.1553593319424777,0.2668065028379062,0.1114471708954285,2117920737,live_unpatched_same_model,1.2392503000446595
74,10,145,125,19,85.2051251574838,-0.0414361952716543,0.32267779196535684,0.36411398723701116,2783471288,live_unpatched_same_model,1.3355530999833718
74,11,222,268,19,112.73324134162299,-0.0744144220976672,0.198762296771887,0.2731767188695542,1419027422,live_unpatched_same_model,1.296213599969633
74,12,217,403,19,117.51799281220073,0.356841227425656,0.37358184727988664,0.016740619854230643,1727190746,live_unpatched_same_model,1.2428186000324786
74,13,209,443,19,119.69797830784465,-0.0405956674567725,-0.06632050074787016,-0.025724833291097662,4143248935,live_unpatched_same_model,1.2575047999853268
74,14,322,267,19,140.07018286936724,0.20774430399201,-0.1378477919256291,-0.34559209591763906,3570038715,live_unpatched_same_model,1.237626900023315
74,15,65,148,19,124.16221683795429,0.0040545803889276,-0.12597593210115882,-0.1300305124900864,292605230,live_unpatched_same_model,1.246927100000903
75,1,368,13,19,100.27535664750594,0.3222584150282147,0.11532508888450073,-0.20693332614371396,3401327917,live_unpatched_same_model,1.2477043999824673
75,2,340,186,19,124.14250147738309,0.5517011289529234,0.5043778848576288,-0.04732324409529465,2827181551,live_unpatched_same_model,1.234530600020662
75,3,135,70,19,133.86533456399275,-0.0451771379115059,-0.18020262351176683,-0.13502548560026092,2979465,live_unpatched_same_model,1.2403800999745727
75,4,441,256,19,103.68385624866029,-0.0309425523201656,-0.21062939743305412,-0.17968684511288852,1502235836,live_unpatched_same_model,1.258558899979107
75,5,84,407,19,103.17152579354456,0.0701096946469617,0.0359772464333028,-0.034132448213658906,616449618,live_unpatched_same_model,1.2422152999788523
75,6,180,181,19,110.38806055107938,-0.0706881178551478,-0.006355778082779887,0.06433233977236791,2948142689,live_unpatched_same_model,1.2602905999519862
75,7,442,166,19,108.47418947067077,-0.0374219266130395,-0.09549813183615316,-0.05807620522311366,3778610241,live_unpatched_same_model,1.328268100041896
75,8,353,336,19,109.08276948497313,0.2334113362848168,0.18511345859695993,-0.04829787768785687,1998029392,live_unpatched_same_model,1.3026796000194736
75,9,121,471,19,136.23808812678564,0.1553593319424777,-0.17534229570440166,-0.3307016276468794,304201544,live_unpatched_same_model,1.2998388000414707
75,10,145,125,19,85.2051251574838,-0.0414361952716543,0.013505717800905375,0.054941913072559675,3292643777,live_unpatched_same_model,1.3774351999745704
75,11,222,268,19,112.73324134162299,-0.0744144220976672,0.004878206194322539,0.07929262829198974,2220231771,live_unpatched_same_model,1.2558400999987498
75,12,217,403,19,117.51799281220073,0.356841227425656,0.28670521825709705,-0.07013600916855894,233456996,live_unpatched_same_model,1.2728617999819107
75,13,209,443,19,119.69797830784465,-0.0405956674567725,-0.28830997291756516,-0.24771430546079265,1412034586,live_unpatched_same_model,1.2408091999823228
75,14,322,267,19,140.07018286936724,0.20774430399201,0.05410745115439431,-0.1536368528376157,1891208724,live_unpatched_same_model,1.2566382000222802
75,15,65,148,19,124.16221683795429,0.0040545803889276,0.0996387201615386,0.095584139772611,3238227181,live_unpatched_same_model,1.2474927000002936
76,1,368,13,19,100.27535664750594,0.3222584150282147,0.03998350960782038,-0.2822749054203943,3104055636,live_unpatched_same_model,1.2587311000097543
76,2,340,186,19,124.14250147738309,0.5517011289529234,0.43100314508012905,-0.1206979838727944,3157939314,live_unpatched_same_model,1.2350757999811321
76,3,135,70,19,133.86533456399275,-0.0451771379115059,-0.05672636926363006,-0.011549231352124163,4169646321,live_unpatched_same_model,1.2378593999892473
76,4,441,256,19,103.68385624866029,-0.0309425523201656,-0.024095604925762196,0.006846947394403405,1597956921,live_unpatched_same_model,1.2541291000088677
76,5,84,407,19,103.17152579354456,0.0701096946469617,0.03708602348825507,-0.033023671158706636,4180932897,live_unpatched_same_model,1.254631399991922
76,6,180,181,19,110.38806055107938,-0.0706881178551478,-0.07545717164143279,-0.004769053786284991,2008755762,live_unpatched_same_model,1.2489805999794044
76,7,442,166,19,108.47418947067077,-0.0374219266130395,-0.033676722291920064,0.0037452043211194386,1955198544,live_unpatched_same_model,1.2670640999567695
76,8,353,336,19,109.08276948497313,0.2334113362848168,0.24019784400724128,0.0067865077224244785,2420549396,live_unpatched_same_model,1.2538378000026569
76,9,121,471,19,136.23808812678564,0.1553593319424777,0.13740957485149133,-0.017949757090986368,1368645778,live_unpatched_same_model,1.2389689999981783
76,10,145,125,19,85.2051251574838,-0.0414361952716543,0.13889298725011495,0.18032918252176924,1722269881,live_unpatched_same_model,1.2999022000003606
76,11,222,268,19,112.73324134162299,-0.0744144220976672,-0.10575077463368639,-0.031336352536019185,1681270012,live_unpatched_same_model,1.2577533000148833
76,12,217,403,19,117.51799281220073,0.356841227425656,0.3978578903348388,0.04101666290918282,27759656,live_unpatched_same_model,1.2492966999998316
76,13,209,443,19,119.69797830784465,-0.0405956674567725,-0.10725382680794013,-0.06665815935116763,2821306527,live_unpatched_same_model,1.2454676000052132
76,14,322,267,19,140.07018286936724,0.20774430399201,0.1195351918222632,-0.08820911216974679,988839790,live_unpatched_same_model,1.2446916000335477
76,15,65,148,19,124.16221683795429,0.0040545803889276,0.019853355662077167,0.015798775273149566,3719175882,live_unpatched_same_model,1.2506384999724105
77,1,368,13,19,100.27535664750594,0.3222584150282147,0.48346337462952427,0.1612049596013096,4057042309,live_unpatched_same_model,1.24785470002098
77,2,340,186,19,124.14250147738309,0.5517011289529234,0.41322158209556537,-0.13847954685735808,382079009,live_unpatched_same_model,1.24463700002525
77,3,135,70,19,133.86533456399275,-0.0451771379115059,0.09030007578082566,0.13547721369233157,1111275997,live_unpatched_same_model,1.2475110000232235
77,4,441,256,19,103.68385624866029,-0.0309425523201656,-0.06471353403215571,-0.03377098171199011,452563279,live_unpatched_same_model,1.2583857999998145
77,5,84,407,19,103.17152579354456,0.0701096946469617,0.177264595681318,0.10715490103435629,1804421143,live_unpatched_same_model,1.2442232000175864
77,6,180,181,19,110.38806055107938,-0.0706881178551478,-0.046428911990745864,0.02425920586440193,3683145135,live_unpatched_same_model,1.2399057000293396
77,7,442,166,19,108.47418947067077,-0.0374219266130395,-0.08136501961467285,-0.04394309300163335,47926865,live_unpatched_same_model,1.287957299966365
77,8,353,336,19,109.08276948497313,0.2334113362848168,0.35926923393730215,0.12585789765248534,2245048324,live_unpatched_same_model,1.2640693999710493
77,9,121,471,19,136.23808812678564,0.1553593319424777,0.27254146100493865,0.11718212906246095,1678374160,live_unpatched_same_model,1.285537599993404
77,10,145,125,19,85.2051251574838,-0.0414361952716543,-0.2284578857841358,-0.18702169051248152,2225125885,live_unpatched_same_model,1.2647491999669
77,11,222,268,19,112.73324134162299,-0.0744144220976672,-0.14502108925565327,-0.07060666715798607,1300656431,live_unpatched_same_model,1.2539648999809287
77,12,217,403,19,117.51799281220073,0.356841227425656,0.4806505736826845,0.1238093462570285,2833680358,live_unpatched_same_model,1.2976099000079557
77,13,209,443,19,119.69797830784465,-0.0405956674567725,-0.11552690523630207,-0.07493123777952958,1421104585,live_unpatched_same_model,1.2443496999912895
77,14,322,267,19,140.07018286936724,0.20774430399201,0.03663324348006139,-0.1711110605119486,1371319388,live_unpatched_same_model,1.2697354999836534
77,15,65,148,19,124.16221683795429,0.0040545803889276,0.4038691816593114,0.3998146012703838,359165122,live_unpatched_same_model,1.2688514000037685
78,1,368,13,19,100.27535664750594,0.3222584150282147,0.47843999379354507,0.1561815787653304,1024294742,live_unpatched_same_model,1.2716792999999598
78,2,340,186,19,124.14250147738309,0.5517011289529234,0.2552668564173811,-0.29643427253554233,1359148556,live_unpatched_same_model,1.245081500033848
78,3,135,70,19,133.86533456399275,-0.0451771379115059,-0.026848201484435022,0.018328936427070876,2509588599,live_unpatched_same_model,1.2440483000245877
78,4,441,256,19,103.68385624866029,-0.0309425523201656,0.03358140247400586,0.06452395479417146,4225703844,live_unpatched_same_model,1.2610522999893874
78,5,84,407,19,103.17152579354456,0.0701096946469617,-0.05986535410436154,-0.12997504875132326,1474129332,live_unpatched_same_model,1.2492597000091337
78,6,180,181,19,110.38806055107938,-0.0706881178551478,-0.2218430904527168,-0.151154972597569,1731779772,live_unpatched_same_model,1.2448327000020072
78,7,442,166,19,108.47418947067077,-0.0374219266130395,-0.003127691450525592,0.03429423516251391,4282376557,live_unpatched_same_model,1.2579607000225224
78,8,353,336,19,109.08276948497313,0.2334113362848168,0.17858730566709066,-0.054824030617726144,2990643276,live_unpatched_same_model,1.2547721999580972
78,9,121,471,19,136.23808812678564,0.1553593319424777,0.0023549408533178875,-0.1530043910891598,1723695720,live_unpatched_same_model,1.2563229000079446
78,10,145,125,19,85.2051251574838,-0.0414361952716543,0.3429841705484043,0.3844203658200586,1243065992,live_unpatched_same_model,1.3004924999549985
78,11,222,268,19,112.73324134162299,-0.0744144220976672,-0.06170385368975237,0.012710568407914832,3363352836,live_unpatched_same_model,1.2616149000241421
78,12,217,403,19,117.51799281220073,0.356841227425656,0.24263634447730079,-0.11420488294835521,541561555,live_unpatched_same_model,1.2564148000092246
78,13,209,443,19,119.69797830784465,-0.0405956674567725,-0.2442381915946263,-0.20364252413785383,1953768484,live_unpatched_same_model,1.2499105000169948
78,14,322,267,19,140.07018286936724,0.20774430399201,0.10184172795363705,-0.10590257603837294,3689575940,live_unpatched_same_model,1.2513886999804527
78,15,65,148,19,124.16221683795429,0.0040545803889276,0.2181176152810401,0.2140630348921125,1349855161,live_unpatched_same_model,1.2443281000014395
79,1,368,13,19,100.27535664750594,0.3222584150282147,0.26754112810284014,-0.05471728692537453,130208830,live_unpatched_same_model,1.2636836000019684
79,2,340,186,19,124.14250147738309,0.5517011289529234,0.6545270417273545,0.1028259127744311,3916046217,live_unpatched_same_model,1.3007032999885269
79,3,135,70,19,133.86533456399275,-0.0451771379115059,-0.034396833288961884,0.010780304622544014,3422468200,live_unpatched_same_model,1.24677970004268
79,4,441,256,19,103.68385624866029,-0.0309425523201656,-0.2517171774754214,-0.22077462515525578,1980797091,live_unpatched_same_model,1.2524765000562184
79,5,84,407,19,103.17152579354456,0.0701096946469617,-0.055813006939235105,-0.1259227015861968,774984566,live_unpatched_same_model,1.2439294999931008
79,6,180,181,19,110.38806055107938,-0.0706881178551478,0.101203285851961,0.17189140370710881,1006830624,live_unpatched_same_model,1.2426185000222176
79,7,442,166,19,108.47418947067077,-0.0374219266130395,0.02637950804605855,0.06380143465909804,4204643300,live_unpatched_same_model,1.2529480999801308
79,8,353,336,19,109.08276948497313,0.2334113362848168,0.16155331431200273,-0.07185802197281407,3265290476,live_unpatched_same_model,1.2581504000118002
79,9,121,471,19,136.23808812678564,0.1553593319424777,0.08549259108412202,-0.06986674085835567,291338126,live_unpatched_same_model,1.254979400022421
79,10,145,125,19,85.2051251574838,-0.0414361952716543,-0.16666050079647676,-0.12522430552482247,1912268472,live_unpatched_same_model,1.0097057999810204
79,11,222,268,19,112.73324134162299,-0.0744144220976672,0.028821114520327817,0.10323553661799502,1972075981,live_unpatched_same_model,1.2531539999763481
79,12,217,403,19,117.51799281220073,0.356841227425656,0.21601877320039792,-0.14082245422525808,897809357,live_unpatched_same_model,1.2474852000013925
79,13,209,443,19,119.69797830784465,-0.0405956674567725,0.0980972092360389,0.13869287669281138,4196122869,live_unpatched_same_model,1.257514099997934
79,14,322,267,19,140.07018286936724,0.20774430399201,0.2617975448343539,0.05405324084234392,2919957825,live_unpatched_same_model,1.246927300002426
79,15,65,148,19,124.16221683795429,0.0040545803889276,-0.12952599644771443,-0.133580576836642,2168816396,live_unpatched_same_model,1.2456286000087857
80,1,368,13,19,100.27535664750594,0.3222584150282147,0.24730050187035024,-0.07495791315786443,2705348192,live_unpatched_same_model,1.2553322999738157
80,2,340,186,19,124.14250147738309,0.5517011289529234,0.39059481057956025,-0.1611063183733632,332046771,live_unpatched_same_model,1.237812700041104
80,3,135,70,19,133.86533456399275,-0.0451771379115059,0.02404946612743905,0.06922660403894496,3741875320,live_unpatched_same_model,1.2529899000073783
80,4,441,256,19,103.68385624866029,-0.0309425523201656,0.33453581967314133,0.3654783719933069,3930641969,live_unpatched_same_model,1.2833556999685243
80,5,84,407,19,103.17152579354456,0.0701096946469617,-0.13691009966134252,-0.20701979430830422,2486002065,live_unpatched_same_model,1.2470839000307024
80,6,180,181,19,110.38806055107938,-0.0706881178551478,0.12260681637375043,0.1932949342288982,1784978592,live_unpatched_same_model,1.2436917999875732
80,7,442,166,19,108.47418947067077,-0.0374219266130395,-0.19399765793106144,-0.15657573131802194,579042551,live_unpatched_same_model,1.2580849999794737
80,8,353,336,19,109.08276948497313,0.2334113362848168,0.11674433073699308,-0.11666700554782372,2755790161,live_unpatched_same_model,1.2551961000426672
80,9,121,471,19,136.23808812678564,0.1553593319424777,0.16656872393028704,0.011209391987809347,4062508277,live_unpatched_same_model,1.2394530000165105
80,10,145,125,19,85.2051251574838,-0.0414361952716543,-0.09380867929815283,-0.05237248402649853,2427874669,live_unpatched_same_model,1.2625816000509076
80,11,222,268,19,112.73324134162299,-0.0744144220976672,-0.14428809365256517,-0.06987367155489797,4216331495,live_unpatched_same_model,1.2436789000057615
80,12,217,403,19,117.51799281220073,0.356841227425656,0.2731405763429663,-0.0837006510826897,4292462636,live_unpatched_same_model,1.2669897000305355
80,13,209,443,19,119.69797830784465,-0.0405956674567725,0.06631456328766239,0.10691023074443488,1807995220,live_unpatched_same_model,1.2549798999680206
80,14,322,267,19,140.07018286936724,0.20774430399201,0.20484594637160936,-0.002898357620400638,3856772467,live_unpatched_same_model,1.2365721999667585
80,15,65,148,19,124.16221683795429,0.0040545803889276,-0.057130400567781424,-0.061184980956709024,806933333,live_unpatched_same_model,1.2452975999913178
81,1,368,13,19,100.27535664750594,0.3222584150282147,0.43464513629147716,0.11238672126326249,4100093283,live_unpatched_same_model,1.2513436000444926
81,2,340,186,19,124.14250147738309,0.5517011289529234,0.4409844668546432,-0.11071666209828024,2868001234,live_unpatched_same_model,1.2410659000161104
81,3,135,70,19,133.86533456399275,-0.0451771379115059,-0.1286368929293333,-0.0834597550178274,991485409,live_unpatched_same_model,1.2378567000268959
81,4,441,256,19,103.68385624866029,-0.0309425523201656,-0.1413617966032719,-0.11041924428310629,936422038,live_unpatched_same_model,1.2500291000469588
81,5,84,407,19,103.17152579354456,0.0701096946469617,0.1423948249705414,0.0722851303235797,4027922210,live_unpatched_same_model,1.2466157999588177
81,6,180,181,19,110.38806055107938,-0.0706881178551478,-0.05235714465153383,0.018330973203613966,814214852,live_unpatched_same_model,1.2700114999897778
81,7,442,166,19,108.47418947067077,-0.0374219266130395,0.08760552782327949,0.125027454436319,3115229819,live_unpatched_same_model,1.2551933999639004
81,8,353,336,19,109.08276948497313,0.2334113362848168,0.18256250505111174,-0.050848831233705066,3449340228,live_unpatched_same_model,1.2511579999700189
81,9,121,471,19,136.23808812678564,0.1553593319424777,0.2863255988927322,0.13096626695025448,3435418134,live_unpatched_same_model,1.2945499999914318
81,10,145,125,19,85.2051251574838,-0.0414361952716543,-0.17534399659131608,-0.1339078013196618,3704720810,live_unpatched_same_model,1.261191500001587
81,11,222,268,19,112.73324134162299,-0.0744144220976672,-0.19274895731931432,-0.11833453522164712,3267526681,live_unpatched_same_model,1.255601899989415
81,12,217,403,19,117.51799281220073,0.356841227425656,0.6770538528093833,0.32021262538372736,3367735199,live_unpatched_same_model,1.248859999992419
81,13,209,443,19,119.69797830784465,-0.0405956674567725,0.28879645595935477,0.3293921234161273,2502311719,live_unpatched_same_model,1.2528069000109099
81,14,322,267,19,140.07018286936724,0.20774430399201,0.3430878794155747,0.13534357542356473,1504610673,live_unpatched_same_model,1.2340217999881133
81,15,65,148,19,124.16221683795429,0.0040545803889276,0.08730573536314357,0.08325115497421597,1684511767,live_unpatched_same_model,1.2846642000367865
82,1,368,13,19,100.27535664750594,0.3222584150282147,0.1271114978012661,-0.19514691722694857,2609920692,live_unpatched_same_model,1.2991416999720968
82,2,340,186,19,124.14250147738309,0.5517011289529234,0.271693462105527,-0.2800076668473965,1125993118,live_unpatched_same_model,1.2457118000020273
82,3,135,70,19,133.86533456399275,-0.0451771379115059,-0.08607615573643729,-0.04089901782493139,449978417,live_unpatched_same_model,1.2502769000129774
82,4,441,256,19,103.68385624866029,-0.0309425523201656,0.037911870413794714,0.06885442273396031,2607678782,live_unpatched_same_model,1.2496794000035152
82,5,84,407,19,103.17152579354456,0.0701096946469617,0.029783848687229417,-0.04032584595973229,3208163502,live_unpatched_same_model,1.2571543999947608
82,6,180,181,19,110.38806055107938,-0.0706881178551478,0.004577223483556546,0.07526534133870434,4160151261,live_unpatched_same_model,1.2599641000269912
82,7,442,166,19,108.47418947067077,-0.0374219266130395,0.30540975841472595,0.34283168502776545,3070527837,live_unpatched_same_model,1.2535883000236936
82,8,353,336,19,109.08276948497313,0.2334113362848168,0.0908427936294201,-0.1425685426553967,71798965,live_unpatched_same_model,1.290610900032334
82,9,121,471,19,136.23808812678564,0.1553593319424777,0.18340691838344547,0.028047586440967776,1737279027,live_unpatched_same_model,1.2412356000277214
82,10,145,125,19,85.2051251574838,-0.0414361952716543,0.046854614353955604,0.0882908096256099,538421786,live_unpatched_same_model,1.2669490000116639
82,11,222,268,19,112.73324134162299,-0.0744144220976672,-0.007653097436929005,0.0667613246607382,1576856608,live_unpatched_same_model,1.2491319999680854
82,12,217,403,19,117.51799281220073,0.356841227425656,0.23365612735411487,-0.12318510007154113,234501036,live_unpatched_same_model,1.2438865000149235
82,13,209,443,19,119.69797830784465,-0.0405956674567725,-0.06551363498343193,-0.024917967526659437,990996219,live_unpatched_same_model,1.2652443000115454
82,14,322,267,19,140.07018286936724,0.20774430399201,-0.12214609442865751,-0.3298903984206675,3850119755,live_unpatched_same_model,1.2399025000049733
82,15,65,148,19,124.16221683795429,0.0040545803889276,0.014725985861057762,0.010671405472130163,1798538537,live_unpatched_same_model,1.2506370000191964
83,1,368,13,19,100.27535664750594,0.3222584150282147,0.3161588366465525,-0.006099578381662196,1210796834,live_unpatched_same_model,1.2565025999792852
83,2,340,186,19,124.14250147738309,0.5517011289529234,0.46466098762434016,-0.08704014132858329,597384833,live_unpatched_same_model,1.2372815999551676
83,3,135,70,19,133.86533456399275,-0.0451771379115059,0.03694359567763716,0.08212073358914306,3634521676,live_unpatched_same_model,1.2430168999708258
83,4,441,256,19,103.68385624866029,-0.0309425523201656,0.04834419044153929,0.07928674276170489,1980523722,live_unpatched_same_model,1.3282303999876603
83,5,84,407,19,103.17152579354456,0.0701096946469617,0.1235117037795832,0.0534020091326215,1558262577,live_unpatched_same_model,1.247951600002125
83,6,180,181,19,110.38806055107938,-0.0706881178551478,0.005695547501502036,0.07638366535664982,978457984,live_unpatched_same_model,1.2631349000148475
83,7,442,166,19,108.47418947067077,-0.0374219266130395,-0.15609225438901433,-0.11867032777597483,2063122444,live_unpatched_same_model,1.2523340999614447
83,8,353,336,19,109.08276948497313,0.2334113362848168,0.2996235708046191,0.0662122345198023,3745870543,live_unpatched_same_model,1.2524353000335395
83,9,121,471,19,136.23808812678564,0.1553593319424777,0.4218933813655809,0.2665340494231032,4092999894,live_unpatched_same_model,1.265953599999193
83,10,145,125,19,85.2051251574838,-0.0414361952716543,0.1041217309059688,0.1455579261776231,1507481374,live_unpatched_same_model,1.2618504000129178
83,11,222,268,19,112.73324134162299,-0.0744144220976672,-0.10907079490738048,-0.03465637280971327,4194432362,live_unpatched_same_model,1.2447996999835595
83,12,217,403,19,117.51799281220073,0.356841227425656,0.30726359283716015,-0.049577634588495845,1933692397,live_unpatched_same_model,1.2516626000287943
83,13,209,443,19,119.69797830784465,-0.0405956674567725,-0.12417415030850665,-0.08357848285173415,1239022543,live_unpatched_same_model,1.2435573000111617
83,14,322,267,19,140.07018286936724,0.20774430399201,0.5624523388106581,0.35470803481864815,4093216641,live_unpatched_same_model,1.239482200006023
83,15,65,148,19,124.16221683795429,0.0040545803889276,-0.015782180954815928,-0.019836761343743528,3789466438,live_unpatched_same_model,1.248406899976544
84,1,368,13,19,100.27535664750594,0.3222584150282147,0.23116267017478898,-0.0910957448534257,2364802240,live_unpatched_same_model,1.257138599990867
84,2,340,186,19,124.14250147738309,0.5517011289529234,0.6739869109841052,0.12228578203118179,4018589906,live_unpatched_same_model,1.2446792999980971
84,3,135,70,19,133.86533456399275,-0.0451771379115059,-0.18429752519269407,-0.13912038728118817,2380184591,live_unpatched_same_model,1.2469660000060685
84,4,441,256,19,103.68385624866029,-0.0309425523201656,0.05547247098086974,0.08641502330103534,1888583798,live_unpatched_same_model,1.2530693999724463
84,5,84,407,19,103.17152579354456,0.0701096946469617,0.12029309073446055,0.05018339608749885,678080252,live_unpatched_same_model,1.2490522000007331
84,6,180,181,19,110.38806055107938,-0.0706881178551478,-0.1259578183298902,-0.0552697004747424,572385290,live_unpatched_same_model,1.2416362999938428
84,7,442,166,19,108.47418947067077,-0.0374219266130395,-0.0009800286279209533,0.03644189798511855,1905990312,live_unpatched_same_model,1.2582495999522507
84,8,353,336,19,109.08276948497313,0.2334113362848168,0.31334858380669517,0.07993724752187836,543070674,live_unpatched_same_model,1.2654923000372946
84,9,121,471,19,136.23808812678564,0.1553593319424777,-0.060258865279915065,-0.21561819722239275,15798366,live_unpatched_same_model,1.2716983000282198
84,10,145,125,19,85.2051251574838,-0.0414361952716543,-0.1285041099416491,-0.0870679146699948,3114607223,live_unpatched_same_model,1.2755201000254601
84,11,222,268,19,112.73324134162299,-0.0744144220976672,-0.1614397694901047,-0.08702534739243749,410000147,live_unpatched_same_model,1.2469438000116497
84,12,217,403,19,117.51799281220073,0.356841227425656,0.1988379385662932,-0.1580032888593628,686307655,live_unpatched_same_model,1.247203900013119
84,13,209,443,19,119.69797830784465,-0.0405956674567725,-0.0893132001742251,-0.048717532717452605,282689352,live_unpatched_same_model,1.2469663000083528
84,14,322,267,19,140.07018286936724,0.20774430399201,0.5261052244623561,0.3183609204703461,2271853348,live_unpatched_same_model,1.2516140000079758
84,15,65,148,19,124.16221683795429,0.0040545803889276,-0.24884011359328428,-0.25289469398221187,3444927219,live_unpatched_same_model,1.2805360000347719
85,1,368,13,19,100.27535664750594,0.3222584150282147,0.49025706041922334,0.16799864539100867,2396902553,live_unpatched_same_model,1.2648267999757081
85,2,340,186,19,124.14250147738309,0.5517011289529234,0.42275500889246154,-0.1289461200604619,3954625171,live_unpatched_same_model,1.2425641000154428
85,3,135,70,19,133.86533456399275,-0.0451771379115059,0.03328867889320014,0.07846581680470605,1938760038,live_unpatched_same_model,1.2581496000057086
85,4,441,256,19,103.68385624866029,-0.0309425523201656,0.06627837879294048,0.09722093111310608,230013747,live_unpatched_same_model,1.2539935000240803
85,5,84,407,19,103.17152579354456,0.0701096946469617,0.15801121254418607,0.08790151789722436,1742073993,live_unpatched_same_model,1.2442392999655567
85,6,180,181,19,110.38806055107938,-0.0706881178551478,0.010363988920532764,0.08105210677568056,4128535079,live_unpatched_same_model,1.238168100011535
85,7,442,166,19,108.47418947067077,-0.0374219266130395,-0.25685417013908074,-0.21943224352604124,3405494093,live_unpatched_same_model,1.2523988999892026
85,8,353,336,19,109.08276948497313,0.2334113362848168,0.29546786003869213,0.062056523753875326,1954553718,live_unpatched_same_model,1.2510815000277944
85,9,121,471,19,136.23808812678564,0.1553593319424777,-0.48809443337969094,-0.6434537653221686,3263111567,live_unpatched_same_model,1.240102800016757
85,10,145,125,19,85.2051251574838,-0.0414361952716543,-0.057814573420193714,-0.016378378148539416,2115666854,live_unpatched_same_model,1.2600116000394337
85,11,222,268,19,112.73324134162299,-0.0744144220976672,-0.11866626951255685,-0.04425184741488965,642688685,live_unpatched_same_model,1.2422321999911219
85,12,217,403,19,117.51799281220073,0.356841227425656,0.26643026181688884,-0.09041096560876716,2118590843,live_unpatched_same_model,1.240224200009834
85,13,209,443,19,119.69797830784465,-0.0405956674567725,0.13562331166851802,0.1762189791252905,532278738,live_unpatched_same_model,1.2393783000297844
85,14,322,267,19,140.07018286936724,0.20774430399201,0.4153462037425244,0.2076018997505144,1258422088,live_unpatched_same_model,1.2330006000120193
85,15,65,148,19,124.16221683795429,0.0040545803889276,0.2934486886018146,0.289394108212887,1429118589,live_unpatched_same_model,1.2430709999753162
86,1,368,13,19,100.27535664750594,0.3222584150282147,0.3513808229545022,0.029122407926287508,476349658,live_unpatched_same_model,1.247437100042589
86,2,340,186,19,124.14250147738309,0.5517011289529234,0.7685825822368243,0.21688145328390085,1756531596,live_unpatched_same_model,1.2342200000421144
86,3,135,70,19,133.86533456399275,-0.0451771379115059,0.00824513324718469,0.05342227115869059,936125915,live_unpatched_same_model,1.234029899991583
86,4,441,256,19,103.68385624866029,-0.0309425523201656,-0.27054952646430375,-0.23960697414413815,3007907443,live_unpatched_same_model,1.248887800029479
86,5,84,407,19,103.17152579354456,0.0701096946469617,0.0531402599072404,-0.016969434739721304,586615209,live_unpatched_same_model,1.2417117999866605
86,6,180,181,19,110.38806055107938,-0.0706881178551478,0.14535598305893008,0.21604410091407789,4132183990,live_unpatched_same_model,1.236540400015656
86,7,442,166,19,108.47418947067077,-0.0374219266130395,-0.011218382627054548,0.026203543985984956,1150177087,live_unpatched_same_model,1.248101500037592
86,8,353,336,19,109.08276948497313,0.2334113362848168,0.24888278184688217,0.015471445562065367,1079512370,live_unpatched_same_model,1.250640399986878
86,9,121,471,19,136.23808812678564,0.1553593319424777,-0.0628742703896376,-0.2182336023321153,2196589253,live_unpatched_same_model,1.236435899976641
86,10,145,125,19,85.2051251574838,-0.0414361952716543,0.17729257913604626,0.21872877440770055,2264075061,live_unpatched_same_model,1.258512399974279
86,11,222,268,19,112.73324134162299,-0.0744144220976672,-0.04984247231243123,0.02457194978523597,674348153,live_unpatched_same_model,1.2425533999921754
86,12,217,403,19,117.51799281220073,0.356841227425656,0.22958362563446877,-0.12725760179118722,1257976183,live_unpatched_same_model,1.2424673999776132
86,13,209,443,19,119.69797830784465,-0.0405956674567725,0.139703390995129,0.18029905845190147,3638037958,live_unpatched_same_model,1.2391664999886416
86,14,322,267,19,140.07018286936724,0.20774430399201,0.17601820065202983,-0.03172610333998016,842048204,live_unpatched_same_model,1.2322089999797754
86,15,65,148,19,124.16221683795429,0.0040545803889276,0.22932358162134428,0.2252690012324167,1963214643,live_unpatched_same_model,1.2425935000064783
87,1,368,13,19,100.27535664750594,0.3222584150282147,0.40313686251255887,0.0808784474843442,2764179203,live_unpatched_same_model,1.247997700003907
87,2,340,186,19,124.14250147738309,0.5517011289529234,0.7642750154141781,0.21257388646125464,2264755137,live_unpatched_same_model,1.238791600044351
87,3,135,70,19,133.86533456399275,-0.0451771379115059,-0.04061606495654968,0.004561072954956218,3876153542,live_unpatched_same_model,1.2411415000096895
87,4,441,256,19,103.68385624866029,-0.0309425523201656,0.28907677644841623,0.32001932876858186,954998772,live_unpatched_same_model,1.2480579999973997
87,5,84,407,19,103.17152579354456,0.0701096946469617,0.118023905594827,0.0479142109478653,2475270754,live_unpatched_same_model,1.2419624999747612
87,6,180,181,19,110.38806055107938,-0.0706881178551478,0.07654256612269905,0.14723068397784683,216781033,live_unpatched_same_model,1.2368752000038512
87,7,442,166,19,108.47418947067077,-0.0374219266130395,-0.15039760632814372,-0.11297567971510422,3823846025,live_unpatched_same_model,1.2486228999914601
87,8,353,336,19,109.08276948497313,0.2334113362848168,0.3559020870323521,0.12249075074753529,2498171231,live_unpatched_same_model,1.2540526000084355
87,9,121,471,19,136.23808812678564,0.1553593319424777,0.1536714679979835,-0.001687863944494189,411430640,live_unpatched_same_model,1.2352126999758184
87,10,145,125,19,85.2051251574838,-0.0414361952716543,-0.19694746495701043,-0.15551126968535614,2293410178,live_unpatched_same_model,1.2592417999985628
87,11,222,268,19,112.73324134162299,-0.0744144220976672,0.03871758798018768,0.11313201007785488,1802618815,live_unpatched_same_model,1.2424571000155993
87,12,217,403,19,117.51799281220073,0.356841227425656,0.3047896534850371,-0.05205157394061888,3148473712,live_unpatched_same_model,1.2417719999793917
87,13,209,443,19,119.69797830784465,-0.0405956674567725,0.020844041551383433,0.06143970900815593,383506395,live_unpatched_same_model,1.2404593999963254
87,14,322,267,19,140.07018286936724,0.20774430399201,0.27893998985437946,0.07119568586236946,2413774852,live_unpatched_same_model,1.2344997000182047
87,15,65,148,19,124.16221683795429,0.0040545803889276,0.19395538906068774,0.18990080867176015,1737762644,live_unpatched_same_model,1.2430159999639727
88,1,368,13,19,100.27535664750594,0.3222584150282147,0.5036340805359287,0.18137566550771406,4271464393,live_unpatched_same_model,1.247166599961929
88,2,340,186,19,124.14250147738309,0.5517011289529234,0.4644961430273374,-0.08720498592558606,2702333037,live_unpatched_same_model,1.2343226000084542
88,3,135,70,19,133.86533456399275,-0.0451771379115059,0.020554971323788515,0.0657321092352944,3011314896,live_unpatched_same_model,1.236323099990841
88,4,441,256,19,103.68385624866029,-0.0309425523201656,-0.08045256498614581,-0.04951001266598021,3470282400,live_unpatched_same_model,1.2524251000140794
88,5,84,407,19,103.17152579354456,0.0701096946469617,-0.28873586717433797,-0.3588455618212997,1072277843,live_unpatched_same_model,1.244139400019776
88,6,180,181,19,110.38806055107938,-0.0706881178551478,-0.18652190989002482,-0.11583379203487702,1334284959,live_unpatched_same_model,1.234971800004132
88,7,442,166,19,108.47418947067077,-0.0374219266130395,-0.19458495471136586,-0.15716302809832636,444205962,live_unpatched_same_model,1.2484091999940574
88,8,353,336,19,109.08276948497313,0.2334113362848168,0.2943676322380531,0.06095629595323632,1794807540,live_unpatched_same_model,1.2492700000293553
88,9,121,471,19,136.23808812678564,0.1553593319424777,-0.16963582622298845,-0.32499515816546615,1015068652,live_unpatched_same_model,1.2351377999875695
88,10,145,125,19,85.2051251574838,-0.0414361952716543,0.042233759684180625,0.08366995495583493,3828386365,live_unpatched_same_model,1.2583681999822147
88,11,222,268,19,112.73324134162299,-0.0744144220976672,0.06879570271159435,0.14321012480926154,310005456,live_unpatched_same_model,1.2411623999942094
88,12,217,403,19,117.51799281220073,0.356841227425656,0.2097414941507759,-0.1470997332748801,2411277018,live_unpatched_same_model,1.2413548000040464
88,13,209,443,19,119.69797830784465,-0.0405956674567725,0.0592890291576432,0.0998846966144157,2685153714,live_unpatched_same_model,1.2409187000012025
88,14,322,267,19,140.07018286936724,0.20774430399201,0.5007174139345851,0.29297310994257514,407727243,live_unpatched_same_model,1.233302700042259
88,15,65,148,19,124.16221683795429,0.0040545803889276,0.14703797221090018,0.1429833918219726,730701291,live_unpatched_same_model,1.2440480000223033
89,1,368,13,19,100.27535664750594,0.3222584150282147,0.4729810656839257,0.15072265065571105,378239654,live_unpatched_same_model,1.2473674000357278
89,2,340,186,19,124.14250147738309,0.5517011289529234,0.6573433546719771,0.10564222571905368,359502132,live_unpatched_same_model,1.2341321999556385
89,3,135,70,19,133.86533456399275,-0.0451771379115059,-0.48660694465379417,-0.44142980674228827,50228359,live_unpatched_same_model,1.234917099995073
89,4,441,256,19,103.68385624866029,-0.0309425523201656,-0.07125343793180108,-0.04031088561163548,1070321465,live_unpatched_same_model,1.2481884000007994
89,5,84,407,19,103.17152579354456,0.0701096946469617,-0.0059556617146992044,-0.07606535636166091,3091539738,live_unpatched_same_model,1.2420268999994732
89,6,180,181,19,110.38806055107938,-0.0706881178551478,-0.11449983457195977,-0.04381171671681197,3453029223,live_unpatched_same_model,1.236627199978102
89,7,442,166,19,108.47418947067077,-0.0374219266130395,0.04905216573110804,0.08647409234414755,4051193461,live_unpatched_same_model,1.2515714999753982
89,8,353,336,19,109.08276948497313,0.2334113362848168,0.40836033031519403,0.17494899403037723,1256506139,live_unpatched_same_model,1.2497146999812685
89,9,121,471,19,136.23808812678564,0.1553593319424777,0.33211727539157787,0.17675794344910017,1965554092,live_unpatched_same_model,1.2356754000065848
89,10,145,125,19,85.2051251574838,-0.0414361952716543,-0.11767925647713959,-0.0762430612054853,3632355643,live_unpatched_same_model,1.2578966000000946
89,11,222,268,19,112.73324134162299,-0.0744144220976672,0.11468138132956676,0.18909580342723398,3005908002,live_unpatched_same_model,1.2419645000481978
89,12,217,403,19,117.51799281220073,0.356841227425656,0.4660432510544248,0.1092020236287688,3867799666,live_unpatched_same_model,1.2405270999879576
89,13,209,443,19,119.69797830784465,-0.0405956674567725,0.05111379521935832,0.09170946267613081,1179456468,live_unpatched_same_model,1.2411159999901429
89,14,322,267,19,140.07018286936724,0.20774430399201,-0.028165134373796474,-0.23590943836580647,609065866,live_unpatched_same_model,1.2334978000144474
89,15,65,148,19,124.16221683795429,0.0040545803889276,0.1347861569442944,0.13073157655536682,2073902074,live_unpatched_same_model,1.2432026999886148
90,1,368,13,19,100.27535664750594,0.3222584150282147,-0.04033343609775778,-0.3625918511259725,3566264672,live_unpatched_same_model,1.2498505999683402
90,2,340,186,19,124.14250147738309,0.5517011289529234,0.24498506922477595,-0.3067160597281475,2857410203,live_unpatched_same_model,1.2329701999551617
90,3,135,70,19,133.86533456399275,-0.0451771379115059,0.10355405079255858,0.1487311887040645,2239176495,live_unpatched_same_model,1.235054399992805
90,4,441,256,19,103.68385624866029,-0.0309425523201656,0.13122556375234198,0.16216811607250758,2067752049,live_unpatched_same_model,1.2491934000281617
90,5,84,407,19,103.17152579354456,0.0701096946469617,-0.021626128326289046,-0.09173582297325075,4246601261,live_unpatched_same_model,1.242089799954556
90,6,180,181,19,110.38806055107938,-0.0706881178551478,-0.02916181192646436,0.041526305928683435,3899732998,live_unpatched_same_model,1.2391606000019237
90,7,442,166,19,108.47418947067077,-0.0374219266130395,-0.04598415417833365,-0.00856222756529415,1627117138,live_unpatched_same_model,1.2491977000026964
90,8,353,336,19,109.08276948497313,0.2334113362848168,0.025224440295858797,-0.208186895988958,273491123,live_unpatched_same_model,1.2498984999838285
90,9,121,471,19,136.23808812678564,0.1553593319424777,0.2324949135163141,0.0771355815738364,1644786619,live_unpatched_same_model,1.2362960000173189
90,10,145,125,19,85.2051251574838,-0.0414361952716543,-0.17932439056049443,-0.13788819528884014,488689232,live_unpatched_same_model,1.262427099980414
90,11,222,268,19,112.73324134162299,-0.0744144220976672,0.03505447262421418,0.10946889472188137,303989894,live_unpatched_same_model,1.2434987999731675
90,12,217,403,19,117.51799281220073,0.356841227425656,0.3080496919024668,-0.04879153552318921,258140036,live_unpatched_same_model,1.2428631000220776
90,13,209,443,19,119.69797830784465,-0.0405956674567725,-0.008583553056239009,0.03201211440053349,2605959476,live_unpatched_same_model,1.2385142000275664
90,14,322,267,19,140.07018286936724,0.20774430399201,0.17202873619380576,-0.03571556779820423,957100482,live_unpatched_same_model,1.2327278000302613
90,15,65,148,19,124.16221683795429,0.0040545803889276,-0.08007371606765892,-0.08412829645658652,2762912725,live_unpatched_same_model,1.2429598000016995
91,1,368,13,19,100.27535664750594,0.3222584150282147,0.2137714272914549,-0.10848698773675977,2235523368,live_unpatched_same_model,1.2483094000490382
91,2,340,186,19,124.14250147738309,0.5517011289529234,0.6210633867547066,0.06936225780178318,3461796917,live_unpatched_same_model,1.2355916000087745
91,3,135,70,19,133.86533456399275,-0.0451771379115059,-0.15384819288815135,-0.10867105497664545,939507703,live_unpatched_same_model,1.2425448999856599
91,4,441,256,19,103.68385624866029,-0.0309425523201656,-0.1282998570190623,-0.0973573046988967,3965005872,live_unpatched_same_model,1.2499077999964356
91,5,84,407,19,103.17152579354456,0.0701096946469617,-0.07800815184551795,-0.14811784649247967,2652422018,live_unpatched_same_model,1.2434489000006579
91,6,180,181,19,110.38806055107938,-0.0706881178551478,-0.08280469461014996,-0.012116576755002162,3367930613,live_unpatched_same_model,1.2359905999619514
91,7,442,166,19,108.47418947067077,-0.0374219266130395,-0.01365998074358634,0.023761945869453162,1971376146,live_unpatched_same_model,1.2526226000045426
91,8,353,336,19,109.08276948497313,0.2334113362848168,-0.010712052915985747,-0.24412338920080257,3661875000,live_unpatched_same_model,1.2728440999635495
91,9,121,471,19,136.23808812678564,0.1553593319424777,0.010664184467661637,-0.14469514747481607,760734505,live_unpatched_same_model,1.2360799999441952
91,10,145,125,19,85.2051251574838,-0.0414361952716543,-0.010233299018567754,0.031202896253086546,299254513,live_unpatched_same_model,1.263798100000713
91,11,222,268,19,112.73324134162299,-0.0744144220976672,-0.13721200235374184,-0.06279758025607464,3991879254,live_unpatched_same_model,1.2428909000009298
91,12,217,403,19,117.51799281220073,0.356841227425656,0.4406763916832437,0.08383516425758769,1919919276,live_unpatched_same_model,1.2433414999977686
91,13,209,443,19,119.69797830784465,-0.0405956674567725,-0.21178848766712358,-0.1711928202103511,157883332,live_unpatched_same_model,1.2398087999899872
91,14,322,267,19,140.07018286936724,0.20774430399201,0.31669507984976775,0.10895077585775775,777498042,live_unpatched_same_model,1.2337411000044085
91,15,65,148,19,124.16221683795429,0.0040545803889276,0.04498139403545923,0.040926813646531626,2145060630,live_unpatched_same_model,1.2518644999945536
92,1,368,13,19,100.27535664750594,0.3222584150282147,0.35300502169062564,0.03074660666241097,369560593,live_unpatched_same_model,1.2491546999663115
92,2,340,186,19,124.14250147738309,0.5517011289529234,0.3419732828870926,-0.20972784606583084,137361560,live_unpatched_same_model,1.2353425999754108
92,3,135,70,19,133.86533456399275,-0.0451771379115059,-0.2904925055299453,-0.24531536761843942,153819088,live_unpatched_same_model,1.2367339000338688
92,4,441,256,19,103.68385624866029,-0.0309425523201656,-0.17401880670671274,-0.14307625438654714,1309256287,live_unpatched_same_model,1.2497646000119857
92,5,84,407,19,103.17152579354456,0.0701096946469617,0.021554324631320412,-0.048555370015641294,3056930501,live_unpatched_same_model,1.242570300004445
92,6,180,181,19,110.38806055107938,-0.0706881178551478,0.09433711689354832,0.16502523474869613,3948497253,live_unpatched_same_model,1.2356614000163972
92,7,442,166,19,108.47418947067077,-0.0374219266130395,0.03755932022747038,0.07498124684050989,106004154,live_unpatched_same_model,1.2491664999979548
92,8,353,336,19,109.08276948497313,0.2334113362848168,0.19379205032946678,-0.039619285955350025,705182327,live_unpatched_same_model,1.2508242999901995
92,9,121,471,19,136.23808812678564,0.1553593319424777,0.06224212424650072,-0.09311720769597698,3298676304,live_unpatched_same_model,1.2364381999941543
92,10,145,125,19,85.2051251574838,-0.0414361952716543,-0.016227120734213694,0.025209074537440604,2415558850,live_unpatched_same_model,1.25877329998184
92,11,222,268,19,112.73324134162299,-0.0744144220976672,-0.25739333641998285,-0.18297891432231567,3246287912,live_unpatched_same_model,1.242660399992019
92,12,217,403,19,117.51799281220073,0.356841227425656,0.27205253224854675,-0.08478869517710924,892206224,live_unpatched_same_model,1.2422999999835156
92,13,209,443,19,119.69797830784465,-0.0405956674567725,0.03658538088206147,0.07718104833883396,1693728350,live_unpatched_same_model,1.2409795999992639
92,14,322,267,19,140.07018286936724,0.20774430399201,0.3865534365352799,0.1788091325432699,829991763,live_unpatched_same_model,1.2341962000355124
92,15,65,148,19,124.16221683795429,0.0040545803889276,0.15096724207894827,0.14691266169002068,94983181,live_unpatched_same_model,1.243545500037726
93,1,368,13,19,100.27535664750594,0.3222584150282147,0.32079923851836345,-0.0014591765098512233,3744242010,live_unpatched_same_model,1.247540200012736
93,2,340,186,19,124.14250147738309,0.5517011289529234,0.2346414693547328,-0.31705965959819066,556293969,live_unpatched_same_model,1.233854899997823
93,3,135,70,19,133.86533456399275,-0.0451771379115059,-0.005622585936630284,0.03955455197487561,324407471,live_unpatched_same_model,1.2402394999517128
93,4,441,256,19,103.68385624866029,-0.0309425523201656,-0.21747202664355755,-0.18652947432339195,891164799,live_unpatched_same_model,1.2490007999585941
93,5,84,407,19,103.17152579354456,0.0701096946469617,0.12673260270702089,0.05662290806005918,1730227253,live_unpatched_same_model,1.2422752999700606
93,6,180,181,19,110.38806055107938,-0.0706881178551478,-0.09555873295427685,-0.02487061509912905,262782658,live_unpatched_same_model,1.2368299000081606
93,7,442,166,19,108.47418947067077,-0.0374219266130395,-0.12509463665628817,-0.08767271004324867,3861264509,live_unpatched_same_model,1.252678000018932
93,8,353,336,19,109.08276948497313,0.2334113362848168,0.2686796872262127,0.03526835094139591,1637211408,live_unpatched_same_model,1.2505995000246912
93,9,121,471,19,136.23808812678564,0.1553593319424777,-0.054359445564934494,-0.2097187775074122,2432746442,live_unpatched_same_model,1.2369204999995418
93,10,145,125,19,85.2051251574838,-0.0414361952716543,0.210862583843141,0.2522987791147953,2150657894,live_unpatched_same_model,1.2583474999992177
93,11,222,268,19,112.73324134162299,-0.0744144220976672,-0.02261045847050098,0.05180396362716622,2582118961,live_unpatched_same_model,1.2424279999686405
93,12,217,403,19,117.51799281220073,0.356841227425656,0.5368911030019545,0.18004987557629853,1082616085,live_unpatched_same_model,1.2411041000159457
93,13,209,443,19,119.69797830784465,-0.0405956674567725,0.1168775446484408,0.1574732121052133,4172037583,live_unpatched_same_model,1.239441700046882
93,14,322,267,19,140.07018286936724,0.20774430399201,0.182623428037889,-0.02512087595412099,2173307755,live_unpatched_same_model,1.233329800015781
93,15,65,148,19,124.16221683795429,0.0040545803889276,-0.1556257333121788,-0.15968031370110639,908018478,live_unpatched_same_model,1.2445201000082307
94,1,368,13,19,100.27535664750594,0.3222584150282147,0.2155391673343695,-0.10671924769384517,278795031,live_unpatched_same_model,1.2483643000014126
94,2,340,186,19,124.14250147738309,0.5517011289529234,0.3222894293530607,-0.22941169959986274,1055228617,live_unpatched_same_model,1.2332128999987617
94,3,135,70,19,133.86533456399275,-0.0451771379115059,-0.40067507836091304,-0.35549794044940713,1633924153,live_unpatched_same_model,1.2348783000488766
94,4,441,256,19,103.68385624866029,-0.0309425523201656,-0.119259162754032,-0.0883166104338664,1853418347,live_unpatched_same_model,1.2494111999985762
94,5,84,407,19,103.17152579354456,0.0701096946469617,-0.21857820467184533,-0.288687899318807,472381927,live_unpatched_same_model,1.241488899977412
94,6,180,181,19,110.38806055107938,-0.0706881178551478,-0.31213087563282793,-0.24144275777768015,2116126439,live_unpatched_same_model,1.2378360999864526
94,7,442,166,19,108.47418947067077,-0.0374219266130395,0.10119054067241462,0.13861246728545412,2535071686,live_unpatched_same_model,1.2517467999714427
94,8,353,336,19,109.08276948497313,0.2334113362848168,0.20318264959132828,-0.03022868669348852,776075825,live_unpatched_same_model,1.2507953000022098
94,9,121,471,19,136.23808812678564,0.1553593319424777,0.25982601086975693,0.10446667892727923,2898793383,live_unpatched_same_model,1.2373703999910504
94,10,145,125,19,85.2051251574838,-0.0414361952716543,-0.11047442132475226,-0.06903822605309795,1710581340,live_unpatched_same_model,1.2606406000559218
94,11,222,268,19,112.73324134162299,-0.0744144220976672,-0.3684964957914981,-0.29408207369383094,987732614,live_unpatched_same_model,1.2448271999601275
94,12,217,403,19,117.51799281220073,0.356841227425656,0.2074268446848036,-0.1494143827408524,2392604824,live_unpatched_same_model,1.2445732000051066
94,13,209,443,19,119.69797830784465,-0.0405956674567725,-0.2468132283115542,-0.2062175608547817,329365752,live_unpatched_same_model,1.238450400007423
94,14,322,267,19,140.07018286936724,0.20774430399201,-0.1452276586125895,-0.3529719626045995,4059515592,live_unpatched_same_model,1.2336051000165753
94,15,65,148,19,124.16221683795429,0.0040545803889276,-0.09588386920221253,-0.09993844959114014,2095306789,live_unpatched_same_model,1.245726499997545
95,1,368,13,19,100.27535664750594,0.3222584150282147,0.3264673525804162,0.00420893755220153,2585487161,live_unpatched_same_model,1.247543300036341
95,2,340,186,19,124.14250147738309,0.5517011289529234,0.43687886288005967,-0.11482226607286378,3199457884,live_unpatched_same_model,1.2331383000127971
95,3,135,70,19,133.86533456399275,-0.0451771379115059,-0.19586989682015438,-0.15069275890864847,2943620059,live_unpatched_same_model,1.2358356000040658
95,4,441,256,19,103.68385624866029,-0.0309425523201656,-0.10670452778503703,-0.07576197546487143,3219124025,live_unpatched_same_model,1.249850299966056
95,5,84,407,19,103.17152579354456,0.0701096946469617,0.05777878323634213,-0.01233091141061958,1396807526,live_unpatched_same_model,1.241493800014723
95,6,180,181,19,110.38806055107938,-0.0706881178551478,0.11148253662758209,0.1821706544827299,3582120672,live_unpatched_same_model,1.2355124999885447
95,7,442,166,19,108.47418947067077,-0.0374219266130395,-0.10033464576016458,-0.06291271914712508,3709449105,live_unpatched_same_model,1.247327300021425
95,8,353,336,19,109.08276948497313,0.2334113362848168,0.18049468921723724,-0.052916647067579564,1951049182,live_unpatched_same_model,1.2505358000053093
95,9,121,471,19,136.23808812678564,0.1553593319424777,0.22246916330002173,0.06710983135754403,192482471,live_unpatched_same_model,1.2382562999846414
95,10,145,125,19,85.2051251574838,-0.0414361952716543,0.09840717423530965,0.13984336950696394,4049186179,live_unpatched_same_model,1.2571501999627799
95,11,222,268,19,112.73324134162299,-0.0744144220976672,-0.3101359005083285,-0.23572147841066132,2941920723,live_unpatched_same_model,1.2421603999682702
95,12,217,403,19,117.51799281220073,0.356841227425656,0.2729590101655911,-0.0838822172600649,3578012822,live_unpatched_same_model,1.2418878000462428
95,13,209,443,19,119.69797830784465,-0.0405956674567725,-0.09767276479250989,-0.05707709733573739,293773597,live_unpatched_same_model,1.2410527999745682
95,14,322,267,19,140.07018286936724,0.20774430399201,0.3608240881190647,0.1530797841270547,3774463905,live_unpatched_same_model,1.2325838999822736
95,15,65,148,19,124.16221683795429,0.0040545803889276,0.09038352077447574,0.08632894038554814,2357067869,live_unpatched_same_model,1.2455722000449896
96,1,368,13,19,100.27535664750594,0.3222584150282147,0.4687905239024851,0.14653210887427043,4011351158,live_unpatched_same_model,1.248041499988176
96,2,340,186,19,124.14250147738309,0.5517011289529234,0.450982172771773,-0.10071895618115045,1803720952,live_unpatched_same_model,1.2338474999996834
96,3,135,70,19,133.86533456399275,-0.0451771379115059,0.08906081794184938,0.13423795585335527,2751036782,live_unpatched_same_model,1.238515000033658
96,4,441,256,19,103.68385624866029,-0.0309425523201656,-0.0034256779277420596,0.027516874392423542,1351306641,live_unpatched_same_model,1.249749900016468
96,5,84,407,19,103.17152579354456,0.0701096946469617,-0.06071219852745116,-0.13082189317441287,4286620277,live_unpatched_same_model,1.2416577999829315
96,6,180,181,19,110.38806055107938,-0.0706881178551478,-0.17834895280753746,-0.10766083495238966,540718431,live_unpatched_same_model,1.2364706000080332
96,7,442,166,19,108.47418947067077,-0.0374219266130395,-0.04257088145609365,-0.005148954843054145,1420444542,live_unpatched_same_model,1.2482106999959797
96,8,353,336,19,109.08276948497313,0.2334113362848168,0.5620207627906606,0.3286094265058438,2371083390,live_unpatched_same_model,1.249110099975951
96,9,121,471,19,136.23808812678564,0.1553593319424777,0.14918022366745107,-0.006179108275026629,236530601,live_unpatched_same_model,1.2343604000052437
96,10,145,125,19,85.2051251574838,-0.0414361952716543,-0.05827985221607711,-0.01684365694442281,3224395163,live_unpatched_same_model,1.258294900006149
96,11,222,268,19,112.73324134162299,-0.0744144220976672,0.020258038670069548,0.09467246076773675,3152967083,live_unpatched_same_model,1.2420004000305198
96,12,217,403,19,117.51799281220073,0.356841227425656,0.2929681922867009,-0.06387303513895509,485985719,live_unpatched_same_model,1.242454799998086
96,13,209,443,19,119.69797830784465,-0.0405956674567725,-0.1623521891864675,-0.12175652172969499,613650138,live_unpatched_same_model,1.2394748999504372
96,14,322,267,19,140.07018286936724,0.20774430399201,0.6828148058890917,0.4750705018970817,191112401,live_unpatched_same_model,1.2362605999805965
96,15,65,148,19,124.16221683795429,0.0040545803889276,-0.10408238174831647,-0.10813696213724407,2489116228,live_unpatched_same_model,1.2428229000070132
97,1,368,13,19,100.27535664750594,0.3222584150282147,0.47067090920646737,0.1484124941782527,729771478,live_unpatched_same_model,1.248806199990213
97,2,340,186,19,124.14250147738309,0.5517011289529234,0.7379297043778464,0.186228575424923,1971830498,live_unpatched_same_model,1.2340896999812685
97,3,135,70,19,133.86533456399275,-0.0451771379115059,0.24002792986432686,0.28520506777583277,754881140,live_unpatched_same_model,1.236977000022307
97,4,441,256,19,103.68385624866029,-0.0309425523201656,-0.0200926338526599,0.010849918467505701,2557436638,live_unpatched_same_model,1.2502220999449492
97,5,84,407,19,103.17152579354456,0.0701096946469617,0.2510018275191043,0.18089213287214262,1661009864,live_unpatched_same_model,1.2413413999602199
97,6,180,181,19,110.38806055107938,-0.0706881178551478,-0.013627345302467444,0.05706077255268035,3552302441,live_unpatched_same_model,1.235686399973929
97,7,442,166,19,108.47418947067077,-0.0374219266130395,-0.05190004964044356,-0.01447812302740406,1629830009,live_unpatched_same_model,1.2494593000155874
97,8,353,336,19,109.08276948497313,0.2334113362848168,0.127954615885859,-0.10545672039895782,2052349802,live_unpatched_same_model,1.2494576000026427
97,9,121,471,19,136.23808812678564,0.1553593319424777,0.08625620607608364,-0.06910312586639406,3992315100,live_unpatched_same_model,1.2868301999988034
97,10,145,125,19,85.2051251574838,-0.0414361952716543,0.11140235377532912,0.1528385490469834,374650534,live_unpatched_same_model,1.2618950000032783
97,11,222,268,19,112.73324134162299,-0.0744144220976672,-0.09550659151027763,-0.021092169412610426,3674128834,live_unpatched_same_model,1.305117599957157
97,12,217,403,19,117.51799281220073,0.356841227425656,0.32153996126313333,-0.03530126616252266,239871127,live_unpatched_same_model,1.2611756999976933
97,13,209,443,19,119.69797830784465,-0.0405956674567725,-0.14879803905003736,-0.10820237159326486,3467643470,live_unpatched_same_model,1.2467530999565497
97,14,322,267,19,140.07018286936724,0.20774430399201,0.18638540753826063,-0.02135889645374936,3543542440,live_unpatched_same_model,1.263374299975112
97,15,65,148,19,124.16221683795429,0.0040545803889276,-0.020871224016093388,-0.02492580440502099,3197792445,live_unpatched_same_model,1.280774500046391
98,1,368,13,19,100.27535664750594,0.3222584150282147,0.14977593571204834,-0.17248247931616634,2489832266,live_unpatched_same_model,1.2716783999931067
98,2,340,186,19,124.14250147738309,0.5517011289529234,0.45194884932161916,-0.09975227963130429,1022763984,live_unpatched_same_model,1.2524126999778673
98,3,135,70,19,133.86533456399275,-0.0451771379115059,0.010314589071720863,0.05549172698322676,2088521650,live_unpatched_same_model,1.2402719999663532
98,4,441,256,19,103.68385624866029,-0.0309425523201656,-0.002143812467984876,0.028798739852180726,1453502194,live_unpatched_same_model,1.2514253000263125
98,5,84,407,19,103.17152579354456,0.0701096946469617,-0.04143623369192968,-0.11154592833889139,2619040565,live_unpatched_same_model,1.2425179000128992
98,6,180,181,19,110.38806055107938,-0.0706881178551478,0.09135109060303973,0.16203920845818753,4190579248,live_unpatched_same_model,1.2441962999873795
98,7,442,166,19,108.47418947067077,-0.0374219266130395,0.01604077975487045,0.05346270636790995,967441373,live_unpatched_same_model,1.2492919000214897
98,8,353,336,19,109.08276948497313,0.2334113362848168,0.2994522342428941,0.06604089795807727,2877024817,live_unpatched_same_model,1.2752860999898985
98,9,121,471,19,136.23808812678564,0.1553593319424777,0.10773309032158636,-0.04762624162089134,3758369971,live_unpatched_same_model,1.238700499990955
98,10,145,125,19,85.2051251574838,-0.0414361952716543,0.14421960889280813,0.18565580416446242,593048839,live_unpatched_same_model,1.2576918000122532
98,11,222,268,19,112.73324134162299,-0.0744144220976672,0.12506637619803734,0.19948079829570453,968737801,live_unpatched_same_model,1.2429703999659978
98,12,217,403,19,117.51799281220073,0.356841227425656,0.19742651933716354,-0.15941470808849245,3511602320,live_unpatched_same_model,1.2401423000264913
98,13,209,443,19,119.69797830784465,-0.0405956674567725,-0.18081547021875316,-0.14021980276198065,2742665491,live_unpatched_same_model,1.2402834999957122
98,14,322,267,19,140.07018286936724,0.20774430399201,0.18078434782869315,-0.02695995616331684,3929149160,live_unpatched_same_model,1.2340812000329606
98,15,65,148,19,124.16221683795429,0.0040545803889276,-0.18473317565265032,-0.1887877560415779,1623677084,live_unpatched_same_model,1.2498880000202917
99,1,368,13,19,100.27535664750594,0.3222584150282147,0.33053877368262663,0.008280358654411957,1050574613,live_unpatched_same_model,1.2521589999669231
99,2,340,186,19,124.14250147738309,0.5517011289529234,0.4177253045547539,-0.13397582439816957,2925785140,live_unpatched_same_model,1.236770700023044
99,3,135,70,19,133.86533456399275,-0.0451771379115059,-0.3243274553874752,-0.2791503174759693,3356687367,live_unpatched_same_model,1.2348365999641828
99,4,441,256,19,103.68385624866029,-0.0309425523201656,0.0445143476241482,0.0754568999443138,2182027396,live_unpatched_same_model,1.2483952000038698
99,5,84,407,19,103.17152579354456,0.0701096946469617,0.1494891214159974,0.0793794267690357,1077236104,live_unpatched_same_model,1.2425035000196658
99,6,180,181,19,110.38806055107938,-0.0706881178551478,-0.033812338721807195,0.0368757791333406,3080269760,live_unpatched_same_model,1.2370370000135154
99,7,442,166,19,108.47418947067077,-0.0374219266130395,-0.0993245121216641,-0.0619025855086246,3676985968,live_unpatched_same_model,1.2465378000051714
99,8,353,336,19,109.08276948497313,0.2334113362848168,0.29989242549936457,0.06648108921454776,3710637818,live_unpatched_same_model,1.249102700036019
99,9,121,471,19,136.23808812678564,0.1553593319424777,-0.04500498635579436,-0.20036431829827206,4245980930,live_unpatched_same_model,1.2352966999751516
99,10,145,125,19,85.2051251574838,-0.0414361952716543,0.07750407571451835,0.11894027098617266,203371491,live_unpatched_same_model,1.25654819997726
99,11,222,268,19,112.73324134162299,-0.0744144220976672,0.12364724026980206,0.19806166236746925,549944754,live_unpatched_same_model,1.2418276999960653
99,12,217,403,19,117.51799281220073,0.356841227425656,0.2319514914599474,-0.1248897359657086,4129644334,live_unpatched_same_model,1.2403756999992765
99,13,209,443,19,119.69797830784465,-0.0405956674567725,-0.14884612037979075,-0.10825045292301826,595804325,live_unpatched_same_model,1.2407151000224985
99,14,322,267,19,140.07018286936724,0.20774430399201,0.5495392866056825,0.3417949826136725,314270273,live_unpatched_same_model,1.233459499955643
99,15,65,148,19,124.16221683795429,0.0040545803889276,-0.06333700827540856,-0.06739158866433616,3832891424,live_unpatched_same_model,1.2435724000097252
